Strumento;Classe;Regola;Modo;Orizzonte_gg;Trade_IS;Hit_IS_%;RetMedio_IS_%;t_vs_BH_IS;Trade_OOS;Hit_OOS_%;RetMedio_OOS_%;t_vs_BH_OOS;ProfitFactor_OOS;RendAnnuo_OOS_%_senza_leva;Robustezza;Robusta;MAE90_%;Conferme_classe
USD/JPY;Valute;ADX>20 + direzione DI;Long+Short;1;1253;49,96;0,046;2,61;1070;52,243;0,072;3,638;1,375;11,388;2,61;True;1,173;1
USD/JPY;Valute;ADX>20 + direzione DI;Solo long;1;613;51,876;0,063;2,121;566;55,477;0,072;2,132;1,433;6,057;2,121;True;1,136;1
GBP/USD;Valute;ADX>20 + direzione DI;Long+Short;1;1353;49,889;0,027;1,657;908;52,093;0,032;1,714;1,174;4,307;1,657;False;1,022;1
EUR/CHF;Valute;ADX>20 + direzione DI;Long+Short;1;1476;46,138;0,027;1,509;1040;51,442;0,013;1,168;1,11;1,974;1,168;False;0,689;1
EUR/USD;Valute;ADX>20 + direzione DI;Long+Short;1;1376;51,017;0,032;2,042;1039;48,123;0,013;0,86;1,076;1,943;0,86;False;1,027;1
EUR/CHF;Valute;ADX>20 + direzione DI;Solo long;1;751;41,811;0,014;1,367;457;50,328;0,005;0,841;1,043;0,347;0,841;False;0,633;1
GBP/USD;Valute;ADX>20 + direzione DI;Solo long;1;533;48,405;0,012;0,823;433;50,115;0,021;0,907;1,13;1,342;0,823;False;0,999;1
EUR/USD;Valute;ADX>20 + direzione DI;Solo long;1;641;50,078;0,013;0,982;555;45,586;0,012;0,524;1,072;1,008;0,524;False;1,007;1
Bitcoin;Cripto;Momentum 120g + filtro VIX;Long+Short;10;154;53,247;2,696;1,832;212;54,717;1,622;1,893;1,57;50,994;1,832;False;16,443;0
Bitcoin;Cripto;ADX>25 + direzione DI;Solo long;10;81;64,198;5,076;1,718;94;59,574;3,151;1,701;2,479;43,929;1,701;False;15,12;0
Bitcoin;Cripto;Momentum 120g + filtro VIX;Long+Short;5;297;53,872;1,25;1,686;414;52,657;0,801;1,828;1,381;49,175;1,686;False;12,442;0
Bitcoin;Cripto;Prezzo vs SMA50;Long+Short;5;347;53,602;0,947;1,671;491;49,695;0,576;1,62;1,262;41,939;1,62;False;11,581;0
USD/JPY;Valute;ADX>25 + direzione DI;Long+Short;1;776;47,938;0,037;1,593;712;49,719;0,049;2,028;1,234;5,191;1,593;False;1,254;0
Bitcoin;Cripto;Momentum 120g;Long+Short;10;174;55,172;2,289;1,587;245;54,694;1,321;1,795;1,426;47,993;1,587;False;16,758;0
Ethereum;Cripto;Breakout Donchian 55 + filtro VIX;Solo short;20;23;65,217;4,92;1,573;40;52,5;-0,145;1,595;0,977;-0,861;1,573;False;29,362;0
Bitcoin;Cripto;Momentum 120g + filtro VIX;Solo short;20;30;43,333;-0,436;1,775;50;50,0;-0,232;1,562;0,95;-1,72;1,562;False;22,683;0
Bitcoin;Cripto;SMA200 + Momentum20 concordi;Long+Short;20;77;59,74;5,025;1,557;102;52,941;3,706;2,153;2,081;56,051;1,557;False;19,625;0
USD/JPY;Valute;ADX>20 + direzione DI;Solo short;1;640;48,125;0,029;1,555;504;48,611;0,071;2,956;1,326;5,331;1,555;False;1,189;0
Bitcoin;Cripto;Momentum 60g + filtro VIX;Long+Short;20;78;57,692;5,72;2,026;110;52,727;2,562;1,532;1,661;41,798;1,532;False;22,082;0
Ethereum;Cripto;Reversione RSI2;Long+Short;20;26;65,385;9,373;1,886;102;60,784;2,623;1,466;1,374;39,672;1,466;False;33,294;0
Ethereum;Cripto;Prezzo vs SMA200 + filtro VIX;Long+Short;20;28;64,286;5,948;1,731;110;53,636;3,528;1,461;1,682;57,552;1,461;False;27,235;0
Bitcoin;Cripto;Momentum 5g;Long+Short;40;44;63,636;13,624;3,111;60;56,667;4,295;1,458;1,637;38,216;1,458;False;32,54;0
GBP/USD;Valute;ADX>20 + direzione DI;Solo short;1;820;50,854;0,036;1,443;475;53,895;0,042;1,454;1,206;2,966;1,443;False;1,048;0
USD/JPY;Valute;ADX>20 + direzione DI;Solo long;3;222;54,054;0,147;1,763;201;56,716;0,168;1,44;1,577;5,016;1,44;False;1,775;0
Ethereum;Cripto;Prezzo vs SMA200 + filtro VIX;Long+Short;10;54;55,556;2,463;1,42;212;54,717;1,949;1,5;1,467;61,284;1,42;False;20,999;0
Bitcoin;Cripto;ADX>25 + direzione DI;Long+Short;60;26;61,538;13,912;1,649;35;57,143;8,257;1,412;1,977;42,859;1,412;False;46,885;0
Bitcoin;Cripto;Momentum 120g + filtro VIX;Solo short;10;54;44,444;-0,444;1,446;88;47,727;-0,149;1,405;0,957;-1,945;1,405;False;14,651;0
Bitcoin;Cripto;Momentum 120g;Long+Short;20;87;57,471;5,319;1,615;122;52,459;2,301;1,388;1,53;41,627;1,388;False;24,146;0
Bitcoin;Cripto;Prezzo vs SMA200 + filtro VIX;Solo short;10;51;43,137;0,166;1,752;84;51,19;-0,16;1,35;0,953;-1,99;1,35;False;14,217;0
Ethereum;Cripto;ADX>20 + direzione DI;Long+Short;20;27;66,667;4,677;1,344;110;57,273;4,742;2,404;2,014;77,359;1,344;False;28,362;0
Ethereum;Cripto;Momentum 120g + filtro VIX;Solo short;5;68;52,941;1,537;1,343;161;48,447;-0,032;1,561;0,989;-0,762;1,343;False;11,927;0
Bitcoin;Cripto;Momentum 120g + filtro VIX;Long+Short;20;78;58,974;5,42;1,818;110;50,0;2,35;1,336;1,59;38,326;1,336;False;22,449;0
Ethereum;Cripto;Momentum 120g + filtro VIX;Long+Short;10;54;55,556;2,379;1,333;212;55,189;2,152;1,737;1,529;67,667;1,333;False;20,262;0
Ethereum;Cripto;Prezzo vs SMA200 + filtro VIX;Solo short;20;22;68,182;6,385;2,043;48;54,167;-0,674;1,331;0,906;-4,795;1,331;False;28,991;0
Bitcoin;Cripto;ADX>20 + direzione DI;Long+Short;10;145;57,241;1,921;1,328;206;52,427;1,424;2,013;1,484;43,49;1,328;False;17,28;0
USD/JPY;Valute;ADX>25 + direzione DI;Solo short;3;133;52,632;0,102;1,373;131;48,092;0,073;1,322;1,174;1,421;1,322;False;1,989;0
Bitcoin;Cripto;ADX>25 + direzione DI;Long+Short;10;121;54,545;2,11;1,321;158;53,797;1,347;1,539;1,431;31,566;1,321;False;16,466;0
Bitcoin;Cripto;Breakout Donchian 55 + filtro VIX;Solo short;20;25;44,0;1,295;2,287;45;57,778;-0,674;1,32;0,853;-4,496;1,32;False;22,021;0
Bitcoin;Cripto;Prezzo vs SMA200 + filtro VIX;Solo short;20;29;44,828;-0,858;1,449;48;52,083;-0,583;1,297;0,882;-4,149;1,297;False;23,917;0
Bitcoin;Cripto;Momentum 60g + filtro VIX;Solo short;5;104;44,231;-0,191;1,679;166;46,988;-0,122;1,297;0,945;-3,008;1,297;False;9,341;0
GBP/USD;Valute;ADX>20 + direzione DI;Solo short;3;292;55,137;0,097;1,375;171;53,801;0,115;1,287;1,337;2,907;1,287;False;1,46;0
Bitcoin;Cripto;Prezzo vs SMA50;Long+Short;3;578;52,249;0,49;1,273;820;51,951;0,353;1,651;1,203;42,873;1,273;False;8,608;0
Bitcoin;Cripto;Prezzo vs SMA200 + filtro VIX;Long+Short;10;154;55,844;3,184;2,359;212;51,887;1,233;1,272;1,405;38,757;1,272;False;15,803;0
Ethereum;Cripto;Momentum 60g + filtro VIX;Long+Short;3;166;51,807;0,98;1,787;669;51,868;0,556;1,271;1,256;55,182;1,271;False;9,962;0
S&P 500;Indici;Reversione RSI2;Long+Short;5;279;48,387;0,074;1,267;195;51,795;0,208;1,472;1,288;6,014;1,267;False;2,796;0
Euro Stoxx 50;Indici;Reversione RSI2;Long+Short;40;54;57,407;1,271;1,61;39;53,846;1,339;1,264;1,691;7,745;1,264;False;8,773;0
Bitcoin;Cripto;Prezzo vs SMA50;Solo short;10;85;50,588;-0,675;1,353;132;46,97;-0,416;1,263;0,883;-8,147;1,263;False;16,381;0
Bitcoin;Cripto;Momentum 20g;Solo short;3;263;45,627;-0,13;1,256;415;46,747;-0,097;1,337;0,947;-5,999;1,256;False;8,243;0
Ethereum;Cripto;Momentum 120g + filtro VIX;Solo short;3;112;51,786;0,813;1,238;249;48,996;-0,091;1,345;0,96;-3,343;1,238;False;8,378;0
Ethereum;Cripto;Prezzo vs SMA200 + filtro VIX;Solo short;10;40;60,0;3,379;1,817;83;45,783;-0,413;1,226;0,912;-5,088;1,226;False;20,958;0
Ethereum;Cripto;Prezzo vs SMA50;Long+Short;5;117;52,991;1,071;1,214;492;49,39;0,722;1,47;1,241;52,684;1,214;False;13,061;0
USD/JPY;Valute;ADX>20 + direzione DI;Solo long;5;147;56,463;0,216;1,539;128;64,844;0,249;1,203;1,669;4,735;1,203;False;2,114;0
Ethereum;Cripto;Momentum 20g;Long+Short;10;59;55,932;2,433;1,295;245;48,571;1,159;1,199;1,26;42,1;1,199;False;19,495;0
FTSE MIB;Indici;Reversione RSI2 nel trend SMA200;Solo long;1;108;55,556;0,164;1,785;90;56,667;0,127;1,195;1,46;1,689;1,195;False;1,461;0
Ethereum;Cripto;Momentum 60g + filtro VIX;Long+Short;10;54;64,815;4,54;2,56;212;56,132;1,738;1,194;1,407;54,656;1,194;False;19,788;0
Bitcoin;Cripto;ADX>25 + direzione DI;Long+Short;5;228;51,754;0,989;1,193;292;49,315;0,755;1,639;1,334;32,712;1,193;False;12,298;0
Bitcoin;Cripto;ADX>25 + direzione DI;Solo long;5;151;63,576;2,161;1,454;167;50,898;1,328;1,186;1,739;32,895;1,186;False;11,077;0
Bitcoin;Cripto;Momentum 120g;Solo short;40;20;40,0;-3,688;1,42;33;39,394;-2,011;1,184;0,783;-9,842;1,184;False;31,359;0
Bitcoin;Cripto;EMA 50/200 + filtro VIX;Long+Short;60;28;64,286;14,311;1,182;38;63,158;11,421;1,558;3,074;64,36;1,182;False;36,906;0
Gas naturale;Commodities;Reversione RSI2 nel trend SMA200;Long+Short;1;202;50,99;0,206;1,171;148;50,676;0,528;1,93;1,513;11,579;1,171;False;4,128;0
Ethereum;Cripto;Prezzo vs SMA200 + filtro VIX;Solo short;5;75;52,0;1,1;1,167;154;47,403;-0,047;1,369;0,985;-1,078;1,167;False;12,53;0
Bitcoin;Cripto;SMA200 + Momentum20 concordi;Long+Short;40;41;51,22;8,548;1,166;56;55,357;5,973;1,617;2,038;49,604;1,166;False;29,214;0
Bitcoin;Cripto;Breakout Donchian 20;Long+Short;10;174;56,322;1,624;1,165;245;54,286;1,478;1,662;1,489;53,717;1,165;False;16,169;0
Ethereum;Cripto;Momentum 60g + filtro VIX;Solo short;5;66;59,091;2,399;2,091;155;50,323;-0,226;1,165;0,932;-5,193;1,165;False;12,098;0
USD/JPY;Valute;ADX>25 + direzione DI;Solo short;1;369;45,528;0,029;1,165;362;46,133;0,039;1,654;1,167;2,094;1,165;False;1,237;0
GBP/USD;Valute;Reversione RSI2;Long+Short;5;291;49,485;0,081;1,159;205;55,122;0,16;1,667;1,406;4,857;1,159;False;1,779;0
Bitcoin;Cripto;Momentum 120g;Long+Short;5;347;54,467;1,181;1,782;491;50,102;0,445;1,159;1,197;32,38;1,159;False;11,151;0
Ethereum;Cripto;Momentum 60g + filtro VIX;Solo short;3;102;55,882;1,423;2,041;235;50,213;-0,124;1,156;0,948;-4,313;1,156;False;9,101;0
Bitcoin;Cripto;Breakout Donchian 20;Long+Short;20;87;54,023;3,772;1,162;122;54,098;2,365;1,153;1,55;42,789;1,153;False;24,34;0
Ethereum;Cripto;Momentum 120g + filtro VIX;Long+Short;20;28;57,143;4,194;1,15;110;53,636;3,177;1,271;1,594;51,819;1,15;False;26,22;0
S&P 500;Indici;Reversione RSI2;Long+Short;40;54;50,0;0,27;1,131;38;47,368;1,646;1,655;1,668;9,28;1,131;False;7,648;0
Bitcoin;Cripto;Prezzo vs SMA50;Solo short;20;46;50,0;-1,213;1,686;71;49,296;-1,03;1,121;0,817;-10,85;1,121;False;21,965;0
USD/JPY;Valute;ADX>25 + direzione DI;Long+Short;3;269;51,301;0,073;1,118;248;49,597;0,099;1,384;1,257;3,655;1,118;False;1,939;0
Ethereum;Cripto;Momentum 120g + filtro VIX;Long+Short;5;102;53,922;0,993;1,117;414;54,589;1,242;2,128;1,457;76,223;1,117;False;12,874;0
Ethereum;Cripto;Momentum 120g + filtro VIX;Long+Short;3;166;53,614;0,597;1,1;669;52,018;0,511;1,298;1,233;50,73;1,1;False;10,076;0
Ethereum;Cripto;EMA 10/30;Long+Short;5;117;56,41;1,007;1,144;492;49,39;0,569;1,099;1,185;41,527;1,099;False;13,758;0
USD/JPY;Valute;ADX>25 + direzione DI;Solo long;1;407;50,123;0,044;1,097;350;53,429;0,06;1,178;1,322;3,096;1,097;False;1,271;0
Bitcoin;Cripto;EMA 10/30;Solo long;10;112;60,714;3,895;1,259;152;57,895;2,38;1,095;1,923;53,649;1,095;False;15,15;0
Ethereum;Cripto;EMA 20/50;Solo short;20;23;65,217;4,301;1,091;62;48,387;-1,487;1,227;0,795;-13,674;1,091;False;32,286;0
USD/JPY;Valute;ADX>25 + direzione DI;Solo short;5;89;52,809;0,111;1,148;82;47,561;0,075;1,087;1,134;0,914;1,087;False;2,276;0
USD/JPY;Valute;ADX>25 + direzione DI;Solo short;10;52;55,769;0,186;1,084;47;63,83;0,323;1,974;1,577;2,251;1,084;False;2,705;0
EUR/USD;Valute;Reversione RSI2;Solo short;3;174;58,046;0,099;1,083;130;53,846;0,08;1,234;1,313;1,534;1,083;False;1,407;0
Gas naturale;Commodities;Reversione RSI2 nel trend SMA200;Solo short;5;65;58,462;0,802;1,078;33;36,364;1,01;1,29;1,52;4,942;1,078;False;9,378;0
Bitcoin;Cripto;Momentum 5g;Long+Short;5;347;48,703;0,749;1,33;491;49,287;0,367;1,075;1,16;26,757;1,075;False;11,275;0
EUR/CHF;Valute;ADX>25 + direzione DI;Solo long;5;124;45,161;0,03;1,08;69;50,725;0,035;1,072;1,172;0,357;1,072;False;1,094;0
Bitcoin;Cripto;Momentum 120g + filtro VIX;Solo short;5;98;43,878;-0,405;1,069;165;49,697;0,028;1,527;1,013;0,693;1,069;False;9,153;0
Bitcoin;Cripto;Momentum 120g + filtro VIX;Solo long;10;113;61,947;4,009;1,326;138;57,246;2,315;1,061;1,969;47,368;1,061;False;15,636;0
Bitcoin;Cripto;Breakout Donchian 55 + filtro VIX;Long+Short;60;28;67,857;14,686;1,059;38;50,0;5,803;1,096;1,696;32,702;1,059;False;38,693;0
Bitcoin;Cripto;Prezzo vs SMA50;Long+Short;10;174;56,897;2,168;1,88;245;52,245;0,84;1,043;1,251;30,513;1,043;False;16,627;0
Bitcoin;Cripto;Prezzo vs SMA200;Long+Short;60;29;68,966;12,663;1,088;40;55,0;6,463;1,042;1,809;38,339;1,042;False;35,032;0
Bitcoin;Cripto;EMA 20/50;Long+Short;60;29;68,966;18,872;1,958;40;55,0;6,463;1,042;1,809;38,339;1,042;False;32,937;0
Bitcoin;Cripto;Prezzo vs SMA200 + filtro VIX;Long+Short;5;297;54,209;1,493;2,269;414;50,966;0,557;1,038;1,25;34,186;1,038;False;12,442;0
Gas naturale;Commodities;Reversione RSI2;Long+Short;40;53;54,717;2,801;1,491;38;52,632;3,877;1,036;1,467;21,847;1,036;False;32,144;0
Bitcoin;Cripto;SMA200 + Momentum20 concordi;Long+Short;60;28;60,714;19,195;1,214;38;47,368;5,752;1,032;1,704;32,411;1,032;False;41,074;0
Bitcoin;Cripto;ADX>25 + direzione DI;Long+Short;20;67;55,224;4,838;1,479;87;55,172;1,806;1,026;1,421;23,296;1,026;False;23,907;0
Gas naturale;Commodities;ADX>20 + direzione DI;Long+Short;60;32;56,25;2,808;1,024;26;61,538;8,319;1,031;2,037;32,077;1,024;False;33,583;0
Bitcoin;Cripto;EMA 10/30;Solo short;5;150;42,0;-0,379;1,024;239;44,77;-0,3;1,024;0,879;-10,636;1,024;False;10,501;0
Ethereum;Cripto;Momentum 60g + filtro VIX;Solo short;10;35;65,714;5,349;2,52;85;56,471;-0,695;1,022;0,858;-8,756;1,022;False;19,347;0
Bitcoin;Cripto;Prezzo vs SMA200 + filtro VIX;Solo short;5;94;45,745;-0,091;1,558;157;48,408;-0,152;1,018;0,94;-3,539;1,018;False;9,557;0
Bitcoin;Cripto;Momentum 120g;Long+Short;40;44;63,636;12,149;1,917;60;50,0;3,912;1,017;1,563;34,81;1,017;False;29,303;0
Bitcoin;Cripto;Momentum 60g + filtro VIX;Solo short;20;32;40,625;-0,123;2,17;56;53,571;-1,215;1,017;0,773;-10,092;1,017;False;21,886;0
Ethereum;Cripto;EMA 20/50;Long+Short;3;195;52,308;0,613;1,142;820;50,976;0,34;1,017;1,142;41,286;1,017;False;10,162;0
Bitcoin;Cripto;Prezzo vs SMA100;Long+Short;20;87;56,322;5,232;1,948;122;51,639;1,828;1,014;1,399;33,068;1,014;False;24,051;0
Bitcoin;Cripto;SMA200 + Momentum20 concordi;Solo long;20;50;68,0;9,63;1,596;66;59,091;4,906;1,014;2,552;48,015;1,014;False;18,838;0
Bitcoin;Cripto;EMA 10/30;Long+Short;10;174;55,747;2,266;1,928;245;50,204;0,736;1,013;1,216;26,727;1,013;False;16,309;0
Ethereum;Cripto;Momentum 120g;Solo short;10;41;60,976;2,032;1,058;117;47,009;-1,017;1,009;0,796;-17,652;1,009;False;18,545;0
Ethereum;Cripto;EMA 10/30;Solo short;10;41;58,537;2,127;1,082;129;43,411;-0,969;1,002;0,82;-18,535;1,002;False;21,08;0
Bitcoin;Cripto;EMA 50/200;Long+Short;40;44;54,545;7,35;1,0;60;53,333;5,787;1,399;1,964;51,492;1,0;False;31,754;0
EUR/USD;Valute;ADX>25 + direzione DI;Long+Short;60;28;53,571;0,749;0,981;23;56,522;0,794;1,25;2,012;2,709;0,981;False;5,258;0
Nasdaq 100;Indici;Reversione RSI2;Long+Short;40;54;51,852;0,43;1,387;38;52,632;1,253;0,979;1,366;7,064;0,979;False;11,438;0
Bitcoin;Cripto;Prezzo vs SMA50;Solo long;5;224;56,696;1,673;0,966;296;51,351;1,248;1,318;1,691;54,781;0,966;False;10,246;0
Ethereum;Cripto;ADX>20 + direzione DI;Long+Short;5;105;54,286;0,979;0,964;411;52,311;0,5;1,037;1,164;30,453;0,964;False;13,052;0
Euro Stoxx 50;Indici;Reversione RSI2;Solo short;20;80;46,25;0,149;0,987;56;46,429;-0,158;0,962;0,915;-1,313;0,962;False;5,947;0
Bitcoin;Cripto;Momentum 120g;Solo short;10;64;48,438;-0,318;1,621;119;42,017;-0,606;0,962;0,846;-10,692;0,962;False;16,228;0
Ethereum;Cripto;Prezzo vs SMA50;Long+Short;10;59;55,932;1,763;0,961;245;47,755;1,081;1,068;1,24;39,263;0,961;False;19,292;0
Ethereum;Cripto;Breakout Donchian 55 + filtro VIX;Long+Short;20;28;64,286;6,487;1,89;110;50,909;3,302;0,961;1,624;53,868;0,961;False;27,235;0
Bitcoin;Cripto;Breakout Donchian 20;Long+Short;5;347;53,89;0,677;0,955;491;48,88;0,49;0,977;1,219;35,695;0,955;False;11,646;0
Bitcoin;Cripto;Momentum 5g;Long+Short;60;29;65,517;11,245;1,366;40;50,0;5,084;0,951;1,585;30,156;0,951;False;34,691;0
Bitcoin;Cripto;Prezzo vs SMA100;Long+Short;5;347;54,179;1,119;2,03;491;49,898;0,404;0,95;1,177;29,396;0,95;False;11,566;0
GBP/USD;Valute;Reversione RSI2;Long+Short;20;103;55,34;0,214;0,947;77;54,545;0,385;1,544;1,618;4,399;0,947;False;3,234;0
EUR/USD;Valute;Reversione RSI2;Solo short;1;296;53,716;0,044;1,283;227;54,626;0,03;0,946;1,17;1,004;0,946;False;0,961;0
Ethereum;Cripto;Momentum 120g + filtro VIX;Solo short;10;37;56,757;3,956;2,188;89;47,191;-0,926;0,944;0,808;-12,225;0,944;False;18,007;0
USD/JPY;Valute;Breakout Donchian 55 + filtro VIX;Long+Short;10;216;50,0;0,171;1,234;152;58,553;0,201;0,936;1,348;4,537;0,936;False;2,802;0
Ethereum;Cripto;EMA 10/30;Solo short;5;78;60,256;1,41;1,417;240;45,0;-0,523;0,935;0,847;-18,623;0,935;False;13,345;0
Bitcoin;Cripto;Prezzo vs SMA50;Solo short;3;244;49,18;-0,275;0,932;389;46,015;-0,109;1,222;0,943;-6,26;0,932;False;8,091;0
Bitcoin;Cripto;SMA200 + Momentum20 concordi;Long+Short;10;143;58,741;2,656;1,939;195;50,769;0,92;0,932;1,272;26,618;0,932;False;15,182;0
Ethereum;Cripto;Momentum 60g;Solo short;20;22;72,727;6,314;1,938;65;49,231;-2,076;0,93;0,745;-20,016;0,93;False;34,287;0
Bitcoin;Cripto;Prezzo vs SMA50;Solo short;5;155;48,387;-0,476;0,926;246;45,935;-0,119;1,478;0,949;-4,329;0,926;False;10,897;0
Ethereum;Cripto;Prezzo vs SMA50;Solo short;5;82;54,878;0,916;0,924;247;49,798;-0,38;1,244;0,882;-13,928;0,924;False;12,431;0
DAX;Indici;Reversione RSI2;Long+Short;10;173;47,399;0,285;1,341;123;53,659;0,261;0,921;1,205;4,763;0,921;False;5,028;0
GBP/USD;Valute;ADX>20 + direzione DI;Solo short;5;187;54,011;0,123;0,988;111;54,955;0,125;0,919;1,266;2,065;0,919;False;1,767;0
Bitcoin;Cripto;Momentum 5g;Long+Short;20;87;54,023;4,178;1,558;122;55,738;1,736;0,914;1,376;31,414;0,914;False;25,857;0
Ethereum;Cripto;Momentum 120g;Solo short;5;82;52,439;0,921;0,909;223;45,291;-0,497;0,939;0,852;-16,451;0,909;False;12,573;0
Bitcoin;Cripto;ADX>20 + direzione DI;Long+Short;60;28;60,714;23,083;1,919;37;48,649;6,211;0,909;1,694;34,079;0,909;False;32,495;0
Ethereum;Cripto;Prezzo vs SMA200 + filtro VIX;Solo short;3;120;51,667;0,537;0,907;239;49,372;-0,101;1,226;0,957;-3,586;0,907;False;8,985;0
Oro;Commodities;Fine/inizio mese;Long+Short;3;111;54,054;0,163;0,907;80;60,0;0,462;1,347;1,85;5,482;0,907;False;2,731;0
Oro;Commodities;Fine/inizio mese;Solo long;3;111;54,054;0,163;0,907;80;60,0;0,462;1,347;1,85;5,482;0,907;False;2,731;0
Bitcoin;Cripto;SMA200 + Momentum20 concordi;Solo long;40;28;57,143;17,234;0,905;37;59,459;9,936;1,018;3,379;54,52;0,905;False;28,094;0
Bitcoin;Cripto;Prezzo vs SMA200 + filtro VIX;Solo long;40;29;75,862;18,661;1,221;39;56,41;9,214;0,902;3,34;53,287;0,902;False;25,423;0
USD/JPY;Valute;ADX>20 + direzione DI;Solo short;3;234;51,282;0,039;0,891;182;51,648;0,135;2,319;1,356;3,652;0,891;False;1,816;0
Ethereum;Cripto;Breakout Donchian 55 + filtro VIX;Long+Short;10;54;59,259;3,284;1,898;212;53,774;1,648;0,89;1,381;51,823;0,89;False;21,4;0
Bitcoin;Cripto;Momentum 60g;Solo short;10;74;51,351;0,133;2,224;124;46,774;-0,732;0,883;0,803;-13,462;0,883;False;15,659;0
Ethereum;Cripto;Momentum 60g;Solo short;10;42;59,524;3,051;1,578;119;53,782;-1,082;0,882;0,793;-19,097;0,882;False;21,643;0
Bitcoin;Cripto;Breakout Donchian 55 + filtro VIX;Solo short;10;46;47,826;0,397;1,918;82;47,561;-0,592;0,882;0,841;-7,203;0,882;False;15,736;0
Oro;Commodities;ADX>20 + direzione DI;Long+Short;60;34;64,706;1,165;0,921;24;62,5;2,302;0,881;2,256;8,192;0,881;False;10,805;0
Bitcoin;Cripto;Prezzo vs SMA200 + filtro VIX;Solo long;10;107;61,682;4,284;1,576;141;55,319;2,178;0,879;1,869;45,549;0,879;False;14,592;0
Bitcoin;Cripto;Breakout Donchian 55 + filtro VIX;Solo short;5;87;43,678;-0,157;1,479;150;48,0;-0,254;0,878;0,898;-5,649;0,878;False;10,306;0
Argento;Commodities;Momentum 5g;Long+Short;40;58;51,724;1,324;0,878;42;50,0;4,515;1,219;2,095;28,124;0,878;False;18,025;0
Ethereum;Cripto;Fine/inizio mese;Long+Short;3;20;60,0;1,915;1,335;80;62,5;1,223;0,877;1,735;14,513;0,877;False;9,585;0
Ethereum;Cripto;Fine/inizio mese;Solo long;3;20;60,0;1,915;1,335;80;62,5;1,223;0,877;1,735;14,513;0,877;False;9,585;0
Ethereum;Cripto;EMA 20/50;Long+Short;5;117;52,991;0,897;1,045;492;51,22;0,509;0,877;1,164;37,124;0,877;False;14,279;0
Bitcoin;Cripto;Prezzo vs SMA200 + filtro VIX;Long+Short;20;78;57,692;5,251;1,674;110;48,182;1,715;0,876;1,398;27,977;0,876;False;23,761;0
Ethereum;Cripto;Momentum 60g;Solo short;3;130;54,615;1,03;1,526;356;48,034;-0,301;0,875;0,886;-15,912;0,875;False;10,612;0
Ethereum;Cripto;Momentum 60g + filtro VIX;Long+Short;20;28;64,286;3,137;0,873;110;53,636;4,008;1,551;1,812;65,375;0,873;False;27,235;0
Bitcoin;Cripto;SMA200 + Momentum20 concordi;Solo long;5;176;62,5;2,102;1,436;215;53,023;1,139;0,869;1,602;36,314;0,869;False;11,425;0
EUR/CHF;Valute;ADX>25 + direzione DI;Solo long;1;560;41,429;0,004;0,925;291;49,485;0,008;0,867;1,07;0,351;0,867;False;0,68;0
Ethereum;Cripto;EMA 10/30;Long+Short;3;195;53,333;0,601;1,108;820;50,488;0,271;0,864;1,112;32,944;0,864;False;10,365;0
Bitcoin;Cripto;EMA 10/30;Solo long;20;61;62,295;7,656;0,968;80;58,75;4,441;0,859;2,246;52,686;0,859;False;20,326;0
USD/JPY;Valute;ADX>25 + direzione DI;Solo long;3;145;53,103;0,119;1,114;128;53,906;0,15;0,859;1,433;2,839;0,859;False;1,878;0
Ethereum;Cripto;Momentum 60g + filtro VIX;Long+Short;5;102;56,863;1,85;2,057;414;53,14;0,755;0,857;1,255;46,374;0,857;False;13,107;0
Bitcoin;Cripto;Prezzo vs SMA200;Solo long;40;31;70,968;16,99;0,988;40;55,0;9,06;0,856;3,255;53,744;0,856;False;27,319;0
Ethereum;Cripto;Breakout Donchian 20;Long+Short;10;59;57,627;1,514;0,853;245;50,612;1,752;1,635;1,421;63,67;0,853;False;19,074;0
S&P 500;Indici;Momentum 10g;Long+Short;10;232;60,345;0,267;0,852;168;63,095;0,52;1,434;1,553;12,951;0,852;False;4,57;0
USD/JPY;Valute;ADX>20 + direzione DI;Solo long;10;86;60,465;0,317;1,067;74;67,568;0,417;0,85;1,755;4,579;0,85;False;3,229;0
Ethereum;Cripto;Prezzo vs SMA200;Solo short;10;45;57,778;1,956;1,03;111;46,847;-1,115;0,843;0,784;-18,346;0,843;False;21,26;0
Bitcoin;Cripto;Prezzo vs SMA200 + filtro VIX;Long+Short;60;28;64,286;14,311;1,182;38;47,368;5,11;0,843;1,588;28,794;0,843;False;39,493;0
Bitcoin;Cripto;SMA200 + Momentum20 concordi;Solo long;10;94;65,957;4,276;1,512;118;57,627;2,246;0,842;1,842;39,305;0,842;False;14,77;0
Bitcoin;Cripto;Breakout Donchian 55 + filtro VIX;Long+Short;20;78;61,538;6,02;1,863;110;49,091;1,938;0,841;1,462;31,615;0,841;False;22,204;0
FTSE MIB;Indici;Reversione RSI2;Long+Short;60;37;51,351;1,672;0,941;26;30,769;-0,521;0,837;0,858;-2,009;0,837;False;15,487;0
S&P 500;Indici;Reversione RSI2 nel trend SMA200;Long+Short;5;96;59,375;0,297;0,835;78;58,974;0,448;1,337;1,754;5,189;0,835;False;2,975;0
Ethereum;Cripto;ADX>20 + direzione DI;Long+Short;3;171;49,708;0,487;0,834;679;49,632;0,387;1,328;1,163;38,983;0,834;False;10,65;0
S&P 500;Indici;Reversione RSI2;Long+Short;20;98;48,98;0,377;1,698;73;46,575;0,252;0,831;1,132;2,734;0,831;False;5,343;0
Bitcoin;Cripto;Prezzo vs SMA100;Long+Short;10;174;56,897;2,472;2,178;245;51,837;0,784;0,826;1,232;28,488;0,826;False;16,468;0
EUR/USD;Valute;Fine/inizio mese;Long+Short;1;111;58,559;0,048;1,136;81;48,148;0,044;0,825;1,278;0,527;0,825;False;0,992;0
EUR/USD;Valute;Fine/inizio mese;Solo long;1;111;58,559;0,048;1,136;81;48,148;0,044;0,825;1,278;0,527;0,825;False;0,992;0
Oro;Commodities;Fine/inizio mese;Long+Short;5;111;54,955;0,229;0,824;80;60,0;0,731;1,552;2,064;8,678;0,824;False;3,116;0
Oro;Commodities;Fine/inizio mese;Solo long;5;111;54,955;0,229;0,824;80;60,0;0,731;1,552;2,064;8,678;0,824;False;3,116;0
Ethereum;Cripto;Momentum 60g;Solo short;5;81;60,494;1,868;1,833;223;48,43;-0,557;0,82;0,839;-18,421;0,82;False;14,49;0
EUR/CHF;Valute;ADX>20 + direzione DI;Solo short;1;725;50,621;0,04;0,95;583;52,316;0,019;0,818;1,165;1,626;0,818;False;0,746;0
Euro Stoxx 50;Indici;Reversione RSI2;Long+Short;20;96;58,333;0,758;1,814;70;50,0;0,49;0,818;1,283;5,085;0,818;False;6,788;0
Ethereum;Cripto;Breakout Donchian 55 + filtro VIX;Long+Short;5;102;52,941;1,014;1,177;414;51,449;0,797;0,816;1,271;48,951;0,816;False;13,271;0
Bitcoin;Cripto;EMA 10/30;Solo short;20;44;43,182;-1,534;1,447;70;45,714;-1,569;0,816;0,743;-16,29;0,816;False;23,16;0
Ethereum;Cripto;EMA 10/30;Solo short;20;22;77,273;3,09;0,81;71;52,113;-2,082;0,91;0,76;-21,922;0,81;False;33,626;0
DAX;Indici;Reversione RSI2;Long+Short;40;54;51,852;0,569;0,809;39;53,846;1,222;1,299;1,618;7,07;0,809;False;11,368;0
Oro;Commodities;Momentum 120g + filtro VIX;Solo short;20;58;53,448;0,247;0,977;24;45,833;-0,538;0,808;0,753;-1,914;0,808;False;6,596;0
Bitcoin;Cripto;Prezzo vs SMA200;Long+Short;40;44;56,818;11,396;2,093;60;50,0;3,738;0,807;1,531;33,259;0,807;False;30,558;0
Ethereum;Cripto;Prezzo vs SMA200 + filtro VIX;Long+Short;5;102;51,961;0,686;0,806;414;53,382;1,134;1,856;1,409;69,603;0,806;False;13,107;0
Bitcoin;Cripto;SMA200 + Momentum20 concordi;Long+Short;5;265;55,849;1,357;1,889;358;47,765;0,447;0,804;1,191;23,732;0,804;False;11,388;0
Bitcoin;Cripto;EMA 10/30;Solo short;3;240;47,083;-0,292;0,924;384;44,01;-0,22;0,803;0,888;-12,517;0,803;False;8,23;0
Bitcoin;Cripto;Prezzo vs SMA200 + filtro VIX;Solo long;20;54;68,519;8,859;1,495;74;54,054;4,245;0,803;2,525;46,585;0,803;False;18,992;0
Bitcoin;Cripto;SMA200 + Momentum20 concordi;Solo short;3;142;44,366;-0,244;0,803;232;46,121;-0,149;0,804;0,925;-5,122;0,803;False;8,113;0
Bitcoin;Cripto;Momentum 60g + filtro VIX;Long+Short;60;28;60,714;10,501;0,8;38;55,263;8,225;1,404;2,156;46,347;0,8;False;39,458;0
EUR/CHF;Valute;ADX>25 + direzione DI;Solo long;3;198;42,929;0,01;0,798;104;57,692;0,046;1,41;1,272;0,705;0,798;False;0,974;0
Gas naturale;Commodities;Reversione RSI2 nel trend SMA200;Solo short;1;113;54,867;0,279;0,798;67;53,731;0,993;2,186;2,181;9,87;0,798;False;3,963;0
Ethereum;Cripto;Prezzo vs SMA20;Solo short;5;79;49,367;1,381;1,493;279;47,312;-0,621;0,791;0,814;-25,708;0,791;False;12,474;0
Bitcoin;Cripto;Momentum 120g + filtro VIX;Solo long;5;214;57,477;2,112;1,671;264;53,409;1,072;0,788;1,553;41,957;0,788;False;12,461;0
Bitcoin;Cripto;Momentum 120g + filtro VIX;Long+Short;3;487;55,647;0,7;1,499;669;49,925;0,261;0,787;1,161;25,87;0,787;False;8,242;0
Ethereum;Cripto;Momentum 120g;Solo short;3;135;49,63;0,534;0,862;365;46,301;-0,346;0,787;0,867;-18,747;0,787;False;10,603;0
Ethereum;Cripto;Momentum 120g;Long+Short;3;195;52,308;0,419;0,787;820;51,707;0,323;0,944;1,135;39,247;0,787;False;10,361;0
Bitcoin;Cripto;SMA200 + Momentum20 concordi;Long+Short;3;422;53,081;0,698;1,444;570;48,421;0,262;0,787;1,146;22,167;0,787;False;9,167;0
Ethereum;Cripto;EMA 20/50;Solo short;10;44;59,091;2,415;1,2;117;47,009;-1,214;0,781;0,775;-21,065;0,781;False;20,995;0
Oro;Commodities;Momentum 120g + filtro VIX;Solo short;10;103;52,427;0,118;0,81;45;48,889;-0,211;0,78;0,856;-1,409;0,78;False;4,657;0
Bitcoin;Cripto;Prezzo vs SMA100;Long+Short;40;44;50,0;9,404;1,481;60;46,667;3,248;0,78;1,446;28,902;0,78;False;30,558;0
Bitcoin;Cripto;EMA 10/30;Long+Short;5;347;54,467;0,854;1,464;491;48,269;0,307;0,776;1,132;22,369;0,776;False;11,785;0
Bitcoin;Cripto;Breakout Donchian 20;Solo long;10;113;61,062;3,26;0,773;165;52,727;2,242;1,006;1,921;54,862;0,773;False;14,754;0
Bitcoin;Cripto;Breakout Donchian 55;Solo short;10;60;50,0;0,214;1,838;109;47,706;-0,782;0,771;0,801;-12,636;0,771;False;13,937;0
Ethereum;Cripto;Prezzo vs SMA50;Solo short;10;42;57,143;1,465;0,771;130;50,769;-0,316;1,7;0,932;-6,087;0,771;False;20,303;0
USD/JPY;Valute;ADX>25 + direzione DI;Solo short;20;35;54,286;0,166;0,77;30;50,0;0,406;1,512;1,446;1,806;0,77;False;4,466;0
Bitcoin;Cripto;Momentum 120g + filtro VIX;Long+Short;60;28;71,429;19,53;2,017;38;44,737;4,253;0,769;1,466;23,967;0,769;False;38,693;0
Ethereum;Cripto;Prezzo vs SMA50;Solo short;3;133;52,632;0,482;0,768;391;47,059;-0,17;1,331;0,933;-9,839;0,768;False;10,756;0
Ethereum;Cripto;Prezzo vs SMA200;Solo short;5;89;53,933;0,886;0,948;218;46,33;-0,576;0,767;0,839;-18,606;0,767;False;14,152;0
USD/JPY;Valute;ADX>25 + direzione DI;Long+Short;5;169;52,071;0,152;1,544;153;52,941;0,095;0,766;1,188;2,164;0,766;False;2,387;0
Ethereum;Cripto;Prezzo vs SMA20;Solo short;3;123;51,22;0,604;0,938;436;45,872;-0,364;0,765;0,861;-23,516;0,765;False;10,316;0
Argento;Commodities;Momentum 60g + filtro VIX;Solo short;40;40;55,0;0,791;1,063;25;24,0;-2,396;0,755;0,561;-8,883;0,755;False;19,635;0
Bitcoin;Cripto;Momentum 120g;Solo short;5;121;46,281;-0,382;1,185;231;46,753;-0,398;0,755;0,847;-13,65;0,755;False;9,806;0
Bitcoin;Cripto;Momentum 60g;Long+Short;40;44;54,545;13,425;2,503;60;46,667;2,732;0,743;1,362;24,305;0,743;False;31,128;0
USD/JPY;Valute;Reversione RSI2 nel trend SMA200;Solo short;5;55;56,364;0,099;0,742;35;60,0;0,151;1,166;1,314;0,783;0,742;False;2,085;0
Bitcoin;Cripto;Momentum 120g;Solo short;20;35;48,571;-0,444;2,007;63;41,27;-1,566;0,74;0,751;-14,634;0,74;False;24,138;0
USD/JPY;Valute;ADX>25 + direzione DI;Solo long;5;94;52,128;0,214;1,268;83;59,036;0,222;0,738;1,535;2,738;0,738;False;2,198;0
Nasdaq 100;Indici;Reversione RSI2;Long+Short;60;36;58,333;2,819;2,919;26;46,154;-0,662;0,736;0,854;-2,554;0,736;False;11,279;0
Bitcoin;Cripto;Prezzo vs SMA200 + filtro VIX;Solo short;3;154;49,351;-0,19;1,113;245;48,163;-0,204;0,734;0,892;-7,419;0,734;False;7,353;0
Bitcoin;Cripto;Prezzo vs SMA200;Solo long;20;58;65,517;8,462;1,28;80;53,75;4,111;0,733;2,471;48,776;0,733;False;22,104;0
Bitcoin;Cripto;EMA 10/30;Long+Short;3;578;52,595;0,523;1,446;820;49,634;0,178;0,732;1,097;21,648;0,732;False;8,706;0
USD/JPY;Valute;ADX>20 + direzione DI;Solo long;20;52;55,769;0,514;0,792;45;68,889;0,748;0,732;1,939;4,99;0,732;False;3,898;0
S&P 500;Indici;Reversione RSI2;Long+Short;3;356;45,225;0,027;0,731;252;50,794;0,092;0,957;1,153;3,437;0,731;False;2,18;0
Bitcoin;Cripto;ADX>25 + direzione DI;Long+Short;40;36;55,556;6,84;0,945;48;50,0;2,877;0,73;1,381;20,478;0,73;False;32,055;0
Bitcoin;Cripto;Momentum 60g + filtro VIX;Solo short;10;58;46,552;0,136;2,207;94;48,936;-0,761;0,73;0,799;-10,603;0,73;False;15,853;0
Ethereum;Cripto;EMA 50/200 + filtro VIX;Solo short;20;23;60,87;2,484;0,727;47;51,064;-1,298;1,232;0,81;-9,044;0,727;False;29,579;0
EUR/CHF;Valute;ADX>20 + direzione DI;Solo short;20;58;58,621;0,444;0,724;46;56,522;0,299;0,97;2,045;2,041;0,724;False;1,897;0
Bitcoin;Cripto;Breakout Donchian 55;Solo short;20;31;54,839;0,66;2,449;56;50,0;-1,615;0,723;0,742;-13,409;0,723;False;24,298;0
Euro Stoxx 50;Indici;Reversione RSI2;Long+Short;60;37;51,351;0,913;0,723;25;60,0;1,495;0,918;1,546;5,544;0,723;False;12,144;0
Ethereum;Cripto;Prezzo vs SMA100;Long+Short;5;117;54,701;1,515;1,737;492;51,016;0,489;0,721;1,158;35,705;0,721;False;14,085;0
Ethereum;Cripto;ADX>20 + direzione DI;Solo short;3;119;47,899;0,441;0,718;351;47,293;-0,038;1,58;0,985;-1,987;0,718;False;10,556;0
Ethereum;Cripto;EMA 10/30;Long+Short;20;30;70,0;2,768;0,718;122;54,098;2,616;1,301;1,402;47,33;0,718;False;32,139;0
Bitcoin;Cripto;Momentum 20g;Solo short;5;170;46,471;-0,168;1,473;269;45,353;-0,438;0,718;0,834;-17,464;0,718;False;11,007;0
Ethereum;Cripto;Prezzo vs SMA50;Solo short;20;22;77,273;3,405;0,84;72;55,556;-2,536;0,712;0,709;-27,078;0,712;False;32,111;0
Bitcoin;Cripto;Prezzo vs SMA50;Solo long;10;118;61,017;3,198;0,71;158;51,899;2,322;1,09;1,903;54,41;0,71;False;15,586;0
USD/JPY;Valute;Momentum 60g;Solo short;20;79;51,899;-0,004;0,709;41;43,902;0,018;1,184;1,02;0,107;0,709;False;4,244;0
Ethereum;Cripto;Prezzo vs SMA200;Solo short;3;149;51,007;0,487;0,829;360;46,389;-0,365;0,708;0,862;-19,503;0,708;False;10,334;0
Bitcoin;Cripto;EMA 10/30;Long+Short;20;87;54,023;4,966;1,715;122;47,541;1,148;0,705;1,233;20,773;0,705;False;25,025;0
Bitcoin;Cripto;Momentum 60g;Solo short;5;142;45,775;-0,041;1,802;232;43,534;-0,431;0,705;0,835;-14,814;0,705;False;10,362;0
Ethereum;Cripto;Momentum 120g;Long+Short;5;117;55,556;0,598;0,705;492;51,016;0,551;0,956;1,179;40,192;0,705;False;14,342;0
Bitcoin;Cripto;Momentum 120g + filtro VIX;Solo long;20;59;66,102;7,226;0,856;73;53,425;4,164;0,701;2,336;45,081;0,701;False;22,933;0
USD/JPY;Valute;Breakout Donchian 55;Long+Short;10;241;52,282;0,115;0,882;174;54,598;0,161;0,699;1,27;4,144;0,699;False;2,906;0
EUR/USD;Valute;ADX>20 + direzione DI;Solo short;1;735;51,837;0,049;1,844;484;51,033;0,013;0,698;1,08;0,935;0,698;False;1,03;0
Ethereum;Cripto;Prezzo vs SMA200;Long+Short;5;117;52,991;0,57;0,698;492;51,423;0,465;0,763;1,149;33,901;0,698;False;14,687;0
DAX;Indici;ADX>20 + direzione DI;Solo long;5;143;57,343;0,276;0,793;106;57,547;0,344;0,695;1,558;5,413;0,695;False;2,982;0
Bitcoin;Cripto;ADX>20 + direzione DI;Solo short;10;71;45,07;-1,25;0,694;118;54,237;0,478;2,284;1,152;8,368;0,694;False;17,933;0
Oro;Commodities;ADX>25 + direzione DI;Long+Short;40;37;51,351;0,679;0,694;29;51,724;1,796;1,594;2,259;7,723;0,694;False;9,337;0
Bitcoin;Cripto;Prezzo vs SMA200 + filtro VIX;Long+Short;40;40;70,0;12,008;1,843;58;46,552;3,212;0,693;1,42;27,631;0,693;False;32,435;0
Bitcoin;Cripto;EMA 10/30;Solo long;5;216;57,407;1,849;1,188;282;55,319;1,02;0,692;1,497;42,656;0,692;False;11,17;0
Ethereum;Cripto;Breakout Donchian 20;Solo short;3;138;50,0;0,392;0,689;355;47,606;-0,266;0,951;0,901;-14,007;0,689;False;10,977;0
Bitcoin;Cripto;Breakout Donchian 55 + filtro VIX;Solo long;20;59;62,712;7,828;1,01;71;56,338;4,231;0,689;2,316;44,543;0,689;False;21,31;0
Bitcoin;Cripto;Breakout Donchian 55 + filtro VIX;Long+Short;10;154;58,442;3,151;2,172;212;52,358;0,873;0,682;1,271;27,451;0,682;False;16,443;0
EUR/USD;Valute;ADX>20 + direzione DI;Long+Short;40;52;55,769;0,309;0,792;36;38,889;0,313;0,679;1,37;1,67;0,679;False;4,361;0
FTSE MIB;Indici;Momentum 120g + filtro VIX;Long+Short;60;39;69,231;1,31;0,679;26;69,231;2,795;0,836;2,365;10,78;0,679;False;14,52;0
Petrolio WTI;Commodities;Momentum 20g;Long+Short;20;116;52,586;0,565;0,678;84;57,143;2,063;1,48;1,576;25,7;0,678;False;15,932;0
Bitcoin;Cripto;Momentum 120g;Solo long;20;67;61,194;6,821;0,674;80;61,25;4,161;0,678;2,29;49,359;0,674;False;23,765;0
Ethereum;Cripto;Momentum 120g;Long+Short;20;30;70,0;2,559;0,669;122;50,82;1,962;0,731;1,287;35,491;0,669;False;33,446;0
Ethereum;Cripto;Momentum 60g + filtro VIX;Solo long;5;42;57,143;1,35;0,668;289;54,325;1,427;0,69;1,534;61,162;0,668;False;13,985;0
USD/JPY;Valute;Breakout Donchian 20;Solo short;20;60;48,333;0,074;0,905;32;56,25;-0,131;0,668;0,883;-0,621;0,668;False;3,858;0
Ethereum;Cripto;ADX>20 + direzione DI;Solo short;5;73;57,534;0,682;0,668;217;51,613;0,089;1,957;1,029;2,87;0,668;False;12,412;0
Bitcoin;Cripto;Prezzo vs SMA50;Solo short;40;28;42,857;-7,136;0,667;41;48,78;-3,079;1,001;0,681;-18,718;0,667;False;40,696;0
Bitcoin;Cripto;EMA 50/200 + filtro VIX;Long+Short;10;154;52,597;2,263;1,487;212;49,057;0,947;0,667;1,297;29,768;0,667;False;16,43;0
Oro;Commodities;Prezzo vs SMA20;Long+Short;20;116;56,034;0,336;0,782;84;53,571;0,57;0,664;1,363;7,095;0,664;False;7,262;0
Bitcoin;Cripto;Momentum 60g + filtro VIX;Long+Short;10;154;57,792;2,983;2,153;212;51,415;0,832;0,663;1,256;26,157;0,663;False;16,069;0
USD/JPY;Valute;ADX>25 + direzione DI;Solo long;10;53;52,83;0,385;1,103;47;59,574;0,407;0,661;1,741;2,835;0,661;False;3,054;0
USD/JPY;Valute;Momentum 20g;Long+Short;40;61;54,098;0,432;0,841;42;66,667;0,555;0,661;1,488;3,46;0,661;False;5,766;0
Bitcoin;Cripto;Prezzo vs SMA200 + filtro VIX;Solo long;5;206;58,252;2,208;1,764;271;52,399;1,009;0,659;1,52;40,532;0,659;False;12,623;0
Euro Stoxx 50;Indici;Reversione RSI2 nel trend SMA200;Long+Short;1;195;53,846;0,067;0,87;133;57,143;0,069;0,657;1,188;1,358;0,657;False;1,53;0
Petrolio WTI;Commodities;Momentum 20g;Solo long;20;81;46,914;0,65;0,672;64;54,688;2,706;0,653;1,884;25,681;0,653;False;14,281;0
Ethereum;Cripto;EMA 10/30;Long+Short;10;59;55,932;1,148;0,652;245;46,939;1,05;1,072;1,233;38,154;0,652;False;20,028;0
USD/JPY;Valute;Momentum 60g;Solo short;10;141;47,518;0,009;0,65;75;42,667;-0,064;0,732;0,91;-0,717;0,65;False;2,796;0
Bitcoin;Cripto;Momentum 120g + filtro VIX;Long+Short;40;40;75,0;12,562;1,514;58;44,828;3,286;0,647;1,432;28,267;0,647;False;29,853;0
Euro Stoxx 50;Indici;Reversione RSI2;Solo short;5;158;45,57;0,252;1,969;117;46,154;-0,036;0,647;0,958;-0,62;0,647;False;2,67;0
Bitcoin;Cripto;Prezzo vs SMA50;Solo long;3;364;57,418;0,89;0,645;475;53,263;0,654;0,905;1,414;46,101;0,645;False;8,732;0
Bitcoin;Cripto;Prezzo vs SMA20;Solo short;5;179;42,458;-0,269;1,365;283;45,23;-0,487;0,642;0,812;-20,436;0,642;False;11,041;0
Bitcoin;Cripto;Prezzo vs SMA100;Long+Short;60;29;62,069;6,885;0,642;40;57,5;5,74;1,193;1,687;34,048;0,642;False;39,931;0
Bitcoin;Cripto;EMA 20/50;Solo short;20;39;48,718;-0,737;1,557;61;42,623;-1,793;0,641;0,716;-16,217;0,641;False;23,521;0
USD/JPY;Valute;Breakout Donchian 55 + filtro VIX;Solo short;20;45;51,111;0,142;0,857;29;51,724;-0,151;0,641;0,863;-0,65;0,641;False;4,464;0
Bitcoin;Cripto;EMA 20/50;Long+Short;5;347;55,908;1,191;2,135;491;48,269;0,295;0,64;1,126;21,46;0,64;False;11,646;0
Ethereum;Cripto;Breakout Donchian 55 + filtro VIX;Solo short;10;42;54,762;3,321;1,929;68;44,118;-1,08;0,639;0,792;-10,887;0,639;False;21,099;0
Ethereum;Cripto;ADX>25 + direzione DI;Long+Short;20;25;56,0;2,279;0,635;87;50,575;3,191;1,277;1,463;41,167;0,635;False;32,097;0
Bitcoin;Cripto;Reversione RSI2 nel trend SMA200;Long+Short;60;23;47,826;19,761;1,666;32;53,125;5,784;0,634;1,622;27,445;0,634;False;39,446;0
Ethereum;Cripto;EMA 50/200 + filtro VIX;Long+Short;5;102;50,0;0,524;0,659;414;51,691;0,546;0,631;1,178;33,536;0,631;False;14,279;0
EUR/USD;Valute;Momentum 5g;Long+Short;20;121;51,24;0,185;0,958;86;51,163;0,132;0,629;1,182;1,683;0,629;False;3,621;0
Bitcoin;Cripto;EMA 10/30;Solo short;10;82;40,244;-0,734;1,374;129;44,961;-0,941;0,629;0,765;-17,992;0,629;False;17,319;0
Oro;Commodities;Prezzo vs SMA50;Solo short;20;79;48,101;-0,052;0,624;46;47,826;-0,809;0,795;0,591;-5,516;0,624;False;7,612;0
GBP/USD;Valute;Reversione RSI2 nel trend SMA200;Long+Short;1;240;50,417;0,02;0,623;161;54,658;0,052;1,326;1,326;1,245;0,623;False;0,992;0
EUR/CHF;Valute;ADX>25 + direzione DI;Solo long;10;70;44,286;0,13;1,483;38;55,263;0,015;0,623;1,045;0,087;0,623;False;1,452;0
Bitcoin;Cripto;Momentum 10g;Solo short;10;108;44,444;-1,478;0,78;165;47,879;-1,016;0,616;0,74;-24,857;0,616;False;17,737;0
Bitcoin;Cripto;Prezzo vs SMA100;Long+Short;3;578;52,595;0,601;1,722;820;49,878;0,178;0,615;1,097;21,631;0,615;False;8,802;0
Bitcoin;Cripto;Momentum 60g + filtro VIX;Solo long;20;62;62,903;7,186;0,834;77;51,948;4,215;0,615;2,004;48,133;0,615;False;22,543;0
Gas naturale;Commodities;Reversione RSI2 nel trend SMA200;Solo short;3;71;63,38;0,355;0,606;39;56,41;1,753;2,244;2,337;10,137;0,606;False;7,391;0
Ethereum;Cripto;ADX>20 + direzione DI;Solo short;10;39;56,41;1,1;0,604;123;54,472;-0,056;1,865;0,988;-1,025;0,604;False;22,519;0
Bitcoin;Cripto;EMA 50/200;Long+Short;60;29;62,069;11,233;0,604;40;65,0;9,819;1,356;2,559;58,246;0,604;False;41,829;0
Bitcoin;Cripto;Breakout Donchian 20;Solo long;20;61;57,377;6,621;0,601;87;55,172;4,004;0,672;2,146;51,66;0,601;False;21,116;0
GBP/USD;Valute;Reversione RSI2;Solo long;5;160;47,5;0,024;0,598;108;52,778;0,167;0,936;1,354;2,679;0,598;False;1,826;0
Bitcoin;Cripto;Prezzo vs SMA50;Solo long;20;64;56,25;6,825;0,608;84;52,381;3,974;0,597;1,999;49,504;0,597;False;19,941;0
Bitcoin;Cripto;SMA200 + Momentum20 concordi;Solo short;10;49;46,939;-0,377;1,128;83;42,169;-0,797;0,596;0,812;-9,813;0,596;False;16,49;0
Bitcoin;Cripto;EMA 50/200 + filtro VIX;Long+Short;5;297;53,199;1,218;1,793;414;49,758;0,46;0,595;1,202;28,255;0,595;False;12,506;0
Bitcoin;Cripto;ADX>20 + direzione DI;Long+Short;5;281;49,822;0,596;0,594;394;47,462;0,299;0,758;1,122;17,499;0,594;False;12,02;0
Bitcoin;Cripto;Breakout Donchian 20;Solo long;5;219;55,251;1,509;0,702;317;49,527;0,952;0,593;1,501;44,732;0,593;False;10,596;0
Bitcoin;Cripto;Breakout Donchian 20;Solo short;5;141;43,262;-0,693;0,593;196;41,327;-0,301;0,872;0,882;-8,74;0,593;False;11,851;0
Ethereum;Cripto;Prezzo vs SMA100;Long+Short;10;59;59,322;2,588;1,43;245;49,796;0,912;0,59;1,199;33,142;0,59;False;19,292;0
USD/JPY;Valute;Breakout Donchian 20;Long+Short;60;41;58,537;1,224;1,452;28;64,286;1,197;0,59;2,085;4,97;0,59;False;5,812;0
Bitcoin;Cripto;EMA 10/30;Solo long;3;350;57,429;1,109;1,162;458;50,218;0,578;0,589;1,376;39,235;0,589;False;8,151;0
Argento;Commodities;Breakout Donchian 20;Solo short;40;46;56,522;0,192;0,588;25;36,0;-2,331;1,014;0,515;-8,643;0,588;False;19,293;0
Bitcoin;Cripto;EMA 50/200 + filtro VIX;Solo short;5;100;46,0;-0,416;1,044;136;46,324;-0,39;0,587;0,842;-7,869;0,587;False;9,469;0
EUR/CHF;Valute;ADX>25 + direzione DI;Long+Short;1;1038;45,376;0,009;0,603;679;50,221;0,008;0,586;1,07;0,834;0,586;False;0,753;0
Ethereum;Cripto;Prezzo vs SMA20;Long+Short;3;195;49,231;0,412;0,759;820;49,756;0,182;0,585;1,074;22,084;0,585;False;10,419;0
EUR/CHF;Valute;ADX>20 + direzione DI;Solo long;3;266;44,361;0,056;1,569;169;52,663;0,002;0,582;1,011;0,057;0,582;False;1,003;0
Bitcoin;Cripto;EMA 20/50;Solo short;10;73;45,205;-0,249;1,653;114;47,368;-0,916;0,578;0,795;-15,479;0,578;False;17,366;0
Ethereum;Cripto;EMA 20/50;Long+Short;20;30;80,0;5,244;1,365;122;51,639;1,67;0,578;1,239;30,219;0,578;False;32,374;0
Bitcoin;Cripto;Breakout Donchian 20;Solo short;10;74;48,649;-1,211;0,726;106;40,566;-0,886;0,578;0,792;-13,929;0,578;False;17,355;0
Bitcoin;Cripto;Momentum 120g;Solo long;10;128;60,938;3,4;0,95;150;57,333;1,964;0,576;1,729;43,686;0,576;False;16,127;0
Bitcoin;Cripto;Breakout Donchian 55 + filtro VIX;Solo long;40;31;54,839;16,327;0,803;38;57,895;8,398;0,575;2,718;47,322;0,575;False;29,356;0
Ethereum;Cripto;Breakout Donchian 55 + filtro VIX;Solo short;3;129;51,163;0,659;1,168;193;46,632;-0,341;0,575;0,867;-9,761;0,575;False;8,753;0
Gas naturale;Commodities;Reversione RSI2 nel trend SMA200;Solo long;1;89;46,067;0,114;0,861;81;48,148;0,142;0,571;1,12;1,709;0,571;False;4,319;0
Bitcoin;Cripto;Prezzo vs SMA100;Solo long;3;355;58,592;1,053;1,095;485;50,103;0,571;0,571;1,37;41,083;0,571;False;9,145;0
Ethereum;Cripto;EMA 20/50;Solo short;5;86;60,465;1,277;1,346;221;46,154;-0,711;0,57;0,802;-23,306;0,57;False;13,893;0
Gas naturale;Commodities;Reversione RSI2 nel trend SMA200;Long+Short;5;110;51,818;0,698;1,293;73;39,726;0,536;0,566;1,209;5,798;0,566;False;10,298;0
Ethereum;Cripto;EMA 20/50;Solo short;3;142;52,817;0,693;1,136;361;46,814;-0,403;0,564;0,853;-21,6;0,564;False;10,273;0
Bitcoin;Cripto;ADX>25 + direzione DI;Solo long;20;46;67,391;9,146;1,195;55;56,364;4,223;0,563;2,17;34,446;0,563;False;22,967;0
USD/JPY;Valute;Breakout Donchian 55;Solo short;20;52;50,0;0,066;0,678;33;48,485;-0,2;0,562;0,815;-0,978;0,562;False;4,589;0
Bitcoin;Cripto;Momentum 120g + filtro VIX;Solo short;3;158;47,468;-0,421;0,557;260;50,385;-0,106;1,084;0,942;-4,073;0,557;False;7,517;0
Bitcoin;Cripto;Prezzo vs SMA200;Solo short;10;64;48,438;-0,719;1,128;113;45,133;-0,957;0,556;0,764;-16,033;0,556;False;15,15;0
Ethereum;Cripto;SMA200 + Momentum20 concordi;Long+Short;10;48;52,083;1,174;0,555;192;50,521;0,943;0,583;1,213;26,859;0,555;False;21,204;0
Ethereum;Cripto;SMA200 + Momentum20 concordi;Long+Short;5;91;52,747;0,501;0,553;360;48,611;0,501;0,657;1,165;26,751;0,553;False;14,404;0
Ethereum;Cripto;Momentum 60g;Long+Short;3;195;51,795;0,777;1,428;820;50,976;0,241;0,551;1,099;29,311;0,551;False;10,396;0
Ethereum;Cripto;Momentum 120g;Solo short;20;21;71,429;3,689;1,166;64;46,875;-3,053;0,551;0,641;-28,979;0,551;False;31,394;0
Oro;Commodities;Momentum 120g + filtro VIX;Solo short;5;191;52,88;0,028;0,548;86;39,535;-0,114;0,648;0,885;-1,453;0,548;False;3,421;0
Bitcoin;Cripto;Momentum 60g;Long+Short;60;29;68,966;17,957;1,822;40;52,5;4,563;0,545;1,51;27,068;0,545;False;41,829;0
Bitcoin;Cripto;EMA 50/200 + filtro VIX;Solo long;10;103;58,252;4,355;1,524;143;53,147;1,955;0,545;1,739;41,468;0,545;False;16,549;0
EUR/USD;Valute;ADX>25 + direzione DI;Long+Short;1;852;50,0;0,011;0,544;666;49,249;0,019;1,014;1,114;1,88;0,544;False;1,061;0
Ethereum;Cripto;EMA 10/30;Solo short;3;129;52,713;0,864;1,456;387;45,995;-0,431;0,542;0,84;-24,726;0,542;False;10,503;0
Oro;Commodities;Momentum 10g;Solo short;40;51;56,863;-0,061;0,854;35;42,857;-2,08;0,542;0,43;-10,797;0,542;False;11,05;0
Petrolio WTI;Commodities;Reversione RSI2;Long+Short;20;98;56,122;1,473;1,559;72;55,556;0,429;0,541;1,104;4,577;0,541;False;15,997;0
Bitcoin;Cripto;Momentum 10g;Solo short;5;182;43,407;-0,478;0,993;287;46,69;-0,528;0,54;0,793;-22,489;0,54;False;11,366;0
Ethereum;Cripto;SMA200 + Momentum20 concordi;Long+Short;20;27;66,667;2,496;0,637;104;51,923;2,093;0,539;1,295;32,287;0,539;False;33,866;0
Gas naturale;Commodities;Breakout Donchian 55 + filtro VIX;Long+Short;20;108;54,63;0,543;0,538;77;53,247;2,813;1,212;1,459;32,125;0,538;False;22,76;0
Ethereum;Cripto;Breakout Donchian 55 + filtro VIX;Long+Short;3;166;50,602;0,517;0,977;669;50,224;0,41;0,535;1,183;40,683;0,535;False;10,367;0
Ethereum;Cripto;Momentum 60g + filtro VIX;Solo long;3;69;50,725;0,745;0,74;465;52,473;0,793;0,535;1,377;54,654;0,535;False;10,316;0
Ethereum;Cripto;Prezzo vs SMA50;Long+Short;3;195;50,256;0,281;0,532;820;50,244;0,325;1,042;1,136;39,479;0,532;False;10,33;0
Bitcoin;Cripto;EMA 20/50;Solo short;3;233;47,639;-0,063;1,494;364;42,308;-0,283;0,531;0,864;-15,282;0,531;False;7,904;0
EUR/USD;Valute;Momentum 5g;Long+Short;60;41;68,293;0,965;1,749;28;50,0;0,346;0,53;1,337;1,439;0,53;False;5,785;0
Bitcoin;Cripto;Momentum 20g;Long+Short;20;87;50,575;4,141;1,594;122;53,279;1,244;0,53;1,256;22,498;0,53;False;24,422;0
Bitcoin;Cripto;Breakout Donchian 20;Solo short;20;40;47,5;-3,42;0,529;55;45,455;-0,518;1,224;0,911;-4,225;0,529;False;24,556;0
Bitcoin;Cripto;Prezzo vs SMA20;Solo long;40;39;61,538;13,762;0,609;53;58,491;7,975;0,529;2,738;62,683;0,529;False;25,461;0
Nasdaq 100;Indici;Acquisto su picco VIX;Long+Short;3;100;60,0;0,453;1,019;78;56,41;0,403;0,528;1,384;4,668;0,528;False;5,023;0
Nasdaq 100;Indici;Acquisto su picco VIX;Solo long;3;100;60,0;0,453;1,019;78;56,41;0,403;0,528;1,384;4,668;0,528;False;5,023;0
GBP/USD;Valute;Reversione RSI2;Solo short;3;183;48,634;0,063;0,527;138;53,623;0,048;0,813;1,169;0,98;0,527;False;1,405;0
GBP/USD;Valute;ADX>25 + direzione DI;Solo short;1;511;49,902;0,018;0,527;316;52,215;0,024;0,663;1,106;1,147;0,527;False;1,082;0
EUR/USD;Valute;Reversione RSI2;Solo short;5;146;55,479;0,127;0,899;114;55,263;0,044;0,526;1,111;0,736;0,526;False;1,863;0
Bitcoin;Cripto;Breakout Donchian 55 + filtro VIX;Solo short;3;139;47,482;-0,254;0,973;236;49,153;-0,274;0,525;0,858;-9,606;0,525;False;7,426;0
Bitcoin;Cripto;EMA 20/50;Long+Short;10;174;59,77;2,906;2,477;245;50,204;0,528;0,525;1,151;19,197;0,525;False;16,285;0
Bitcoin;Cripto;Prezzo vs SMA200;Long+Short;20;87;59,77;5,748;2,033;122;50,0;1,332;0,524;1,276;24,107;0,524;False;25,025;0
Ethereum;Cripto;Prezzo vs SMA200 + filtro VIX;Long+Short;3;166;51,205;0,271;0,524;669;52,616;0,561;1,401;1,259;55,622;0,524;False;10,114;0
Argento;Commodities;Momentum 120g + filtro VIX;Solo short;20;71;56,338;0,487;0,986;33;45,455;-1,271;0,522;0,645;-6,218;0,522;False;12,46;0
Oro;Commodities;Prezzo vs SMA100;Solo short;40;39;48,718;-0,247;0,516;20;50,0;-1,013;1,219;0,636;-3,005;0,516;False;11,142;0
S&P 500;Indici;Reversione RSI2;Long+Short;10;173;42,775;-0,016;0,514;125;44,0;0,116;0,615;1,092;2,151;0,514;False;4,129;0
Ethereum;Cripto;SMA200 + Momentum20 concordi;Solo short;10;37;45,946;0,944;0,514;83;49,398;-0,769;0,994;0,841;-9,461;0,514;False;21,048;0
Oro;Commodities;Reversione RSI2;Long+Short;60;37;48,649;0,169;0,514;26;57,692;0,697;0,569;1,206;2,688;0,514;False;12,333;0
Bitcoin;Cripto;Momentum 60g + filtro VIX;Long+Short;5;297;54,545;1,462;2,283;414;48,792;0,357;0,512;1,153;21,89;0,512;False;12,478;0
EUR/CHF;Valute;SMA200 + Momentum20 concordi;Long+Short;60;39;71,795;0,759;0,842;27;66,667;0,442;0,512;1,841;1,769;0,512;False;3,516;0
EUR/CHF;Valute;Reversione RSI2;Long+Short;20;100;45,0;0,117;0,512;72;52,778;0,17;1,276;1,461;1,818;0,512;False;2,409;0
Bitcoin;Cripto;Prezzo vs SMA50;Solo short;60;20;50,0;-12,541;0,51;28;53,571;-3,704;1,227;0,675;-15,38;0,51;False;56,461;0
Bitcoin;Cripto;Momentum 60g + filtro VIX;Solo long;10;117;61,538;3,981;1,361;144;52,083;1,947;0,509;1,646;41,567;0,509;False;17,383;0
Bitcoin;Cripto;EMA 50/200 + filtro VIX;Solo short;20;29;48,276;-0,764;1,495;39;43,59;-1,854;0,508;0,695;-10,721;0,508;False;26,808;0
Bitcoin;Cripto;Prezzo vs SMA200;Long+Short;10;174;57,471;2,758;2,23;245;51,429;0,565;0,507;1,162;20,541;0,507;False;16,64;0
GBP/USD;Valute;ADX>20 + direzione DI;Solo short;10;108;52,778;0,183;0,669;64;56,25;0,077;0,506;1,127;0,73;0,506;False;2,317;0
Bitcoin;Cripto;Prezzo vs SMA20;Solo short;10;102;44,118;-0,637;1,513;161;49,068;-1,091;0,504;0,727;-26,043;0,504;False;17,616;0
DAX;Indici;Reversione RSI2;Long+Short;20;99;46,465;0,155;0,502;71;53,521;0,611;1,34;1,366;6,438;0,502;False;7,343;0
Bitcoin;Cripto;Breakout Donchian 55;Solo short;3;193;50,777;-0,103;1,271;353;47,309;-0,292;0,498;0,864;-15,275;0,498;False;9,123;0
Argento;Commodities;Momentum 10g;Solo short;5;297;49,832;0,159;0,88;191;47,644;-0,223;0,495;0,876;-6,317;0,495;False;5,939;0
Bitcoin;Cripto;Momentum 60g + filtro VIX;Solo short;3;162;44,444;-0,254;1,082;264;46,212;-0,293;0,494;0,841;-11,473;0,494;False;6,979;0
USD/JPY;Valute;Breakout Donchian 55 + filtro VIX;Solo long;10;133;50,376;0,271;1,258;100;62,0;0,315;0,493;1,587;4,665;0,493;False;2,731;0
EUR/USD;Valute;Reversione RSI2;Long+Short;20;103;55,34;0,093;0,493;71;54,93;0,154;0,665;1,209;1,617;0,493;False;3,171;0
Ethereum;Cripto;Prezzo vs SMA100;Solo short;20;23;73,913;5,263;1,353;67;44,776;-3,188;0,492;0,627;-31,676;0,492;False;33,573;0
S&P 500;Indici;Reversione RSI2;Solo short;5;189;40,212;-0,025;1,752;121;42,149;-0,183;0,492;0,741;-3,28;0,492;False;2,213;0
Ethereum;Cripto;EMA 50/200 + filtro VIX;Long+Short;10;54;55,556;1,544;0,969;212;49,528;0,929;0,492;1,198;29,216;0,492;False;22,134;0
Oro;Commodities;Fine/inizio mese;Long+Short;10;111;54,054;0,29;0,49;80;60,0;1,124;1,224;2,173;13,335;0,49;False;4,62;0
Oro;Commodities;Fine/inizio mese;Solo long;10;111;54,054;0,29;0,49;80;60,0;1,124;1,224;2,173;13,335;0,49;False;4,62;0
Bitcoin;Cripto;EMA 10/30;Solo long;40;36;58,333;12,975;0,49;45;53,333;8,774;0,7;2,591;58,554;0,49;False;28,687;0
Bitcoin;Cripto;SMA200 + Momentum20 concordi;Solo long;3;280;57,5;1,175;1,2;342;50,585;0,578;0,489;1,351;29,329;0,489;False;9,426;0
USD/JPY;Valute;Fine/inizio mese;Long+Short;60;37;56,757;0,958;0,598;26;69,231;1,926;0,489;2,961;7,424;0,489;False;6,245;0
USD/JPY;Valute;Fine/inizio mese;Solo long;60;37;56,757;0,958;0,598;26;69,231;1,926;0,489;2,961;7,424;0,489;False;6,245;0
EUR/USD;Valute;Prezzo vs SMA200 + filtro VIX;Long+Short;40;58;58,621;0,434;1,119;41;46,341;0,237;0,489;1,233;1,443;0,489;False;5,186;0
Ethereum;Cripto;Prezzo vs SMA20;Solo short;10;44;50,0;0,739;0,488;158;52,532;-1,48;0,609;0,726;-34,685;0,488;False;22,056;0
Ethereum;Cripto;Breakout Donchian 55 + filtro VIX;Solo short;5;80;55,0;1,147;1,281;124;45,161;-0,636;0,486;0,822;-11,697;0,486;False;13,033;0
Bitcoin;Cripto;SMA200 + Momentum20 concordi;Solo short;20;28;50,0;-1,392;1,146;46;41,304;-1,71;0,486;0,757;-11,667;0,486;False;25,469;0
Petrolio WTI;Commodities;Momentum 20g;Long+Short;10;232;50,862;0,192;0,483;168;54,167;0,783;1,026;1,273;19,504;0,483;False;11,462;0
Bitcoin;Cripto;ADX>25 + direzione DI;Solo long;3;239;61,506;1,226;1,207;267;55,431;0,591;0,483;1,358;23,404;0,483;False;8,96;0
Bitcoin;Cripto;ADX>20 + direzione DI;Long+Short;3;464;54,526;0,422;0,886;643;48,367;0,131;0,482;1,066;12,52;0,482;False;9,551;0
FTSE MIB;Indici;SMA200 + Momentum20 concordi;Solo long;40;37;56,757;1,158;0,753;31;70,968;2,652;0,481;3,603;12,196;0,481;False;12,439;0
Ethereum;Cripto;Momentum 120g + filtro VIX;Solo short;1;321;53,894;0,129;0,526;689;47,17;-0,143;0,48;0,887;-14,659;0,48;False;5,216;0
Bitcoin;Cripto;Prezzo vs SMA100;Solo short;20;44;45,455;-2,257;1,062;65;49,231;-2,079;0,477;0,693;-20,038;0,477;False;23,852;0
Bitcoin;Cripto;Prezzo vs SMA200 + filtro VIX;Solo long;60;20;75,0;25,132;0,971;27;62,963;12,365;0,476;3,299;49,509;0,476;False;27,341;0
Bitcoin;Cripto;Momentum 120g;Solo long;40;36;63,889;14,509;0,808;42;50,0;7,873;0,474;2,553;49,037;0,474;False;28,773;0
USD/JPY;Valute;Momentum 60g;Solo short;5;256;46,484;0,003;0,551;135;44,444;-0,058;0,473;0,898;-1,157;0,473;False;2,146;0
USD/JPY;Valute;Momentum 60g;Solo short;3;413;46,489;0,004;0,606;214;45,794;-0,032;0,471;0,925;-1,027;0,471;False;1,763;0
GBP/USD;Valute;ADX>25 + direzione DI;Long+Short;1;779;48,909;0,017;0,792;575;49,391;0,012;0,47;1,056;0,987;0,47;False;1,059;0
Petrolio WTI;Commodities;Breakout Donchian 20;Solo long;40;44;59,091;0,884;0,47;27;51,852;5,458;0,562;2,352;21,854;0,47;False;18,657;0
Bitcoin;Cripto;Breakout Donchian 55;Solo short;5;117;47,009;0,031;1,717;214;44,393;-0,504;0,468;0,822;-16,008;0,468;False;10,714;0
Bitcoin;Cripto;Momentum 120g + filtro VIX;Solo long;60;24;66,667;21,813;0,629;27;62,963;12,725;0,467;3,037;50,95;0,467;False;31,757;0
USD/JPY;Valute;Prezzo vs SMA100;Long+Short;40;61;55,738;0,294;0,611;42;69,048;0,576;0,467;1,511;3,59;0,467;False;5,92;0
Ethereum;Cripto;EMA 50/200 + filtro VIX;Long+Short;20;28;57,143;1,199;0,463;110;50,909;2,363;0,877;1,41;38,552;0,463;False;27,841;0
Argento;Commodities;Prezzo vs SMA50;Solo short;40;49;61,224;-0,008;0,463;30;43,333;-3,043;0,568;0,474;-13,54;0,463;False;21,617;0
EUR/USD;Valute;ADX>20 + direzione DI;Solo short;60;29;55,172;0,745;0,463;21;42,857;0,189;0,576;1,173;0,59;0,463;False;5,338;0
Bitcoin;Cripto;EMA 50/200;Solo long;60;21;61,905;28,297;0,77;28;64,286;12,892;0,462;3,115;53,533;0,462;False;34,876;0
Ethereum;Cripto;Prezzo vs SMA200;Long+Short;3;195;52,821;0,497;0,94;820;50,366;0,2;0,461;1,082;24,357;0,461;False;10,588;0
GBP/USD;Valute;Reversione RSI2 nel trend SMA200;Solo short;3;78;55,128;0,06;0,461;40;57,5;0,08;0,698;1,295;0,475;0,461;False;1,4;0
Ethereum;Cripto;SMA200 + Momentum20 concordi;Solo short;5;70;51,429;0,397;0,46;152;46,053;-0,417;0,87;0,877;-9,404;0,46;False;15,014;0
Ethereum;Cripto;Momentum 20g;Long+Short;20;30;76,667;3,318;0,846;122;53,279;1,09;0,459;1,15;19,724;0,459;False;32,139;0
USD/JPY;Valute;ADX>20 + direzione DI;Long+Short;40;47;63,83;0,815;1,633;35;51,429;0,478;0,456;1,416;2,483;0,456;False;4,105;0
Euro Stoxx 50;Indici;Reversione RSI2 nel trend SMA200;Solo short;1;84;52,381;0,114;0,895;50;42,0;0,054;0,453;1,133;0,4;0,453;False;1,476;0
Bitcoin;Cripto;ADX>20 + direzione DI;Long+Short;20;76;47,368;3,741;1,159;109;46,789;0,694;0,45;1,137;11,21;0,45;False;24,089;0
Bitcoin;Cripto;SMA200 + Momentum20 concordi;Solo long;60;20;65,0;27,914;0,861;26;61,538;12,245;0,449;3,044;47,211;0,449;False;33,304;0
EUR/USD;Valute;ADX>25 + direzione DI;Solo short;1;453;50,773;0,021;0,446;299;51,505;0,019;0,728;1,114;0,822;0,446;False;1,067;0
Petrolio WTI;Commodities;Breakout Donchian 55 + filtro VIX;Solo short;40;29;44,828;1,058;0,535;22;50,0;-1,772;0,446;0,737;-5,782;0,446;False;23,855;0
Oro;Commodities;EMA 10/30;Long+Short;20;116;54,31;0,187;0,445;84;54,762;0,827;1,007;1,574;10,3;0,445;False;7,266;0
Bitcoin;Cripto;Reversione RSI2;Long+Short;40;40;47,5;-0,524;0,443;55;60,0;1,386;0,819;1,159;11,303;0,443;False;46,0;0
Ethereum;Cripto;SMA200 + Momentum20 concordi;Long+Short;3;145;49,655;0,246;0,443;568;49,648;0,367;0,935;1,159;30,886;0,443;False;10,546;0
Bitcoin;Cripto;ADX>25 + direzione DI;Long+Short;3;371;53,639;0,339;0,439;477;50,314;0,195;0,597;1,1;13,78;0,439;False;10,168;0
Oro;Commodities;Momentum 5g;Solo short;60;37;48,649;-0,615;0,436;25;28,0;-3,355;0,466;0,304;-12,439;0,436;False;14,148;0
Ethereum;Cripto;EMA 50/200 + filtro VIX;Long+Short;3;166;50,0;0,301;0,595;669;50,224;0,276;0,434;1,119;27,385;0,434;False;10,478;0
GBP/USD;Valute;ADX>20 + direzione DI;Long+Short;5;288;49,306;0,036;0,434;192;50,0;0,043;0,454;1,099;1,237;0,434;False;1,845;0
EUR/USD;Valute;ADX>20 + direzione DI;Solo long;3;234;50,0;0,003;0,433;202;48,02;0,046;0,735;1,167;1,38;0,433;False;1,423;0
Ethereum;Cripto;Breakout Donchian 20;Long+Short;5;117;49,573;0,34;0,433;492;50,203;0,677;1,192;1,224;49,363;0,433;False;13,758;0
Gas naturale;Commodities;Reversione RSI2 nel trend SMA200;Long+Short;3;122;59,836;0,551;1,446;87;49,425;0,277;0,432;1,135;3,572;0,432;False;8,104;0
Nasdaq 100;Indici;ADX>20 + direzione DI;Solo short;40;38;26,316;-2,395;0,431;25;36,0;-2,035;0,768;0,515;-7,547;0,431;False;10,634;0
Bitcoin;Cripto;EMA 20/50;Solo short;40;22;36,364;-6,26;0,652;34;38,235;-4,652;0,429;0,592;-23,454;0,429;False;42,108;0
Petrolio WTI;Commodities;Breakout Donchian 20;Solo short;20;66;50,0;0,386;0,429;51;58,824;-0,399;0,632;0,919;-3,016;0,429;False;16,037;0
Nasdaq 100;Indici;Reversione RSI2;Solo short;3;228;39,912;-0,128;0,429;158;46,835;-0,098;0,778;0,865;-2,286;0,429;False;2,057;0
GBP/USD;Valute;ADX>20 + direzione DI;Long+Short;3;468;50,855;0,022;0,428;312;51,923;0,039;0,661;1,114;1,817;0,428;False;1,511;0
Bitcoin;Cripto;Prezzo vs SMA200;Solo short;20;34;47,059;-1,768;1,15;60;45,0;-2,102;0,427;0,687;-18,706;0,427;False;28,276;0
Bitcoin;Cripto;Momentum 10g;Long+Short;60;29;68,966;5,178;0,427;40;50,0;4,964;0,926;1,567;29,447;0,427;False;34,95;0
Bitcoin;Cripto;EMA 50/200;Long+Short;20;87;55,172;3,436;0,957;122;50,82;1,44;0,427;1,302;26,047;0,427;False;26,228;0
Bitcoin;Cripto;Momentum 120g + filtro VIX;Solo long;40;32;71,875;16,351;0,902;40;47,5;7,791;0,426;2,453;46,217;0,426;False;27,846;0
Bitcoin;Cripto;Breakout Donchian 55;Solo long;5;234;57,265;1,779;1,175;288;52,083;0,906;0,424;1,448;38,703;0,424;False;12,207;0
S&P 500;Indici;Reversione RSI2;Solo short;10;130;36,154;-0,255;0,905;85;30,588;-0,4;0,423;0,688;-5,041;0,423;False;3,569;0
Oro;Commodities;Momentum 120g + filtro VIX;Long+Short;10;209;53,11;0,155;0,691;149;54,362;0,416;0,423;1,387;9,193;0,423;False;4,687;0
USD/JPY;Valute;Momentum 60g + filtro VIX;Long+Short;10;216;48,611;0,057;0,423;152;57,237;0,143;0,442;1,236;3,232;0,423;False;2,829;0
Petrolio WTI;Commodities;Momentum 20g;Long+Short;3;772;51,036;0,051;0,421;563;53,108;0,362;1,578;1,217;30,205;0,421;False;6,032;0
EUR/CHF;Valute;Reversione RSI2 nel trend SMA200;Solo short;40;27;62,963;1,084;0,794;23;52,174;0,462;0,421;2,045;1,576;0,421;False;2,861;0
USD/JPY;Valute;Momentum 60g;Long+Short;20;121;52,066;0,086;0,417;86;59,302;0,343;0,672;1,444;4,376;0,417;False;4,055;0
Oro;Commodities;Momentum 60g + filtro VIX;Solo short;20;69;56,522;-0,11;0,417;35;48,571;-0,847;0,516;0,653;-4,398;0,417;False;8,301;0
Ethereum;Cripto;EMA 50/200 + filtro VIX;Solo short;5;84;46,429;0,763;0,856;158;46,835;-0,741;0,415;0,792;-17,372;0,415;False;13,959;0
EUR/CHF;Valute;Reversione RSI2;Solo long;10;105;45,714;-0,023;0,414;76;48,684;-0,017;0,525;0,955;-0,195;0,414;False;2,129;0
S&P 500;Indici;Reversione RSI2;Solo long;60;31;77,419;3,004;0,413;23;78,261;4,366;0,427;3,643;14,898;0,413;False;9,527;0
Argento;Commodities;EMA 10/30;Solo short;40;49;55,102;-0,062;0,412;28;39,286;-2,537;0,821;0,535;-10,533;0,412;False;21,783;0
Ethereum;Cripto;EMA 10/30;Solo long;5;43;55,814;0,759;0,409;282;52,128;1,408;0,655;1,509;58,894;0,409;False;13,28;0
Bitcoin;Cripto;EMA 20/50;Solo long;3;352;56,534;1,067;1,114;470;51,489;0,535;0,406;1,339;37,301;0,406;False;9,192;0
USD/JPY;Valute;Breakout Donchian 20;Solo long;60;31;58,065;1,12;0,737;23;69,565;1,795;0,405;2,956;6,122;0,405;False;6,101;0
Argento;Commodities;Momentum 120g;Solo short;20;77;53,247;0,234;0,636;38;39,474;-1,372;0,403;0,672;-7,734;0,403;False;13,328;0
EUR/CHF;Valute;ADX>20 + direzione DI;Solo short;3;261;55,172;0,069;0,403;205;53,171;0,06;0,903;1,327;1,826;0,403;False;1,179;0
Petrolio WTI;Commodities;Momentum 20g;Solo long;40;50;58,0;0,824;0,402;36;55,556;5,784;0,686;2,585;30,877;0,402;False;19,254;0
Ethereum;Cripto;Prezzo vs SMA200;Long+Short;20;30;63,333;1,238;0,402;122;50,82;2,014;0,684;1,296;36,441;0,402;False;32,855;0
Gas naturale;Commodities;Reversione RSI2;Solo long;40;45;55,556;0,169;0,4;32;59,375;6,683;0,535;1,846;31,713;0,4;False;24,98;0
Bitcoin;Cripto;EMA 20/50;Long+Short;3;578;53,114;0,641;1,83;820;48,902;0,13;0,4;1,07;15,758;0,4;False;8,639;0
EUR/CHF;Valute;ADX>20 + direzione DI;Solo short;40;38;65,789;0,644;0,4;27;62,963;0,601;1,206;3,803;2,406;0,4;False;2,568;0
Ethereum;Cripto;Prezzo vs SMA200;Solo short;20;23;69,565;3,7;1,003;59;49,153;-3,253;0,399;0,663;-28,462;0,399;False;36,455;0
Bitcoin;Cripto;Breakout Donchian 55;Long+Short;40;44;52,273;12,456;2,118;60;45,0;1,962;0,398;1,247;17,458;0,398;False;30,558;0
Bitcoin;Cripto;Breakout Donchian 55 + filtro VIX;Long+Short;5;297;53,199;1,462;2,092;414;49,275;0,356;0,397;1,153;21,838;0,397;False;12,442;0
USD/JPY;Valute;Prezzo vs SMA100;Solo short;40;39;46,154;-0,159;0,397;21;52,381;-0,345;0,756;0,753;-1,073;0,397;False;4,838;0
Argento;Commodities;Momentum 120g;Solo short;5;276;51,449;0,06;0,396;134;46,269;-0,103;0,666;0,943;-2,043;0,396;False;5,777;0
GBP/USD;Valute;Reversione RSI2;Solo short;60;35;54,286;0,596;0,394;24;45,833;0,134;0,442;1,096;0,478;0,394;False;4,726;0
Ethereum;Cripto;Momentum 120g + filtro VIX;Solo long;5;36;50,0;0,742;0,394;269;55,762;1,715;1,141;1,688;68,424;0,394;False;13,716;0
USD/JPY;Valute;EMA 10/30;Long+Short;60;41;56,098;0,259;0,39;28;60,714;0,986;0,455;1,816;4,096;0,39;False;5,812;0
Gas naturale;Commodities;Momentum 120g + filtro VIX;Solo long;1;918;45,861;-0,07;0,389;733;49,25;0,067;0,873;1,046;7,297;0,389;False;4,624;0
Bitcoin;Cripto;Reversione RSI2 nel trend SMA200;Long+Short;20;47;55,319;2,404;0,613;68;55,882;1,329;0,388;1,274;13,4;0,388;False;25,719;0
Ethereum;Cripto;Momentum 20g;Solo short;3;132;47,727;0,2;0,387;431;46,636;-0,369;0,761;0,86;-23,601;0,387;False;10,562;0
Gas naturale;Commodities;Reversione RSI2;Solo long;5;132;43,182;0,063;0,386;99;44,444;1,74;1,192;1,604;25,54;0,386;False;10,338;0
Ethereum;Cripto;Momentum 60g;Solo long;5;43;55,814;0,909;0,421;307;53,42;1,25;0,385;1,457;56,893;0,385;False;13,891;0
Bitcoin;Cripto;EMA 50/200;Long+Short;10;174;52,299;1,766;1,12;245;52,245;0,704;0,385;1,206;25,571;0,385;False;17,303;0
EUR/CHF;Valute;ADX>20 + direzione DI;Solo long;5;175;45,143;0,075;1,624;107;48,598;-0,014;0,383;0,943;-0,227;0,383;False;1,143;0
FTSE MIB;Indici;Momentum 60g + filtro VIX;Solo long;40;44;56,818;0,872;0,382;35;74,286;2,666;0,563;4,069;13,843;0,382;False;13,138;0
Bitcoin;Cripto;Momentum 120g;Solo short;3;197;46,701;-0,295;0,885;378;45,767;-0,334;0,381;0,838;-18,707;0,381;False;7,645;0
Bitcoin;Cripto;ADX>20 + direzione DI;Solo short;40;28;42,857;-8,385;0,38;42;42,857;-2,329;1,14;0,761;-14,504;0,38;False;41,147;0
Petrolio WTI;Commodities;Momentum 20g;Solo short;5;255;50,196;0,1;0,38;187;50,802;0,412;1,178;1,168;11,424;0,38;False;8,097;0
Ethereum;Cripto;Momentum 120g + filtro VIX;Long+Short;1;487;51,745;0,103;0,517;1973;49,569;0,096;0,379;1,073;28,153;0,379;False;5,862;0
Bitcoin;Cripto;EMA 50/200 + filtro VIX;Solo short;10;53;45,283;-0,522;1,115;71;43,662;-1,069;0,378;0,733;-11,258;0,378;False;15,58;0
Oro;Commodities;Momentum 120g;Solo short;5;219;50,685;0,026;0,585;93;39,785;-0,19;0,376;0,811;-2,627;0,376;False;3,373;0
USD/JPY;Valute;Breakout Donchian 20;Long+Short;20;121;49,587;0,113;0,376;86;60,465;0,282;0,399;1,351;3,595;0,376;False;4,315;0
Euro Stoxx 50;Indici;Reversione RSI2 nel trend SMA200;Solo long;3;66;62,121;0,116;0,376;58;65,517;0,248;0,575;1,429;2,131;0,376;False;2,897;0
Bitcoin;Cripto;Momentum 60g;Solo short;3;233;43,348;-0,144;1,357;379;45,119;-0,333;0,376;0,842;-18,706;0,376;False;8,319;0
USD/JPY;Valute;Momentum 60g + filtro VIX;Solo long;10;137;54,015;0,286;1,4;116;60,345;0,288;0,375;1,533;4,953;0,375;False;2,713;0
Argento;Commodities;Prezzo vs SMA20;Long+Short;20;116;52,586;0,364;0,544;84;53,571;0,689;0,374;1,2;8,583;0,374;False;11,416;0
Gas naturale;Commodities;Reversione RSI2;Long+Short;5;245;47,347;0,146;0,374;193;45,078;0,951;1,197;1,307;27,215;0,374;False;11,361;0
Bitcoin;Cripto;Prezzo vs SMA100;Solo short;5;149;42,953;-0,715;0,592;228;43,421;-0,56;0,373;0,802;-18,928;0,373;False;12,314;0
USD/JPY;Valute;Breakout Donchian 55;Long+Short;60;41;48,78;0,375;0,373;28;67,857;1,109;0,61;1,967;4,606;0,373;False;6,036;0
Bitcoin;Cripto;EMA 50/200 + filtro VIX;Solo long;60;20;65,0;28,691;0,915;28;60,714;12,085;0,372;3,323;50,18;0,372;False;33,025;0
Bitcoin;Cripto;EMA 20/50;Solo short;5;141;46,099;-0,061;1,588;223;41,256;-0,559;0,372;0,804;-18,499;0,372;False;11,544;0
Bitcoin;Cripto;Prezzo vs SMA100;Solo short;10;79;48,101;-0,796;1,265;121;43,802;-1,124;0,372;0,734;-20,169;0,372;False;16,34;0
USD/JPY;Valute;ADX>20 + direzione DI;Long+Short;5;269;49,442;0,029;0,372;224;61,161;0,16;1,643;1,355;5,326;0,372;False;2,32;0
Bitcoin;Cripto;Breakout Donchian 20;Solo long;3;360;60,278;0,931;0,782;518;51,351;0,52;0,371;1,333;39,949;0,371;False;8,345;0
EUR/USD;Valute;ADX>20 + direzione DI;Solo short;40;39;66,667;0,823;1,173;30;46,667;0,023;0,371;1,024;0,104;0,371;False;5,006;0
Nasdaq 100;Indici;Reversione RSI2;Solo short;20;85;30,588;-1,179;0,369;60;33,333;-1,008;0,632;0,69;-8,977;0,369;False;7,26;0
Bitcoin;Cripto;EMA 10/30;Solo short;60;21;42,857;-13,663;0,369;29;51,724;-5,283;0,855;0,61;-22,719;0,369;False;61,645;0
EUR/CHF;Valute;Prezzo vs SMA200 + filtro VIX;Solo short;20;75;53,333;0,426;0,654;60;55,0;0,21;0,369;1,533;1,865;0,369;False;2,008;0
USD/JPY;Valute;Reversione RSI2;Long+Short;5;270;48,889;0,03;0,368;201;52,736;0,015;0,438;1,032;0,442;0,368;False;2,16;0
Oro;Commodities;Momentum 120g + filtro VIX;Long+Short;3;666;51,502;0,035;0,521;463;50,972;0,095;0,367;1,152;6,518;0,367;False;2,561;0
Bitcoin;Cripto;Momentum 20g;Long+Short;40;44;52,273;9,616;1,417;60;50,0;1,662;0,365;1,206;14,791;0,365;False;33,914;0
DAX;Indici;Momentum 10g;Long+Short;60;39;58,974;0,813;0,365;28;64,286;2,273;0,947;2,233;9,441;0,365;False;15,33;0
Bitcoin;Cripto;Prezzo vs SMA50;Solo long;40;37;59,459;12,341;0,364;47;51,064;8,222;0,562;2,409;57,303;0,364;False;27,686;0
Ethereum;Cripto;Momentum 20g;Long+Short;5;117;46,154;0,306;0,364;492;49,593;0,247;0,4;1,076;18,02;0,364;False;14,092;0
Bitcoin;Cripto;EMA 50/200 + filtro VIX;Solo long;40;29;68,966;15,455;0,98;40;60,0;7,773;0,364;2,495;46,111;0,364;False;28,843;0
Ethereum;Cripto;Momentum 10g;Solo short;20;25;52,0;0,952;0,509;95;46,316;-3,538;0,363;0,612;-49,839;0,363;False;33,784;0
Bitcoin;Cripto;Breakout Donchian 20;Solo long;40;34;58,824;12,766;0,363;46;50,0;9,349;0,957;3,233;63,776;0,363;False;24,405;0
Ethereum;Cripto;ADX>20 + direzione DI;Solo long;5;40;55,0;1,032;0,512;224;54,464;1,286;0,362;1,464;42,714;0,362;False;12,716;0
Bitcoin;Cripto;Breakout Donchian 20;Solo short;40;25;48,0;-8,548;0,362;33;51,515;-1,782;1,204;0,799;-8,723;0,362;False;41,552;0
Bitcoin;Cripto;Breakout Donchian 55;Solo long;20;60;60,0;7,799;1,044;75;56,0;3,721;0,362;1,901;41,383;0,362;False;21,224;0
Bitcoin;Cripto;Prezzo vs SMA100;Solo long;10;111;58,559;3,997;1,242;154;57,792;1,793;0,361;1,592;40,938;0,361;False;16,774;0
Ethereum;Cripto;Breakout Donchian 55 + filtro VIX;Solo long;5;23;56,522;0,933;0,36;296;54,392;1,361;0,581;1,499;59,742;0,36;False;13,925;0
Bitcoin;Cripto;Prezzo vs SMA100;Solo long;20;59;57,627;8,198;1,125;82;52,439;3,606;0,36;1,895;43,845;0,36;False;20,959;0
Ethereum;Cripto;Momentum 60g + filtro VIX;Solo long;10;23;52,174;1,796;0,36;152;55,921;3,036;0,84;1,874;68,423;0,36;False;19,193;0
Ethereum;Cripto;Momentum 60g;Solo long;10;23;52,174;1,795;0,359;159;54,088;2,547;0,389;1,641;60,066;0,359;False;19,568;0
Ethereum;Cripto;ADX>20 + direzione DI;Long+Short;10;54;51,852;0,678;0,359;213;56,338;2,2;2,298;1,607;69,497;0,359;False;20,067;0
Bitcoin;Cripto;Momentum 20g;Solo short;60;25;44,0;-14,347;0,375;32;50,0;-7,198;0,359;0,537;-34,156;0,359;False;70,724;0
Bitcoin;Cripto;Breakout Donchian 20;Solo short;3;231;44,589;-0,5;0,385;316;41,456;-0,323;0,358;0,853;-15,137;0,358;False;8,765;0
Bitcoin;Cripto;Reversione RSI2 nel trend SMA200;Long+Short;10;64;57,812;1,123;0,357;97;54,639;0,755;0,549;1,238;10,86;0,357;False;20,51;0
Nasdaq 100;Indici;Acquisto su picco VIX;Long+Short;1;238;54,202;0,065;0,356;195;53,846;0,159;0,785;1,229;4,591;0,356;False;2,645;0
Nasdaq 100;Indici;Acquisto su picco VIX;Solo long;1;238;54,202;0,065;0,356;195;53,846;0,159;0,785;1,229;4,591;0,356;False;2,645;0
Argento;Commodities;Momentum 5g;Long+Short;10;232;51,724;0,303;0,894;168;51,19;0,312;0,355;1,124;7,765;0,355;False;9,184;0
Nasdaq 100;Indici;ADX>20 + direzione DI;Solo short;60;28;25,0;-3,512;0,39;21;28,571;-4,251;0,353;0,353;-13,244;0,353;False;16,168;0
Bitcoin;Cripto;Reversione RSI2 nel trend SMA200;Solo short;5;32;56,25;-0,143;0,78;53;52,83;-0,338;0,352;0,891;-2,659;0,352;False;10,354;0
Bitcoin;Cripto;EMA 50/200;Solo long;40;31;64,516;15,044;0,798;43;60,465;7,621;0,351;2,514;48,598;0,351;False;28,963;0
Gas naturale;Commodities;ADX>20 + direzione DI;Long+Short;40;44;54,545;0,815;0,35;32;50,0;3,218;0,654;1,565;15,269;0,35;False;28,703;0
Bitcoin;Cripto;EMA 10/30;Solo short;40;27;51,852;-8,413;0,392;41;39,024;-5,051;0,35;0,548;-30,708;0,35;False;39,288;0
Bitcoin;Cripto;Reversione RSI2 nel trend SMA200;Long+Short;40;31;54,839;7,019;1,107;43;51,163;2,474;0,346;1,277;15,774;0,346;False;30,21;0
Ethereum;Cripto;SMA200 + Momentum20 concordi;Solo short;20;21;66,667;0,83;0,344;47;46,809;-2,681;0,559;0,693;-18,684;0,344;False;35,662;0
FTSE MIB;Indici;Prezzo vs SMA200 + filtro VIX;Long+Short;60;39;64,103;0,661;0,344;26;69,231;2,486;0,606;2,129;9,589;0,344;False;16,608;0
Ethereum;Cripto;ADX>25 + direzione DI;Solo short;10;33;42,424;0,324;0,344;92;52,174;-0,4;1,216;0,922;-5,464;0,344;False;20,8;0
Gas naturale;Commodities;Momentum 120g + filtro VIX;Solo long;3;328;50,305;0,008;0,5;263;50,19;0,353;0,344;1,132;13,749;0,344;False;8,487;0
Ethereum;Cripto;Breakout Donchian 20;Solo short;20;23;69,565;0,808;0,342;59;54,237;-1,145;1,256;0,85;-10,017;0,342;False;29,972;0
FTSE MIB;Indici;Momentum 5g;Long+Short;3;779;52,246;0,048;0,567;571;49,912;0,051;0,342;1,072;4,314;0,342;False;3,407;0
Euro Stoxx 50;Indici;Reversione RSI2;Solo short;10;121;47,107;0,123;0,986;85;40,0;-0,251;0,342;0,809;-3,162;0,342;False;4,018;0
Bitcoin;Cripto;Momentum 20g;Solo long;20;69;60,87;6,455;0,616;94;50,0;3,539;0,341;1,881;49,337;0,341;False;20,53;0
Argento;Commodities;ADX>20 + direzione DI;Solo short;20;63;58,73;-0,008;0,34;37;45,946;-1,222;0,553;0,681;-6,704;0,34;False;11,778;0
EUR/USD;Valute;ADX>20 + direzione DI;Solo long;60;29;55,172;-0,224;0,34;21;61,905;0,6;0,497;1,627;1,869;0,34;False;6,077;0
Ethereum;Cripto;EMA 20/50;Long+Short;10;59;59,322;2,588;1,43;245;48,571;0,611;0,339;1,129;22,191;0,339;False;19,544;0
Oro;Commodities;Momentum 120g;Long+Short;10;232;51,724;0,274;1,341;168;54,167;0,415;0,339;1,415;10,345;0,339;False;4,658;0
Oro;Commodities;Momentum 60g + filtro VIX;Solo long;5;233;52,361;0,105;0,383;201;57,711;0,34;0,338;1,463;10,124;0,338;False;3,291;0
GBP/USD;Valute;ADX>20 + direzione DI;Solo short;40;43;48,837;0,423;0,338;24;45,833;0,314;0,813;1,38;1,119;0,338;False;4,408;0
EUR/USD;Valute;Prezzo vs SMA50;Long+Short;20;121;51,24;0,1;0,485;86;44,186;0,067;0,336;1,089;0,86;0,336;False;3,632;0
Ethereum;Cripto;SMA200 + Momentum20 concordi;Solo long;3;32;50,0;0,477;0,336;329;51,672;0,835;0,548;1,389;40,758;0,336;False;10,529;0
DAX;Indici;ADX>20 + direzione DI;Solo long;40;35;71,429;1,851;0,336;23;69,565;3,387;1,195;5,86;11,558;0,336;False;9,28;0
GBP/USD;Valute;Reversione RSI2 nel trend SMA200;Solo short;20;38;52,632;0,335;0,506;21;47,619;0,131;0,334;1,133;0,408;0,334;False;3,203;0
Ethereum;Cripto;Momentum 60g;Long+Short;5;117;56,41;1,141;1,292;492;50,203;0,333;0,334;1,105;24,304;0,334;False;14,354;0
DAX;Indici;ADX>25 + direzione DI;Solo long;20;33;66,667;0,989;0,524;24;70,833;1,145;0,333;2,125;4,075;0,333;False;4,944;0
EUR/USD;Valute;ADX>25 + direzione DI;Long+Short;40;36;55,556;0,217;0,333;28;39,286;0,185;0,347;1,178;0,77;0,333;False;4,366;0
Bitcoin;Cripto;EMA 20/50;Solo long;10;110;60,909;4,076;1,434;145;55,172;1,784;0,332;1,62;38,367;0,332;False;15,813;0
Bitcoin;Cripto;Momentum 120g;Solo long;60;25;60,0;22,174;0,612;29;55,172;11,704;0,33;2,749;50,333;0,33;False;35,652;0
Bitcoin;Cripto;Prezzo vs SMA50;Solo long;60;26;57,692;19,694;0,33;34;58,824;12,689;0,549;3,044;63,978;0,33;False;35,444;0
Bitcoin;Cripto;Breakout Donchian 55;Long+Short;3;578;53,633;0,62;1,453;820;49,512;0,125;0,33;1,067;15,233;0,33;False;8,918;0
Argento;Commodities;Momentum 10g;Solo short;40;52;53,846;0,57;0,991;36;41,667;-3,393;0,33;0,51;-18,115;0,33;False;21,908;0
EUR/USD;Valute;Momentum 120g + filtro VIX;Long+Short;40;58;58,621;0,386;0,929;41;48,78;0,153;0,329;1,146;0,933;0,329;False;5,203;0
USD/JPY;Valute;EMA 20/50;Solo long;5;261;47,893;0,066;0,372;237;56,54;0,141;0,328;1,373;4,952;0,328;False;2,103;0
USD/JPY;Valute;Breakout Donchian 55 + filtro VIX;Solo short;10;86;50,0;-0,012;0,327;55;41,818;-0,113;0,524;0,842;-0,924;0,327;False;3,174;0
FTSE MIB;Indici;Prezzo vs SMA100;Solo long;40;45;57,778;0,756;0,327;36;72,222;2,655;0,475;3,363;14,182;0,327;False;13,865;0
Ethereum;Cripto;SMA200 + Momentum20 concordi;Solo short;3;113;49,558;0,18;0,326;242;46,694;-0,259;0,855;0,896;-9,295;0,326;False;10,55;0
EUR/USD;Valute;Prezzo vs SMA200;Long+Short;60;41;58,537;0,473;0,683;28;57,143;0,222;0,325;1,204;0,923;0,325;False;5,754;0
Euro Stoxx 50;Indici;Reversione RSI2;Long+Short;10;174;52,874;0,533;2,216;123;50,407;0,081;0,324;1,065;1,478;0,324;False;4,643;0
USD/JPY;Valute;ADX>20 + direzione DI;Solo long;60;27;62,963;1,216;0,669;21;71,429;1,818;0,323;2,329;5,66;0,323;False;7,309;0
Euro Stoxx 50;Indici;Breakout Donchian 55;Long+Short;60;39;48,718;0,565;0,323;27;66,667;2,002;0,701;2,005;8,017;0,323;False;13,929;0
Bitcoin;Cripto;Momentum 20g;Solo long;10;123;57,724;3,381;0,944;174;58,046;1,723;0,322;1,591;44,455;0,322;False;14,501;0
EUR/USD;Valute;Breakout Donchian 20;Long+Short;20;121;49,587;0,063;0,321;86;45,349;0,114;0,508;1,155;1,457;0,321;False;3,193;0
Euro Stoxx 50;Indici;Reversione RSI2 nel trend SMA200;Solo long;1;111;54,955;0,032;0,321;83;66,265;0,078;0,473;1,228;0,959;0,321;False;1,532;0
Ethereum;Cripto;Breakout Donchian 20;Solo short;10;44;61,364;0,364;0,32;114;48,246;-0,826;1,054;0,845;-13,965;0,32;False;22,044;0
Oro;Commodities;EMA 10/30;Long+Short;10;232;50,862;0,058;0,319;168;51,786;0,313;0,612;1,297;7,794;0,319;False;4,81;0
Ethereum;Cripto;EMA 20/50;Solo long;3;54;51,852;0,371;0,319;473;54,334;0,769;0,44;1,356;53,925;0,319;False;9,957;0
Ethereum;Cripto;Prezzo vs SMA20;Long+Short;5;117;48,718;1,083;1,202;492;48,171;0,195;0,318;1,06;14,223;0,318;False;13,586;0
Bitcoin;Cripto;Momentum 20g;Solo long;40;38;50,0;12,399;0,318;51;64,706;7,905;0,566;2,735;59,783;0,318;False;27,553;0
USD/JPY;Valute;Momentum 60g + filtro VIX;Solo long;60;30;50,0;1,313;0,918;23;69,565;1,696;0,317;3,133;5,785;0,317;False;5,457;0
Bitcoin;Cripto;Momentum 60g + filtro VIX;Solo long;5;216;57,87;1,922;1,34;269;48,327;0,874;0,317;1,404;34,877;0,317;False;11,537;0
GBP/USD;Valute;ADX>25 + direzione DI;Solo short;5;115;52,174;0,064;0,317;74;51,351;0,056;0,332;1,1;0,61;0,317;False;1,956;0
Petrolio WTI;Commodities;Momentum 5g;Long+Short;20;116;49,138;0,271;0,315;84;58,333;2,033;1,374;1,565;25,326;0,315;False;15,071;0
Bitcoin;Cripto;Prezzo vs SMA200 + filtro VIX;Long+Short;3;487;56,674;0,812;1,94;669;49,178;0,184;0,315;1,111;18,255;0,315;False;8,183;0
DAX;Indici;ADX>20 + direzione DI;Solo long;10;86;56,977;0,428;0,314;62;59,677;0,797;1,096;2,105;7,327;0,314;False;4,043;0
EUR/USD;Valute;Reversione RSI2;Long+Short;60;38;63,158;0,462;0,58;26;50,0;0,234;0,313;1,218;0,902;0,313;False;5,576;0
EUR/USD;Valute;ADX>25 + direzione DI;Solo long;1;399;49,123;0,0;0,313;367;47,411;0,019;0,707;1,114;1,058;0,313;False;1,052;0
DAX;Indici;Reversione RSI2;Solo short;5;168;46,429;-0,094;0,312;120;45,833;-0,127;0,325;0,861;-2,27;0,312;False;3,199;0
Bitcoin;Cripto;Prezzo vs SMA20;Solo short;3;279;45,52;-0,205;1,121;430;45,814;-0,359;0,311;0,826;-22,88;0,311;False;8,777;0
Bitcoin;Cripto;EMA 10/30;Solo long;60;25;60,0;19,599;0,328;33;63,636;11,167;0,311;2,782;54,648;0,311;False;37,462;0
Oro;Commodities;ADX>25 + direzione DI;Solo long;40;28;57,143;1,019;0,311;23;78,261;3,794;1,041;6,445;12,94;0,311;False;8,321;0
Argento;Commodities;Momentum 120g + filtro VIX;Solo short;5;230;49,13;0,049;0,31;104;46,154;-0,142;0,585;0,918;-2,194;0,31;False;5,901;0
Petrolio WTI;Commodities;Momentum 10g;Solo short;60;36;50,0;0,793;0,309;24;41,667;-3,616;0,445;0,625;-12,87;0,309;False;25,015;0
S&P 500;Indici;Reversione RSI2;Solo long;3;129;55,814;0,182;0,307;102;65,686;0,504;1,349;1,735;7,63;0,307;False;3,069;0
Gas naturale;Commodities;Reversione RSI2;Solo long;3;159;44,654;-0,004;0,307;117;49,573;0,427;0,39;1,171;7,401;0,307;False;8,228;0
Bitcoin;Cripto;Prezzo vs SMA100;Solo long;40;33;69,697;14,426;0,759;45;53,333;7,241;0,306;2,312;48,321;0,306;False;25,753;0
USD/JPY;Valute;EMA 20/50;Long+Short;60;41;56,098;0,245;0,304;28;60,714;0,945;0,403;1,769;3,926;0,304;False;6,036;0
DAX;Indici;Reversione RSI2 nel trend SMA200;Solo short;5;32;53,125;0,023;0,303;20;50,0;0,136;0,456;1,108;0,403;0,303;False;5,025;0
Oro;Commodities;ADX>25 + direzione DI;Long+Short;60;29;65,517;0,656;0,303;22;54,545;2,127;0,747;2,096;6,94;0,303;False;10,482;0
EUR/USD;Valute;Momentum 60g;Long+Short;20;121;50,413;0,13;0,542;86;40,698;0,07;0,302;1,092;0,89;0,302;False;3,493;0
USD/JPY;Valute;Momentum 60g + filtro VIX;Solo long;40;44;52,273;0,813;0,8;34;58,824;1,082;0,302;2,464;5,458;0,302;False;4,75;0
Oro;Commodities;Momentum 120g;Long+Short;60;39;46,154;0,602;0,3;27;51,852;2,79;0,633;2,056;11,169;0,3;False;10,734;0
Oro;Commodities;Momentum 60g + filtro VIX;Long+Short;60;38;57,895;0,442;0,299;26;65,385;3,779;1,152;2,971;14,57;0,299;False;9,783;0
Ethereum;Cripto;Prezzo vs SMA200;Long+Short;10;59;50,847;1,145;0,694;245;49,388;0,54;0,297;1,113;19,628;0,297;False;20,209;0
Ethereum;Cripto;Momentum 120g + filtro VIX;Solo long;3;59;47,458;0,352;0,297;438;52,74;0,863;0,72;1,403;56,074;0,297;False;10,501;0
USD/JPY;Valute;EMA 50/200 + filtro VIX;Solo long;40;37;54,054;0,752;0,731;31;67,742;1,109;0,297;2,24;5,097;0,297;False;5,511;0
Ethereum;Cripto;Momentum 120g;Long+Short;10;59;50,847;0,776;0,475;245;50,612;0,556;0,296;1,117;20,215;0,296;False;20,215;0
Ethereum;Cripto;EMA 50/200 + filtro VIX;Solo short;3;134;50,0;0,442;0,784;249;46,586;-0,498;0,295;0,805;-18,378;0,295;False;10,41;0
FTSE MIB;Indici;SMA200 + Momentum20 concordi;Solo long;5;212;51,887;0,045;0,293;206;55,34;0,302;0,557;1,46;9,216;0,293;False;3,792;0
Bitcoin;Cripto;Reversione RSI2;Long+Short;60;28;50,0;-3,156;0,309;38;57,895;3,221;0,293;1,291;18,151;0,293;False;54,125;0
Nasdaq 100;Indici;Reversione RSI2 nel trend SMA200;Long+Short;10;89;62,921;0,704;0,767;59;59,322;0,654;0,291;1,391;5,725;0,291;False;6,177;0
Oro;Commodities;Momentum 120g + filtro VIX;Solo short;3;304;49,013;0,005;0,291;138;52,899;-0,097;0,356;0,864;-1,984;0,291;False;2,679;0
GBP/USD;Valute;Reversione RSI2;Solo short;5;151;47,682;0,06;0,29;114;53,509;0,125;1,368;1,344;2,109;0,29;False;1,741;0
USD/JPY;Valute;EMA 10/30;Long+Short;20;121;50,413;0,057;0,289;86;58,14;0,355;0,836;1,463;4,527;0,289;False;4,27;0
Bitcoin;Cripto;SMA200 + Momentum20 concordi;Solo short;5;90;45,556;-0,058;1,343;148;43,243;-0,552;0,289;0,814;-12,117;0,289;False;11,296;0
GBP/USD;Valute;Reversione RSI2;Solo long;10;113;47,788;-0,002;0,391;82;50,0;0,079;0,289;1,122;0,959;0,289;False;2,79;0
EUR/CHF;Valute;EMA 50/200 + filtro VIX;Solo short;60;29;58,621;0,838;0,288;24;62,5;0,588;0,421;2,604;2,093;0,288;False;3,392;0
Ethereum;Cripto;Momentum 60g;Solo long;3;69;52,174;0,76;0,756;500;52,0;0,711;0,287;1,332;52,732;0,287;False;10,559;0
Bitcoin;Cripto;Breakout Donchian 20;Long+Short;3;578;52,941;0,372;0,835;820;49,756;0,162;0,286;1,088;19,722;0,286;False;8,829;0
Ethereum;Cripto;EMA 10/30;Solo long;3;69;52,174;0,307;0,286;460;52,391;0,759;0,427;1,355;51,803;0,286;False;10,105;0
Bitcoin;Cripto;Momentum 120g;Long+Short;3;578;54,325;0,537;1,074;820;49,39;0,098;0,286;1,052;11,898;0,286;False;8,918;0
Argento;Commodities;Momentum 120g + filtro VIX;Long+Short;10;209;49,282;0,094;0,285;149;48,322;0,626;0,408;1,248;13,827;0,285;False;9,06;0
DAX;Indici;Reversione RSI2;Solo short;20;80;38,75;-0,591;0,284;60;45,0;-0,087;0,982;0,958;-0,776;0,284;False;6,74;0
EUR/USD;Valute;Reversione RSI2 nel trend SMA200;Long+Short;40;45;57,778;0,667;1,659;32;56,25;0,143;0,284;1,126;0,677;0,284;False;4,933;0
Bitcoin;Cripto;Momentum 20g;Long+Short;10;174;55,747;2,349;2,017;245;51,02;0,336;0,283;1,093;12,19;0,283;False;16,693;0
Bitcoin;Cripto;Prezzo vs SMA200;Solo short;5;126;48,413;-0,321;1,174;217;45,161;-0,599;0,282;0,788;-19,284;0,282;False;11,002;0
USD/JPY;Valute;ADX>20 + direzione DI;Long+Short;3;431;50,812;0,013;0,282;363;52,066;0,113;1,974;1,327;6,064;0,282;False;1,877;0
Argento;Commodities;Prezzo vs SMA50;Long+Short;20;116;54,31;0,171;0,281;84;47,619;0,693;0,491;1,201;8,633;0,281;False;11,627;0
Bitcoin;Cripto;EMA 20/50;Solo long;5;213;60,563;1,971;1,269;284;54,577;0,857;0,281;1,424;36,073;0,281;False;12,816;0
Ethereum;Cripto;Prezzo vs SMA50;Long+Short;20;30;66,667;2,521;0,643;122;50,0;0,75;0,281;1,101;13,564;0,281;False;32,139;0
Oro;Commodities;Prezzo vs SMA200 + filtro VIX;Long+Short;60;38;50,0;0,368;0,28;26;69,231;3,747;0,939;2,94;14,446;0,28;False;9,438;0
Nasdaq 100;Indici;Momentum 10g;Long+Short;10;232;58,19;0,241;0,279;168;59,524;0,466;0,906;1,347;11,621;0,279;False;5,533;0
GBP/USD;Valute;Reversione RSI2;Long+Short;60;38;50,0;0,286;0,503;27;40,741;0,165;0,278;1,12;0,66;0,278;False;6,519;0
Ethereum;Cripto;Prezzo vs SMA200 + filtro VIX;Solo short;1;350;53,714;0,094;0,403;673;46,657;-0,168;0,277;0,874;-16,726;0,277;False;5,259;0
S&P 500;Indici;Reversione RSI2;Solo short;20;85;35,294;-0,643;0,828;61;29,508;-0,964;0,277;0,563;-8,721;0,277;False;5,22;0
Ethereum;Cripto;Prezzo vs SMA20;Long+Short;10;59;52,542;1,382;0,716;245;47,755;0,261;0,273;1,053;9,496;0,273;False;20,762;0
Gas naturale;Commodities;Momentum 60g + filtro VIX;Solo long;5;225;48,889;0,107;0,552;168;50,0;0,671;0,273;1,204;16,725;0,273;False;10,283;0
Nasdaq 100;Indici;Prezzo vs SMA20;Solo long;60;38;76,316;4,205;0,267;26;65,385;5,575;0,326;5,139;21,502;0,267;False;13,162;0
GBP/USD;Valute;Breakout Donchian 20;Long+Short;20;121;50,413;0,056;0,267;86;45,349;0,087;0,291;1,096;1,107;0,267;False;3,659;0
Bitcoin;Cripto;Breakout Donchian 55;Long+Short;5;347;55,331;1,105;1,638;491;48,473;0,196;0,266;1,082;14,267;0,266;False;11,705;0
USD/JPY;Valute;ADX>25 + direzione DI;Solo long;40;24;50,0;1,034;0,867;21;66,667;1,167;0,265;2,086;3,634;0,265;False;4,612;0
Ethereum;Cripto;Prezzo vs SMA100;Solo long;5;33;54,545;0,951;0,483;306;51,307;1,192;0,263;1,413;54,08;0,263;False;13,015;0
DAX;Indici;Momentum 10g;Solo short;20;89;41,573;-0,544;0,338;63;34,921;-0,734;0,262;0,662;-6,863;0,262;False;6,919;0
Bitcoin;Cripto;Momentum 60g + filtro VIX;Solo short;40;20;40,0;-2,391;2,295;32;40,625;-5,102;0,262;0,578;-24,212;0,262;False;34,969;0
Nasdaq 100;Indici;Reversione RSI2;Solo short;40;48;27,083;-2,46;0,363;35;34,286;-2,802;0,262;0,438;-14,552;0,262;False;10,889;0
Oro;Commodities;Reversione RSI2;Solo long;20;71;57,746;0,606;0,54;47;61,702;1,485;0,261;2,051;10,351;0,261;False;7,339;0
Oro;Commodities;Momentum 20g;Solo short;10;150;46,667;-0,05;0,399;94;42,553;-0,524;0,261;0,685;-7,308;0,261;False;4,672;0
Bitcoin;Cripto;Momentum 20g;Solo long;60;27;55,556;19,496;0,277;37;59,459;10,767;0,261;2,625;59,075;0,261;False;31,021;0
S&P 500;Indici;Reversione RSI2 nel trend SMA200;Solo long;1;161;54,658;0,049;0,26;104;54,808;0,047;0,278;1,149;0,733;0,26;False;1,323;0
EUR/USD;Valute;Reversione RSI2;Solo short;40;47;57,447;0,448;0,374;34;55,882;-0,01;0,26;0,992;-0,05;0,26;False;4,807;0
Bitcoin;Cripto;Momentum 60g;Solo long;3;371;59,569;1,098;1,189;482;51,245;0,499;0,26;1,31;35,696;0,26;False;9,003;0
USD/JPY;Valute;Momentum 60g + filtro VIX;Long+Short;60;39;56,41;0,604;0,841;27;59,259;0,791;0,258;1,637;3,166;0,258;False;6,848;0
USD/JPY;Valute;ADX>20 + direzione DI;Solo short;5;152;50,0;-0,009;0,258;117;52,991;0,191;2,074;1,366;3,306;0,258;False;2,239;0
Bitcoin;Cripto;Momentum 60g + filtro VIX;Long+Short;3;487;55,236;0,669;1,428;669;48,879;0,165;0,256;1,099;16,368;0,256;False;8,183;0
Bitcoin;Cripto;EMA 50/200 + filtro VIX;Solo short;3;167;43,713;-0,341;0,841;215;47,907;-0,351;0,255;0,821;-11,185;0,255;False;7,896;0
USD/JPY;Valute;Momentum 60g + filtro VIX;Solo short;20;71;47,887;-0,104;0,255;35;54,286;0,161;1,417;1,193;0,834;0,255;False;4,257;0
Bitcoin;Cripto;ADX>25 + direzione DI;Solo long;60;23;65,217;21,791;0,509;26;57,692;11,247;0,255;2,684;43,364;0,255;False;34,025;0
Oro;Commodities;Momentum 120g + filtro VIX;Long+Short;5;407;52,088;0,055;0,457;287;50,871;0,159;0,255;1,201;6,772;0,255;False;3,412;0
Petrolio WTI;Commodities;Momentum 5g;Long+Short;5;463;52,052;0,118;0,597;338;45,266;0,09;0,252;1,039;4,49;0,252;False;7,884;0
Oro;Commodities;Momentum 120g;Long+Short;20;116;49,138;0,375;0,81;84;53,571;0,741;0,251;1,5;9,235;0,251;False;6,257;0
Ethereum;Cripto;Momentum 20g;Solo short;5;83;51,807;0,133;0,251;276;47,101;-0,629;0,776;0,824;-25,747;0,251;False;14,39;0
Bitcoin;Cripto;Momentum 20g;Long+Short;3;578;52,422;0,567;1,649;820;50,366;0,084;0,251;1,045;10,203;0,251;False;8,601;0
Ethereum;Cripto;Breakout Donchian 20;Solo short;5;85;55,294;0,162;0,249;217;46,083;-0,59;0,738;0,837;-18,984;0,249;False;14,315;0
GBP/USD;Valute;Reversione RSI2;Long+Short;3;373;46,381;0,013;0,249;262;54,198;0,041;0,736;1,136;1,612;0,249;False;1,44;0
Bitcoin;Cripto;Breakout Donchian 20;Solo short;60;20;45,0;-14,78;0,249;24;54,167;-3,218;1,19;0,718;-11,452;0,249;False;73,944;0
S&P 500;Indici;Reversione RSI2 nel trend SMA200;Solo long;5;80;62,5;0,26;0,248;61;63,934;0,57;1,273;2,146;5,155;0,248;False;2,864;0
Petrolio WTI;Commodities;SMA200 + Momentum20 concordi;Solo short;10;92;53,261;0,144;0,248;80;47,5;-0,055;0,551;0,983;-0,651;0,248;False;12,13;0
FTSE MIB;Indici;Reversione RSI2;Long+Short;40;53;50,943;0,282;0,248;38;34,211;0,09;0,387;1,031;0,51;0,248;False;12,313;0
Nasdaq 100;Indici;ADX>20 + direzione DI;Long+Short;60;33;60,606;0,724;0,324;24;54,167;1,765;0,246;1,497;6,283;0,246;False;12,569;0
Bitcoin;Cripto;Reversione RSI2 nel trend SMA200;Long+Short;5;79;55,696;0,47;0,245;123;54,472;0,414;0,475;1,17;7,55;0,245;False;14,885;0
EUR/USD;Valute;Prezzo vs SMA50;Solo short;60;33;51,515;0,646;0,349;23;52,174;-0,034;0,242;0,973;-0,115;0,242;False;4,439;0
USD/JPY;Valute;Prezzo vs SMA100;Long+Short;20;121;51,24;0,048;0,241;86;63,953;0,507;1,304;1,735;6,464;0,241;False;4,055;0
Nasdaq 100;Indici;Reversione RSI2;Solo short;5;182;39,56;-0,165;1,017;130;43,077;-0,319;0,241;0,718;-6,147;0,241;False;2,863;0
Ethereum;Cripto;ADX>25 + direzione DI;Long+Short;10;46;41,304;0,347;0,238;162;53,086;1,657;1,51;1,378;39,818;0,238;False;20,654;0
Oro;Commodities;Momentum 10g;Long+Short;10;232;50,862;0,055;0,238;168;53,571;0,253;0,552;1,213;6,311;0,238;False;4,904;0
DAX;Indici;Reversione RSI2;Solo short;10;123;39,837;-0,195;0,498;89;47,191;-0,339;0,236;0,772;-4,471;0,236;False;4,616;0
Bitcoin;Cripto;Prezzo vs SMA200;Solo long;60;20;75,0;25,21;0,982;28;64,286;10,866;0,236;2,91;45,119;0,236;False;28,384;0
EUR/USD;Valute;Breakout Donchian 20;Solo short;10;133;54,135;0,118;0,236;87;47,126;0,018;0,28;1,034;0,226;0,236;False;2,693;0
Bitcoin;Cripto;Momentum 5g;Long+Short;10;174;52,874;1,07;0,917;245;46,939;0,256;0,235;1,07;9,298;0,235;False;16,828;0
GBP/USD;Valute;ADX>20 + direzione DI;Solo long;3;199;49,246;-0,004;0,234;157;50,318;0,035;0,46;1,115;0,819;0,234;False;1,491;0
Ethereum;Cripto;Breakout Donchian 55 + filtro VIX;Solo long;3;38;50,0;0,363;0,234;484;52,479;0,722;0,329;1,338;51,79;0,234;False;10,553;0
Ethereum;Cripto;ADX>20 + direzione DI;Solo short;20;23;60,87;-0,004;0,234;73;52,055;-2,876;0,529;0,687;-31,134;0,234;False;37,794;0
Bitcoin;Cripto;Breakout Donchian 55;Long+Short;10;174;56,322;2,473;1,783;245;50,204;0,4;0,233;1,112;14,519;0,233;False;16,717;0
Bitcoin;Cripto;Prezzo vs SMA20;Solo long;60;27;59,259;18,785;0,236;37;54,054;10,625;0,231;2,699;58,297;0,231;False;28,816;0
EUR/CHF;Valute;Reversione RSI2;Solo long;60;33;42,424;-0,522;0,23;24;41,667;-0,217;0,545;0,756;-0,774;0,23;False;4,392;0
FTSE MIB;Indici;EMA 50/200 + filtro VIX;Long+Short;5;413;52,785;0,045;0,315;287;54,355;0,17;0,229;1,221;7,254;0,229;False;4,438;0
Oro;Commodities;SMA200 + Momentum20 concordi;Long+Short;60;38;50,0;0,306;0,229;26;69,231;3,367;0,794;3,283;12,983;0,229;False;12,364;0
Bitcoin;Cripto;Breakout Donchian 55;Long+Short;60;29;65,517;17,243;1,553;40;52,5;2,071;0,229;1,203;12,284;0,229;False;41,829;0
Oro;Commodities;Momentum 20g;Solo short;20;83;49,398;-0,2;0,277;53;43,396;-1,138;0,227;0,555;-8,942;0,227;False;7,962;0
USD/JPY;Valute;Momentum 60g;Long+Short;60;41;58,537;0,33;0,518;28;67,857;1,013;0,226;1,848;4,205;0,226;False;6,036;0
Petrolio WTI;Commodities;Momentum 60g + filtro VIX;Solo short;40;39;46,154;0,223;0,226;27;51,852;0,517;1,145;1,083;2,069;0,226;False;24,118;0
EUR/USD;Valute;ADX>25 + direzione DI;Solo short;3;160;55,625;0,091;0,861;110;50,909;0,014;0,226;1,044;0,224;0,226;False;1,478;0
Bitcoin;Cripto;Momentum 120g + filtro VIX;Solo long;3;347;59,366;1,163;1,389;428;52,336;0,492;0,225;1,33;31,226;0,225;False;9,198;0
Argento;Commodities;Reversione RSI2;Long+Short;20;96;51,042;0,17;0,225;70;52,857;0,687;0,785;1,187;7,135;0,225;False;13,59;0
FTSE MIB;Indici;SMA200 + Momentum20 concordi;Solo long;20;66;59,091;0,326;0,265;58;58,621;1,173;0,224;2,232;10,089;0,224;False;8,174;0
Bitcoin;Cripto;EMA 20/50;Long+Short;40;44;52,273;11,515;1,879;60;43,333;1,673;0,224;1,207;14,885;0,224;False;30,558;0
USD/JPY;Valute;Momentum 60g;Long+Short;10;241;51,452;0,125;1,092;174;55,172;0,111;0,224;1,18;2,876;0,224;False;2,906;0
Bitcoin;Cripto;Momentum 5g;Solo short;10;128;40,625;-1,712;0,563;187;42,246;-1,33;0,224;0,67;-36,881;0,224;False;18,575;0
USD/JPY;Valute;Momentum 60g + filtro VIX;Solo short;10;122;50,0;-0,043;0,223;61;45,902;0,011;1,046;1,017;0,102;0,223;False;2,67;0
Petrolio WTI;Commodities;Prezzo vs SMA20;Long+Short;20;116;48,276;0,193;0,223;84;58,333;2,425;1,715;1,713;30,207;0,223;False;14,908;0
Bitcoin;Cripto;Reversione RSI2;Solo long;60;25;56,0;23,014;0,661;33;57,576;10,84;0,223;2,391;53,047;0,223;False;35,56;0
Bitcoin;Cripto;Momentum 10g;Long+Short;5;347;52,45;0,688;1,106;491;48,269;0,125;0,221;1,051;9,072;0,221;False;11,76;0
FTSE MIB;Indici;EMA 50/200 + filtro VIX;Solo short;5;163;51,534;0,132;0,493;52;50,0;-0,109;0,219;0,927;-0,843;0,219;False;5,125;0
Oro;Commodities;Momentum 60g;Solo long;40;42;54,762;1,088;0,495;37;59,459;2,923;0,218;3,365;16,039;0,218;False;7,443;0
Euro Stoxx 50;Indici;Reversione RSI2;Long+Short;3;336;46,131;0,068;0,649;237;50,633;0,011;0,218;1,016;0,4;0,218;False;2,948;0
USD/JPY;Valute;Prezzo vs SMA100;Solo short;10;131;49,618;-0,048;0,218;71;46,479;-0,147;0,402;0,806;-1,548;0,218;False;2,856;0
USD/JPY;Valute;Momentum 5g;Solo short;20;103;49,515;-0,12;0,217;73;42,466;-0,373;0,243;0,673;-4,034;0,217;False;4,377;0
Bitcoin;Cripto;EMA 50/200;Solo long;20;58;62,069;7,696;0,911;82;54,878;3,39;0,216;1,769;41,225;0,216;False;24,752;0
Ethereum;Cripto;Momentum 60g + filtro VIX;Solo short;1;291;54,639;0,305;1,185;645;46,202;-0,175;0,216;0,875;-16,702;0,216;False;5,503;0
Bitcoin;Cripto;Fine/inizio mese;Long+Short;10;57;68,421;4,684;1,431;80;58,75;1,742;0,216;1,593;20,662;0,216;False;14,155;0
Bitcoin;Cripto;Fine/inizio mese;Solo long;10;57;68,421;4,684;1,431;80;58,75;1,742;0,216;1,593;20,662;0,216;False;14,155;0
S&P 500;Indici;Reversione RSI2;Solo long;5;104;57,692;0,261;0,215;89;60,674;0,655;1,146;1,818;8,647;0,215;False;4,091;0
Nasdaq 100;Indici;ADX>20 + direzione DI;Solo short;20;53;33,962;-1,194;0,215;39;28,205;-1,348;0,213;0,565;-7,8;0,213;False;8,432;0
Oro;Commodities;Momentum 60g + filtro VIX;Solo long;40;39;51,282;0,888;0,211;32;62,5;3,083;0,351;3,484;14,629;0,211;False;7,296;0
Petrolio WTI;Commodities;Prezzo vs SMA50;Solo short;20;75;48,0;0,124;0,211;58;46,552;-1,152;0,271;0,779;-9,907;0,211;False;16,497;0
Ethereum;Cripto;EMA 20/50;Solo long;5;33;54,545;0,587;0,211;287;54,007;1,309;0,448;1,467;55,706;0,211;False;13,006;0
Argento;Commodities;Prezzo vs SMA50;Solo short;3;483;49,689;0,166;1,268;271;48,708;-0,133;0,21;0,908;-5,357;0,21;False;4,154;0
GBP/USD;Valute;Momentum 60g;Long+Short;40;61;55,738;0,588;1,747;42;50,0;0,138;0,209;1,113;0,859;0,209;False;4,61;0
FTSE MIB;Indici;Prezzo vs SMA200 + filtro VIX;Solo short;3;268;47,015;0,056;0,209;85;49,412;0,123;0,809;1,133;1,546;0,209;False;3,979;0
USD/JPY;Valute;Momentum 20g;Solo long;40;54;53,704;0,461;0,209;38;63,158;1,182;0,446;2,421;6,66;0,209;False;6,473;0
Oro;Commodities;Momentum 120g;Long+Short;40;58;50,0;0,289;0,272;42;54,762;1,491;0,208;1,785;9,287;0,208;False;10,587;0
Bitcoin;Cripto;Breakout Donchian 55;Solo long;10;119;57,143;3,617;1,066;146;53,425;1,671;0,208;1,557;36,181;0,208;False;15,203;0
Bitcoin;Cripto;Momentum 120g;Solo long;5;247;54,656;1,59;0,864;289;54,671;0,822;0,208;1,409;35,246;0,208;False;12,019;0
EUR/CHF;Valute;SMA200 + Momentum20 concordi;Long+Short;40;57;49,123;0,294;0,543;41;43,902;0,157;0,207;1,298;0,955;0,207;False;3,153;0
Petrolio WTI;Commodities;Breakout Donchian 20;Solo short;10;119;49,58;0,199;0,42;95;50,526;-0,445;0,207;0,888;-6,27;0,207;False;11,768;0
S&P 500;Indici;Reversione RSI2;Long+Short;1;673;47,251;-0,003;0,207;463;49,46;0,05;1,198;1,171;3,449;0,207;False;1,172;0
Ethereum;Cripto;Prezzo vs SMA200 + filtro VIX;Solo long;3;47;53,191;0,277;0,207;443;53,499;0,889;0,805;1,423;58,376;0,207;False;10,65;0
Bitcoin;Cripto;Breakout Donchian 55;Long+Short;20;87;58,621;5,735;1,864;122;49,18;0,735;0,207;1,143;13,295;0,207;False;24,146;0
Argento;Commodities;Prezzo vs SMA20;Long+Short;10;232;56,034;0,636;1,884;168;53,571;0,231;0,207;1,091;5,757;0,207;False;8,64;0
EUR/CHF;Valute;Prezzo vs SMA200 + filtro VIX;Solo short;40;42;59,524;0,679;0,565;33;54,545;0,351;0,206;1,859;1,718;0,206;False;2,854;0
Bitcoin;Cripto;Breakout Donchian 55;Solo long;40;31;54,839;16,543;0,903;41;56,098;6,987;0,206;2,172;42,48;0,206;False;31,498;0
Euro Stoxx 50;Indici;Reversione RSI2;Solo long;40;44;59,091;0,876;0,235;30;56,667;1,822;0,206;2,061;8,108;0,206;False;11,012;0
USD/JPY;Valute;Momentum 10g;Solo short;20;99;47,475;-0,056;0,576;67;40,299;-0,384;0,205;0,671;-3,82;0,205;False;4,129;0
USD/JPY;Valute;EMA 20/50;Solo long;10;136;52,941;0,16;0,529;121;66,116;0,261;0,205;1,466;4,679;0,205;False;2,738;0
Bitcoin;Cripto;Prezzo vs SMA100;Solo long;60;23;65,217;22,664;0,727;31;61,29;10,651;0,205;2,714;48,963;0,205;False;37,208;0
Oro;Commodities;Momentum 120g;Solo short;10;116;51,724;0,145;0,994;48;41,667;-0,516;0,205;0,683;-3,67;0,205;False;4,545;0
Gas naturale;Commodities;Momentum 10g;Solo long;60;36;44,444;-0,186;0,204;25;60,0;8,696;0,402;1,952;32,239;0,204;False;29,964;0
GBP/USD;Valute;ADX>25 + direzione DI;Solo short;3;182;52,747;0,032;0,204;116;49,138;0,059;0,543;1,146;1,018;0,204;False;1,606;0
Ethereum;Cripto;Fine/inizio mese;Long+Short;5;20;60,0;0,448;0,203;80;60,0;1,882;0,824;1,774;22,327;0,203;False;12,595;0
Ethereum;Cripto;Fine/inizio mese;Solo long;5;20;60,0;0,448;0,203;80;60,0;1,882;0,824;1,774;22,327;0,203;False;12,595;0
Ethereum;Cripto;ADX>20 + direzione DI;Solo long;3;59;49,153;0,269;0,202;361;54,571;0,746;0,339;1,346;39,928;0,202;False;10,357;0
USD/JPY;Valute;Prezzo vs SMA100;Long+Short;10;241;48,963;0,027;0,201;174;56,897;0,154;0,592;1,258;3,97;0,201;False;2,923;0
EUR/USD;Valute;Prezzo vs SMA200 + filtro VIX;Solo long;5;202;46,535;0,025;0,835;175;53,143;0,024;0,201;1,07;0,627;0,201;False;1,715;0
Argento;Commodities;Momentum 120g;Solo short;3;452;50,0;0,027;0,2;214;49,533;-0,04;0,58;0,969;-1,279;0,2;False;4,421;0
Oro;Commodities;Prezzo vs SMA100;Solo short;20;70;47,143;-0,226;0,198;33;45,455;-0,934;0,476;0,58;-4,569;0,198;False;6,346;0
FTSE MIB;Indici;Reversione RSI2 nel trend SMA200;Solo long;3;69;57,971;0,115;0,55;64;59,375;0,158;0,198;1,245;1,498;0,198;False;3,506;0
Bitcoin;Cripto;Momentum 10g;Solo short;20;65;41,538;-3,805;0,482;96;39,583;-2,709;0,198;0,578;-38,57;0,198;False;30,74;0
Gas naturale;Commodities;Breakout Donchian 20;Long+Short;60;39;46,154;0,648;0,197;27;44,444;4,018;0,538;1,336;16,087;0,197;False;38,77;0
Argento;Commodities;Momentum 120g;Solo short;10;144;47,917;0,104;0,489;71;42,254;-0,762;0,196;0,728;-8,02;0,196;False;8,602;0
Argento;Commodities;Momentum 120g;Long+Short;40;58;53,448;0,195;0,195;42;57,143;2,235;0,317;1,425;13,921;0,195;False;18,814;0
Bitcoin;Cripto;Prezzo vs SMA100;Solo long;5;214;57,477;2,014;1,518;298;51,678;0,82;0,195;1,387;36,219;0,195;False;12,001;0
Nasdaq 100;Indici;Reversione RSI2;Solo short;60;35;31,429;-2,811;1,308;23;26,087;-4,602;0,194;0,332;-15,702;0,194;False;13,621;0
Ethereum;Cripto;EMA 50/200;Solo short;10;49;57,143;1,091;0,764;110;48,182;-1,883;0,194;0,659;-30,72;0,194;False;21,293;0
Petrolio WTI;Commodities;ADX>25 + direzione DI;Solo short;5;129;55,039;0,144;0,349;61;44,262;-0,075;0,194;0,976;-0,682;0,194;False;9,123;0
Bitcoin;Cripto;ADX>20 + direzione DI;Long+Short;40;40;52,5;6,058;1,307;57;40,351;0,935;0,193;1,107;7,901;0,193;False;34,962;0
DAX;Indici;Momentum 5g;Solo short;20;99;35,354;-0,642;0,193;71;33,803;-0,702;0,309;0,687;-7,394;0,193;False;7,341;0
Ethereum;Cripto;Prezzo vs SMA100;Solo short;5;87;60,92;1,54;1,618;228;41,667;-0,93;0,192;0,749;-31,459;0,192;False;13,782;0
Bitcoin;Cripto;Breakout Donchian 55 + filtro VIX;Solo long;10;112;59,821;4,057;1,374;139;54,676;1,644;0,192;1,566;33,885;0,192;False;16,168;0
Bitcoin;Cripto;Prezzo vs SMA200;Solo long;10;114;60,526;3,99;1,341;153;54,248;1,64;0,19;1,574;37,218;0,19;False;14,853;0
Petrolio WTI;Commodities;Momentum 20g;Long+Short;5;463;51,404;0,038;0,19;338;51,479;0,272;0,735;1,122;13,658;0,19;False;8,438;0
Gas naturale;Commodities;Reversione RSI2;Solo short;5;137;53,285;0,231;0,19;109;46,789;0,48;0,796;1,14;7,756;0,19;False;12,289;0
Bitcoin;Cripto;Momentum 20g;Solo long;5;230;56,957;1,681;1,005;313;51,118;0,811;0,189;1,383;37,626;0,189;False;10,421;0
EUR/CHF;Valute;ADX>20 + direzione DI;Solo short;10;97;54,639;0,155;0,189;74;59,459;0,194;0,961;1,603;2,133;0,189;False;1,829;0
Oro;Commodities;Breakout Donchian 20;Solo short;20;73;46,575;-0,103;0,5;36;44,444;-1,168;0,189;0,472;-6,237;0,189;False;7,08;0
Argento;Commodities;Momentum 20g;Long+Short;60;39;35,897;0,37;0,189;27;55,556;8,541;1,092;2,919;34,196;0,189;False;20,061;0
EUR/CHF;Valute;Reversione RSI2 nel trend SMA200;Long+Short;20;63;52,381;0,232;0,459;45;42,222;0,091;0,188;1,211;0,604;0,188;False;2,333;0
Oro;Commodities;Momentum 10g;Solo short;60;36;38,889;-0,432;0,628;25;32,0;-3,743;0,188;0,273;-13,877;0,188;False;13,21;0
EUR/CHF;Valute;Acquisto su picco VIX;Long+Short;10;43;55,814;0,023;0,236;34;52,941;-0,031;0,188;0,938;-0,155;0,188;False;2,001;0
EUR/CHF;Valute;Acquisto su picco VIX;Solo long;10;43;55,814;0,023;0,236;34;52,941;-0,031;0,188;0,938;-0,155;0,188;False;2,001;0
EUR/USD;Valute;Prezzo vs SMA200;Long+Short;20;121;57,025;0,184;0,853;86;44,186;0,046;0,186;1,06;0,586;0,186;False;3,751;0
EUR/USD;Valute;Prezzo vs SMA200 + filtro VIX;Solo long;10;108;50,0;0,006;0,625;93;50,538;0,049;0,186;1,097;0,679;0,186;False;2,538;0
Petrolio WTI;Commodities;Breakout Donchian 20;Long+Short;10;232;50,862;0,076;0,184;168;52,381;0,403;0,557;1,132;10,051;0,184;False;11,518;0
Petrolio WTI;Commodities;SMA200 + Momentum20 concordi;Solo short;3;262;52,29;0,055;0,183;220;50,909;0,003;0,368;1,001;0,092;0,183;False;6,883;0
Petrolio WTI;Commodities;ADX>25 + direzione DI;Long+Short;5;223;54,26;0,053;0,183;135;47,407;0,621;0,832;1,261;12,439;0,183;False;8,65;0
Bitcoin;Cripto;Breakout Donchian 20;Long+Short;40;44;52,273;6,024;0,375;60;46,667;2,381;0,182;1,308;21,184;0,182;False;32,708;0
Argento;Commodities;Prezzo vs SMA200;Long+Short;40;58;50,0;0,091;0,182;42;52,381;1,8;0,184;1,328;11,208;0,182;False;19,231;0
Bitcoin;Cripto;EMA 50/200;Solo long;10;113;58,407;3,728;0,962;162;55,556;1,628;0,181;1,587;39,111;0,181;False;19,018;0
Bitcoin;Cripto;EMA 50/200 + filtro VIX;Solo long;20;53;66,038;8,46;1,144;75;48,0;3,329;0,18;1,831;37,02;0,18;False;23,418;0
GBP/USD;Valute;ADX>20 + direzione DI;Solo long;40;34;44,118;-0,173;0,18;28;57,143;0,239;0,191;1,226;0,994;0,18;False;4,654;0
Argento;Commodities;Prezzo vs SMA50;Solo short;20;84;54,762;0,669;1,304;52;42,308;-1,761;0,178;0,557;-13,582;0,178;False;11,644;0
Bitcoin;Cripto;Prezzo vs SMA100;Solo short;60;20;45,0;-15,287;0,178;25;44,0;-5,217;0,865;0,613;-19,34;0,178;False;50,412;0
Argento;Commodities;Momentum 120g;Long+Short;20;116;49,138;0,183;0,313;84;55,952;0,912;0,178;1,273;11,362;0,178;False;11,65;0
FTSE MIB;Indici;Prezzo vs SMA200 + filtro VIX;Long+Short;5;413;51,574;0,025;0,177;287;54,007;0,173;0,26;1,225;7,363;0,177;False;4,437;0
EUR/USD;Valute;Momentum 120g + filtro VIX;Long+Short;10;217;51,613;0,065;0,451;152;51,316;0,021;0,177;1,043;0,466;0,177;False;2,575;0
DAX;Indici;ADX>20 + direzione DI;Solo long;20;56;60,714;0,822;0,177;38;68,421;1,771;1,178;3,017;9,987;0,177;False;7,275;0
USD/JPY;Valute;ADX>20 + direzione DI;Long+Short;20;82;53,659;0,034;0,177;65;63,077;0,413;1,057;1,431;3,98;0,177;False;4,561;0
USD/JPY;Valute;Breakout Donchian 55 + filtro VIX;Solo short;5;167;47,305;-0,021;0,175;105;44,762;-0,082;0,314;0,828;-1,274;0,175;False;2,103;0
EUR/USD;Valute;Momentum 60g + filtro VIX;Solo long;20;73;47,945;-0,122;0,175;51;50,98;0,142;0,268;1,175;1,075;0,175;False;3,24;0
Gas naturale;Commodities;Momentum 5g;Solo long;20;105;46,667;-0,063;0,175;74;54,054;2,352;0,199;1,397;25,809;0,175;False;21,132;0
Ethereum;Cripto;Prezzo vs SMA200;Solo long;3;48;54,167;0,237;0,175;474;52,743;0,786;0,488;1,353;55,218;0,175;False;11,053;0
USD/JPY;Valute;SMA200 + Momentum20 concordi;Long+Short;60;39;51,282;0,18;0,196;28;67,857;0,454;0,174;1,285;1,883;0,174;False;7,248;0
Oro;Commodities;EMA 50/200 + filtro VIX;Long+Short;60;38;50,0;0,925;0,9;26;57,692;2,772;0,174;2,143;10,688;0,174;False;9,438;0
Ethereum;Cripto;Momentum 20g;Long+Short;3;195;49,231;0,086;0,174;820;49,756;0,134;0,406;1,054;16,259;0,174;False;10,333;0
Bitcoin;Cripto;Prezzo vs SMA200;Long+Short;5;347;55,908;1,265;2,115;491;49,287;0,176;0,173;1,073;12,798;0,173;False;11,591;0
USD/JPY;Valute;Breakout Donchian 55 + filtro VIX;Solo long;5;259;54,054;0,129;1,125;191;58,639;0,131;0,173;1,338;3,717;0,173;False;2,074;0
Oro;Commodities;Prezzo vs SMA50;Solo short;60;32;50,0;-0,643;0,318;20;35,0;-3,706;0,172;0,337;-10,991;0,172;False;12,921;0
USD/JPY;Valute;Breakout Donchian 20;Solo long;20;78;53,846;0,376;0,631;65;58,462;0,505;0,172;1,581;4,87;0,172;False;4,804;0
USD/JPY;Valute;ADX>25 + direzione DI;Long+Short;40;35;54,286;1,309;2,132;29;58,621;0,278;0,171;1,221;1,196;0,171;False;4,419;0
Bitcoin;Cripto;Prezzo vs SMA20;Long+Short;40;44;54,545;11,434;1,74;60;46,667;1,108;0,171;1,133;9,863;0,171;False;31,344;0
Euro Stoxx 50;Indici;Momentum 5g;Solo short;40;53;47,17;-0,504;0,17;38;44,737;-1,031;0,396;0,678;-5,812;0,17;False;10,666;0
Ethereum;Cripto;ADX>25 + direzione DI;Long+Short;3;131;45,038;0,102;0,169;500;51,6;0,416;1,201;1,166;30,841;0,169;False;11,729;0
Ethereum;Cripto;Momentum 10g;Solo short;3;120;53,333;0,979;1,664;441;43,991;-0,562;0,169;0,798;-36,748;0,169;False;10,275;0
GBP/USD;Valute;Momentum 10g;Long+Short;20;121;52,893;0,089;0,468;86;50,0;0,052;0,169;1,057;0,664;0,169;False;3,771;0
S&P 500;Indici;Acquisto su picco VIX;Long+Short;1;238;54,202;0,048;0,169;195;52,821;0,073;0,367;1,115;2,102;0,169;False;2,592;0
S&P 500;Indici;Acquisto su picco VIX;Solo long;1;238;54,202;0,048;0,169;195;52,821;0,073;0,367;1,115;2,102;0,169;False;2,592;0
Argento;Commodities;ADX>25 + direzione DI;Solo long;5;93;43,011;0,101;0,169;77;59,74;0,802;0,59;1,468;9,157;0,169;False;6,055;0
Petrolio WTI;Commodities;Prezzo vs SMA50;Long+Short;20;116;54,31;0,793;0,953;84;50,0;0,127;0,169;1,028;1,579;0,169;False;16,062;0
USD/JPY;Valute;ADX>25 + direzione DI;Long+Short;10;92;53,261;0,289;1,568;83;51,807;0,043;0,169;1,061;0,527;0,169;False;3,028;0
Bitcoin;Cripto;Momentum 10g;Solo short;60;26;38,462;-15,557;0,168;37;51,351;-7,37;0,445;0,483;-40,44;0,168;False;68,638;0
USD/JPY;Valute;Breakout Donchian 55 + filtro VIX;Long+Short;5;424;51,179;0,076;1,115;292;53,425;0,045;0,168;1,105;1,96;0,168;False;2,083;0
Bitcoin;Cripto;EMA 50/200 + filtro VIX;Long+Short;40;40;67,5;11,303;1,583;58;46,552;2,445;0,168;1,304;21,029;0,168;False;32,435;0
Ethereum;Cripto;Momentum 5g;Long+Short;10;59;49,153;0,538;0,27;245;47,347;0,428;0,167;1,089;15,536;0,167;False;21,003;0
Petrolio WTI;Commodities;EMA 10/30;Solo short;10;123;51,22;0,054;0,166;95;46,316;-0,503;0,199;0,861;-7,092;0,166;False;12,283;0
USD/JPY;Valute;EMA 50/200 + filtro VIX;Solo long;60;26;42,308;0,923;0,401;21;71,429;1,6;0,165;2,912;4,981;0,165;False;7,016;0
Bitcoin;Cripto;EMA 10/30;Long+Short;60;29;65,517;4,235;0,165;40;57,5;6,873;1,653;1,883;40,772;0,165;False;33,599;0
Ethereum;Cripto;ADX>25 + direzione DI;Solo short;3;95;43,158;0,079;0,165;259;49,421;0,071;1,607;1,029;2,741;0,165;False;10,863;0
Gas naturale;Commodities;Momentum 60g;Solo long;40;42;50,0;0,164;0,438;32;56,25;4,824;0,164;1,51;22,892;0,164;False;31,392;0
Gas naturale;Commodities;Momentum 10g;Solo long;20;95;46,316;-0,067;0,177;68;55,882;2,275;0,163;1,404;22,939;0,163;False;20,581;0
Bitcoin;Cripto;Prezzo vs SMA20;Solo short;20;60;48,333;-3,463;0,585;91;40,659;-2,748;0,162;0,595;-37,082;0,162;False;25,027;0
Ethereum;Cripto;ADX>25 + direzione DI;Long+Short;5;83;40,964;0,124;0,162;306;49,673;0,767;1,441;1,247;34,792;0,162;False;13,703;0
EUR/CHF;Valute;SMA200 + Momentum20 concordi;Solo short;60;28;64,286;0,8;0,161;21;66,667;0,685;0,574;2,886;2,132;0,161;False;3,056;0
EUR/CHF;Valute;Reversione RSI2 nel trend SMA200;Long+Short;40;40;60,0;0,686;0,956;30;46,667;0,192;0,16;1,318;0,854;0,16;False;3,111;0
USD/JPY;Valute;EMA 20/50;Solo long;40;41;53,659;0,838;0,841;33;57,576;1,034;0,16;2,029;5,058;0,16;False;4,86;0
Petrolio WTI;Commodities;Momentum 120g;Long+Short;20;116;47,414;0,14;0,16;84;53,571;0,861;0,545;1,206;10,729;0,16;False;14,589;0
Ethereum;Cripto;Breakout Donchian 55;Solo short;5;95;57,895;1,005;1,187;185;45,946;-0,938;0,16;0,743;-25,732;0,16;False;14,044;0
Argento;Commodities;Prezzo vs SMA200 + filtro VIX;Long+Short;10;209;48,804;0,21;0,635;149;46,309;0,464;0,16;1,178;10,244;0,16;False;9,004;0
Euro Stoxx 50;Indici;Reversione RSI2;Solo short;40;48;47,917;0,007;0,731;33;39,394;-1,393;0,159;0,57;-6,821;0,159;False;9,48;0
DAX;Indici;Breakout Donchian 20;Long+Short;60;39;53,846;0,291;0,159;28;75,0;1,215;0,376;1,513;5,048;0,159;False;16,578;0
FTSE MIB;Indici;EMA 50/200 + filtro VIX;Solo long;5;253;54,15;0,025;0,158;235;58,298;0,271;0,407;1,429;9,439;0,158;False;3,67;0
EUR/CHF;Valute;ADX>20 + direzione DI;Solo short;5;172;49,419;0,075;0,158;132;58,333;0,106;1,014;1,472;2,084;0,158;False;1,327;0
Ethereum;Cripto;Prezzo vs SMA50;Solo short;1;383;51,436;0,081;0,337;1107;46,161;-0,186;0,158;0,881;-30,52;0,158;False;5,948;0
Ethereum;Cripto;Prezzo vs SMA200 + filtro VIX;Long+Short;1;487;52,361;0,086;0,432;1973;49,113;0,08;0,156;1,06;23,307;0,156;False;5,911;0
EUR/CHF;Valute;SMA200 + Momentum20 concordi;Solo short;40;40;55,0;0,522;0,156;32;53,125;0,332;0,158;1,82;1,576;0,156;False;3,202;0
EUR/CHF;Valute;Reversione RSI2;Long+Short;40;54;46,296;0,036;0,155;38;63,158;0,197;0,461;1,348;1,11;0,155;False;3,283;0
Bitcoin;Cripto;ADX>20 + direzione DI;Solo long;10;101;63,366;4,079;1,225;123;54,472;1,627;0,155;1,542;29,68;0,155;False;15,901;0
Bitcoin;Cripto;EMA 50/200;Solo short;10;63;44,444;-1,093;0,844;87;43,678;-1,313;0,154;0,7;-16,938;0,154;False;17,717;0
Ethereum;Cripto;Momentum 120g + filtro VIX;Solo long;1;166;47,59;0,053;0,159;1284;50,857;0,225;0,153;1,165;42,812;0,153;False;6,379;0
GBP/USD;Valute;Reversione RSI2;Solo short;40;50;56,0;0,548;0,719;34;47,059;-0,044;0,153;0,969;-0,224;0,153;False;4,416;0
Argento;Commodities;EMA 10/30;Solo short;20;84;55,952;-0,154;0,152;49;36,735;-1,691;0,253;0,543;-12,289;0,152;False;12,918;0
Ethereum;Cripto;EMA 50/200 + filtro VIX;Solo short;10;44;54,545;2,15;1,218;84;39,286;-1,89;0,151;0,665;-23,539;0,151;False;22,71;0
Ethereum;Cripto;Momentum 20g;Solo short;20;25;68,0;-0,316;0,151;84;47,619;-3,064;0,579;0,646;-38,17;0,151;False;37,257;0
Argento;Commodities;Prezzo vs SMA20;Solo short;20;92;56,522;0,503;0,997;63;44,444;-1,785;0,151;0,595;-16,677;0,151;False;15,231;0
Ethereum;Cripto;Reversione RSI2 nel trend SMA200;Long+Short;1;45;64,444;0,113;0,15;224;54,018;0,044;0,185;1,029;1,455;0,15;False;7,145;0
FTSE MIB;Indici;Breakout Donchian 55 + filtro VIX;Solo long;40;38;55,263;0,613;0,149;31;80,645;2,853;0,887;5,801;13,12;0,149;False;12,354;0
Petrolio WTI;Commodities;SMA200 + Momentum20 concordi;Solo short;1;699;48,069;0,036;0,149;588;48,129;0,015;0,185;1,014;1,268;0,149;False;3,931;0
Bitcoin;Cripto;Momentum 10g;Solo long;10;129;55,039;3,448;0,876;185;48,108;1,595;0,149;1,542;43,757;0,149;False;14,284;0
Bitcoin;Cripto;EMA 50/200;Solo short;20;32;50,0;-2,838;0,644;45;44,444;-2,641;0,148;0,629;-17,623;0,148;False;30,964;0
Bitcoin;Cripto;Prezzo vs SMA50;Solo short;1;689;45,283;-0,187;0,148;1104;46,105;-0,119;0,266;0,897;-19,456;0,148;False;4,86;0
Argento;Commodities;EMA 50/200 + filtro VIX;Solo long;10;72;56,944;0,686;0,908;114;57,018;1,021;0,148;1,443;17,263;0,148;False;8,34;0
Argento;Commodities;Prezzo vs SMA50;Solo short;5;298;53,356;0,131;0,788;169;49,112;-0,335;0,148;0,831;-8,388;0,148;False;5,271;0
GBP/USD;Valute;EMA 20/50;Solo short;10;129;53,488;0,085;0,148;81;51,852;0,061;0,386;1,092;0,729;0,148;False;2,588;0
Bitcoin;Cripto;EMA 20/50;Long+Short;20;87;59,77;5,788;2,051;122;47,541;0,65;0,147;1,126;11,766;0,147;False;24,34;0
Gas naturale;Commodities;Momentum 60g;Solo long;60;30;46,667;-0,173;0,198;21;57,143;7,025;0,147;1,894;21,876;0,147;False;26,975;0
USD/JPY;Valute;Prezzo vs SMA20;Long+Short;20;121;48,76;0,046;0,147;86;55,814;0,276;0,772;1,342;3,519;0,147;False;4,055;0
Oro;Commodities;Momentum 120g + filtro VIX;Long+Short;60;38;50,0;0,36;0,147;26;73,077;3,973;0,888;3,187;15,318;0,147;False;9,438;0
EUR/USD;Valute;ADX>25 + direzione DI;Long+Short;20;59;50,847;0,036;0,144;48;60,417;0,173;0,684;1,314;1,231;0,144;False;3,447;0
Petrolio WTI;Commodities;EMA 10/30;Solo short;40;41;41,463;0,094;0,144;29;41,379;-2,327;0,332;0,688;-10,009;0,144;False;22,7;0
Argento;Commodities;Momentum 120g;Solo short;40;41;58,537;1,004;1,246;21;47,619;-3,761;0,143;0,427;-11,714;0,143;False;19,242;0
Bitcoin;Cripto;Momentum 60g;Solo short;20;38;50,0;0,489;2,736;68;44,118;-2,722;0,143;0,612;-27,45;0,143;False;22,381;0
Petrolio WTI;Commodities;Breakout Donchian 20;Solo short;3;365;48,767;0,034;0,143;293;47,782;-0,001;0,445;1,0;-0,036;0,143;False;6,52;0
Argento;Commodities;Momentum 10g;Solo long;5;287;49,826;0,059;0,142;231;51,948;0,449;0,163;1,268;15,377;0,142;False;6,147;0
EUR/USD;Valute;Reversione RSI2 nel trend SMA200;Solo short;3;68;58,824;0,039;0,142;44;54,545;0,046;0,388;1,155;0,301;0,142;False;1,502;0
Argento;Commodities;Momentum 10g;Long+Short;20;116;58,621;1,034;1,473;84;51,19;0,405;0,141;1,113;5,04;0,141;False;11,847;0
EUR/USD;Valute;Prezzo vs SMA50;Long+Short;60;41;53,659;0,163;0,274;28;50,0;0,036;0,141;1,03;0,148;0,141;False;6,375;0
Bitcoin;Cripto;Prezzo vs SMA50;Long+Short;1;1732;50,058;0,073;0,327;2462;47,319;0,024;0,14;1,023;8,699;0,14;False;4,753;0
USD/JPY;Valute;Reversione RSI2;Solo long;3;174;52,299;0,067;0,545;100;57,0;0,085;0,139;1,226;1,263;0,139;False;1,857;0
EUR/USD;Valute;Momentum 5g;Solo short;60;38;55,263;0,531;0,146;27;51,852;-0,113;0,138;0,918;-0,452;0,138;False;5,797;0
FTSE MIB;Indici;Reversione RSI2;Solo short;60;33;51,515;-0,197;0,137;25;28,0;-2,09;0,751;0,555;-7,752;0,137;False;13,57;0
USD/JPY;Valute;SMA200 + Momentum20 concordi;Long+Short;40;57;52,632;0,086;0,137;41;73,171;0,672;0,696;1,647;4,083;0,137;False;5,273;0
GBP/USD;Valute;Reversione RSI2;Solo short;1;320;51,25;0,01;0,137;245;50,612;0,019;0,583;1,095;0,69;0,137;False;1,008;0
GBP/USD;Valute;Fine/inizio mese;Long+Short;3;111;53,153;-0,002;0,199;80;47,5;0,019;0,136;1,06;0,222;0,136;False;1,492;0
GBP/USD;Valute;Fine/inizio mese;Solo long;3;111;53,153;-0,002;0,199;80;47,5;0,019;0,136;1,06;0,222;0,136;False;1,492;0
Bitcoin;Cripto;Breakout Donchian 55 + filtro VIX;Long+Short;3;487;54,825;0,745;1,572;669;49,028;0,162;0,136;1,097;16,046;0,136;False;8,283;0
Oro;Commodities;Reversione RSI2;Solo short;10;115;46,957;-0,027;0,399;88;46,591;-0,565;0,136;0,68;-7,375;0,136;False;5,955;0
Petrolio WTI;Commodities;Breakout Donchian 20;Solo short;40;40;45,0;0,077;0,135;28;50,0;-0,719;0,749;0,893;-2,988;0,135;False;22,78;0
Gas naturale;Commodities;Momentum 10g;Solo long;40;53;49,057;-0,376;0,135;37;56,757;4,616;0,155;1,547;25,329;0,135;False;26,04;0
EUR/USD;Valute;Reversione RSI2;Solo short;20;75;56,0;0,224;0,236;57;49,123;-0,029;0,134;0,956;-0,248;0,134;False;3,515;0
EUR/USD;Valute;ADX>20 + direzione DI;Solo short;5;166;58,434;0,234;2,014;118;49,153;0,004;0,133;1,009;0,065;0,133;False;1,969;0
DAX;Indici;Momentum 10g;Solo short;40;50;32,0;-1,424;0,133;35;40,0;-1,322;0,338;0,62;-6,865;0,133;False;10,444;0
Oro;Commodities;Prezzo vs SMA200 + filtro VIX;Solo short;20;60;48,333;-0,255;0,133;24;33,333;-0,913;0,484;0,57;-3,249;0,133;False;7,061;0
EUR/USD;Valute;Reversione RSI2 nel trend SMA200;Solo short;5;63;55,556;0,06;0,132;41;60,976;0,14;0,838;1,384;0,853;0,132;False;2,025;0
USD/JPY;Valute;Breakout Donchian 20;Solo long;5;287;49,477;0,061;0,282;239;58,577;0,126;0,132;1,323;4,461;0,132;False;2,109;0
FTSE MIB;Indici;Prezzo vs SMA200 + filtro VIX;Solo short;5;173;52,601;0,037;0,132;55;49,091;-0,144;0,157;0,903;-1,175;0,132;False;5,37;0
Oro;Commodities;SMA200 + Momentum20 concordi;Long+Short;40;54;53,704;0,097;0,132;39;56,41;2,097;0,449;2,149;12,127;0,132;False;7,906;0
EUR/USD;Valute;EMA 10/30;Solo short;60;31;58,065;0,524;0,132;23;52,174;0,173;0,639;1,153;0,588;0,132;False;5,14;0
USD/JPY;Valute;EMA 20/50;Long+Short;40;61;54,098;0,304;0,607;42;64,286;0,383;0,132;1,313;2,387;0,132;False;5,967;0
Oro;Commodities;Momentum 60g + filtro VIX;Solo long;3;362;53,315;0,042;0,222;317;49,842;0,164;0,13;1,273;7,708;0,13;False;2,505;0
Bitcoin;Cripto;Prezzo vs SMA20;Long+Short;60;29;65,517;2,215;0,493;40;42,5;0,638;0,13;1,058;3,787;0,13;False;39,931;0
EUR/USD;Valute;Prezzo vs SMA100;Solo short;60;31;54,839;0,598;0,237;23;52,174;-0,116;0,13;0,917;-0,396;0,13;False;5,827;0
FTSE MIB;Indici;Prezzo vs SMA200 + filtro VIX;Solo long;10;139;53,237;0,091;0,142;122;58,197;0,539;0,129;1,611;9,752;0,129;False;5,516;0
FTSE MIB;Indici;Prezzo vs SMA200;Long+Short;3;779;52,888;0,008;0,129;571;52,189;0,111;0,597;1,164;9,399;0,129;False;3,468;0
Oro;Commodities;Prezzo vs SMA100;Long+Short;10;232;49,569;0,027;0,128;168;52,976;0,464;0,959;1,475;11,567;0,128;False;4,703;0
FTSE MIB;Indici;Prezzo vs SMA200;Solo long;40;41;60,976;0,873;0,466;34;79,412;2,315;0,127;2,821;11,676;0,127;False;11,151;0
GBP/USD;Valute;Reversione RSI2 nel trend SMA200;Solo short;1;126;54,762;0,059;1,115;69;49,275;0,008;0,127;1,036;0,078;0,127;False;1,052;0
USD/JPY;Valute;Prezzo vs SMA50;Long+Short;10;241;48,548;0,028;0,218;174;52,874;0,075;0,127;1,117;1,927;0,127;False;3,004;0
USD/JPY;Valute;Momentum 60g;Solo long;40;45;53,333;0,831;0,888;36;58,333;0,992;0,126;2,281;5,297;0,126;False;5,09;0
Bitcoin;Cripto;Prezzo vs SMA50;Long+Short;20;87;54,023;5,165;1,916;122;47,541;0,718;0,126;1,14;12,988;0,126;False;24,146;0
Oro;Commodities;Momentum 120g + filtro VIX;Solo long;3;392;51,786;0,039;0,192;341;51,026;0,163;0,125;1,284;8,222;0,125;False;2,486;0
EUR/USD;Valute;Prezzo vs SMA100;Long+Short;20;121;49,587;0,118;0,577;86;41,86;0,024;0,125;1,031;0,31;0,125;False;3,562;0
Bitcoin;Cripto;Momentum 10g;Solo long;60;27;59,259;18,002;0,156;39;53,846;10,099;0,124;2,814;58,408;0,124;False;31,271;0
Ethereum;Cripto;Prezzo vs SMA50;Solo long;3;71;42,254;0,173;0,124;472;53,814;0,781;0,484;1,361;54,682;0,124;False;9,96;0
EUR/USD;Valute;EMA 20/50;Solo long;40;39;43,59;-0,263;0,124;26;50,0;0,426;0,533;1,499;1,642;0,124;False;3,855;0
GBP/USD;Valute;Reversione RSI2;Long+Short;1;683;48,609;0,002;0,123;465;52,043;0,022;0,819;1,108;1,508;0,123;False;0,993;0
Nasdaq 100;Indici;Fine/inizio mese;Long+Short;20;98;64,286;1,403;0,198;71;69,014;1,662;0,122;2,01;17,508;0,122;False;8,856;0
Nasdaq 100;Indici;Fine/inizio mese;Solo long;20;98;64,286;1,403;0,198;71;69,014;1,662;0,122;2,01;17,508;0,122;False;8,856;0
Gas naturale;Commodities;Prezzo vs SMA20;Solo long;60;35;51,429;0,085;0,296;24;54,167;6,874;0,121;1,792;24,464;0,121;False;30,229;0
Ethereum;Cripto;Prezzo vs SMA200 + filtro VIX;Solo long;5;30;50,0;0,38;0,121;271;56,089;1,703;1,188;1,684;68,421;0,121;False;13,914;0
USD/JPY;Valute;SMA200 + Momentum20 concordi;Solo long;20;66;56,061;0,383;0,696;56;57,143;0,485;0,12;1,714;4,031;0,12;False;4,107;0
Bitcoin;Cripto;Momentum 60g;Solo long;20;63;57,143;6,935;0,674;83;54,217;3,233;0,12;1,646;39,788;0,12;False;24,426;0
Bitcoin;Cripto;EMA 50/200 + filtro VIX;Long+Short;20;78;57,692;4,912;1,633;110;43,636;1,146;0,12;1,249;18,69;0,12;False;24,14;0
Petrolio WTI;Commodities;Prezzo vs SMA50;Solo long;10;152;53,947;0,094;0,119;106;57,547;0,851;0,159;1,355;13,377;0,119;False;10,538;0
Bitcoin;Cripto;ADX>20 + direzione DI;Solo long;40;33;69,697;16,754;0,952;42;50,0;6,672;0,119;2,123;41,558;0,119;False;25,961;0
Bitcoin;Cripto;Momentum 60g;Solo long;10;119;58,824;3,731;1,127;155;50,323;1,591;0,119;1,489;36,575;0,119;False;17,472;0
Bitcoin;Cripto;Prezzo vs SMA100;Solo short;40;25;32,0;-9,801;0,118;35;48,571;-4,173;0,555;0,616;-21,661;0,118;False;42,216;0
USD/JPY;Valute;Prezzo vs SMA200;Long+Short;20;121;52,893;0,042;0,117;86;58,14;0,209;0,281;1,249;2,669;0,117;False;4,086;0
Euro Stoxx 50;Indici;Reversione RSI2;Solo long;3;139;51,799;0,06;0,117;98;59,184;0,149;0,167;1,172;2,169;0,117;False;3,953;0
GBP/USD;Valute;SMA200 + Momentum20 concordi;Long+Short;40;56;44,643;0,053;0,12;40;47,5;0,07;0,116;1,063;0,414;0,116;False;4,931;0
Ethereum;Cripto;ADX>25 + direzione DI;Solo short;5;59;40,678;0,01;0,116;162;45,679;-0,053;1,326;0,985;-1,281;0,116;False;13,891;0
FTSE MIB;Indici;Reversione RSI2 nel trend SMA200;Long+Short;1;191;54,45;0,23;2,272;143;50,35;0,01;0,114;1,025;0,204;0,114;False;1,61;0
Bitcoin;Cripto;EMA 20/50;Solo long;20;58;63,793;8,109;1,193;77;54,545;3,196;0,114;1,75;36,496;0,114;False;22,346;0
EUR/USD;Valute;Momentum 20g;Solo short;60;36;52,778;0,506;0,114;25;64,0;0,05;0,385;1,039;0,186;0,114;False;5,128;0
USD/JPY;Valute;Breakout Donchian 20;Long+Short;3;801;48,564;0,023;0,574;584;51,027;0,029;0,113;1,081;2,515;0,113;False;1,77;0
Oro;Commodities;Prezzo vs SMA200 + filtro VIX;Solo short;5;201;49,254;-0,042;0,112;83;42,169;-0,184;0,424;0,806;-2,261;0,112;False;3,394;0
USD/JPY;Valute;Reversione RSI2 nel trend SMA200;Long+Short;20;72;43,056;0,065;0,192;45;55,556;0,139;0,111;1,133;0,926;0,111;False;4,192;0
Bitcoin;Cripto;ADX>25 + direzione DI;Solo long;40;29;72,414;14,154;0,554;34;55,882;6,709;0,111;2,099;33,829;0,111;False;29,988;0
Petrolio WTI;Commodities;Momentum 60g + filtro VIX;Long+Short;20;108;49,074;0,102;0,11;77;49,351;0,217;0,142;1,053;2,476;0,11;False;15,866;0
USD/JPY;Valute;Momentum 60g;Solo long;10;146;52,055;0,252;1,215;128;60,938;0,243;0,11;1,438;4,618;0,11;False;2,78;0
S&P 500;Indici;Acquisto su picco VIX;Long+Short;3;100;58,0;0,221;0,383;78;55,128;0,175;0,109;1,177;2,029;0,109;False;4,75;0
S&P 500;Indici;Acquisto su picco VIX;Solo long;3;100;58,0;0,221;0,383;78;55,128;0,175;0,109;1,177;2,029;0,109;False;4,75;0
Ethereum;Cripto;SMA200 + Momentum20 concordi;Solo long;5;21;52,381;0,406;0,109;211;52,133;1,321;0,408;1,459;41,346;0,109;False;13,665;0
USD/JPY;Valute;Breakout Donchian 55;Solo long;40;38;47,368;0,748;0,584;31;58,065;1,006;0,108;1,937;4,625;0,108;False;5,632;0
Ethereum;Cripto;EMA 50/200;Long+Short;10;59;47,458;0,484;0,4;245;47,755;0,377;0,108;1,078;13,69;0,108;False;20,215;0
Gas naturale;Commodities;Reversione RSI2;Solo short;40;45;57,778;1,195;0,238;33;48,485;-3,453;0,108;0,757;-16,9;0,108;False;42,891;0
Petrolio WTI;Commodities;Breakout Donchian 20;Long+Short;5;463;51,404;0,021;0,106;338;50,592;0,167;0,496;1,073;8,389;0,106;False;8,301;0
USD/JPY;Valute;Breakout Donchian 20;Solo short;10;111;47,748;0,015;0,653;60;45,0;-0,204;0,105;0,745;-1,814;0,105;False;2,951;0
USD/JPY;Valute;Momentum 60g;Solo short;40;45;48,889;-0,302;0,105;23;43,478;-0,441;0,553;0,742;-1,506;0,105;False;5,395;0
EUR/CHF;Valute;ADX>25 + direzione DI;Long+Short;40;39;51,282;-0,038;0,105;27;55,556;0,178;0,418;1,381;0,714;0,105;False;2,669;0
FTSE MIB;Indici;EMA 50/200 + filtro VIX;Solo short;3;263;46,388;0,037;0,105;85;48,235;0,07;0,614;1,073;0,881;0,105;False;3,951;0
USD/JPY;Valute;EMA 20/50;Solo long;60;28;46,429;1,057;0,592;23;73,913;1,552;0,105;2,274;5,293;0,105;False;5,97;0
Petrolio WTI;Commodities;SMA200 + Momentum20 concordi;Solo short;5;166;50,0;0,314;0,827;139;50,36;-0,238;0,104;0,912;-4,9;0,104;False;9,046;0
FTSE MIB;Indici;Reversione RSI2;Long+Short;10;167;49,102;0,442;1,339;127;53,543;-0,08;0,104;0,949;-1,51;0,104;False;6,695;0
GBP/USD;Valute;EMA 20/50;Solo long;40;39;53,846;-0,208;0,104;28;64,286;0,523;0,976;1,776;2,172;0,104;False;3,813;0
Nasdaq 100;Indici;Reversione RSI2;Long+Short;3;355;45,07;-0,037;0,103;247;51,822;0,04;0,693;1,051;1,463;0,103;False;2,595;0
Bitcoin;Cripto;EMA 50/200;Solo short;5;125;38,4;-0,448;1,138;172;44,186;-0,682;0,103;0,762;-17,399;0,103;False;10,116;0
USD/JPY;Valute;Prezzo vs SMA100;Solo short;20;71;47,887;-0,141;0,102;40;47,5;-0,208;0,654;0,793;-1,231;0,102;False;3,851;0
Ethereum;Cripto;Prezzo vs SMA100;Solo long;3;53;43,396;0,974;0,837;497;51,71;0,652;0,102;1,305;48,047;0,102;False;10,219;0
Petrolio WTI;Commodities;EMA 20/50;Solo long;10;136;50,0;0,087;0,101;90;53,333;0,822;0,101;1,305;10,973;0,101;False;10,233;0
Petrolio WTI;Commodities;Momentum 10g;Long+Short;20;116;48,276;0,089;0,101;84;55,952;2,273;1,604;1,653;28,32;0,101;False;14,757;0
GBP/USD;Valute;ADX>25 + direzione DI;Solo long;10;41;48,78;-0,016;0,163;38;44,737;0,045;0,101;1,097;0,254;0,101;False;2,521;0
USD/JPY;Valute;Breakout Donchian 55 + filtro VIX;Long+Short;20;112;52,679;0,32;1,198;79;62,025;0,183;0,101;1,182;2,149;0,101;False;4,055;0
Argento;Commodities;Momentum 60g + filtro VIX;Long+Short;40;56;44,643;0,067;0,1;39;46,154;1,116;0,333;1,243;6,452;0,1;False;18,399;0
Bitcoin;Cripto;SMA200 + Momentum20 concordi;Solo long;1;791;56,258;0,399;1,396;939;48,775;0,155;0,1;1,166;21,65;0,1;False;4,943;0
Bitcoin;Cripto;Momentum 60g + filtro VIX;Solo long;3;346;60,116;1,143;1,309;437;51,487;0,463;0,1;1,296;29,985;0,1;False;9,168;0
Oro;Commodities;Prezzo vs SMA20;Long+Short;10;232;53,879;0,392;2,033;168;47,619;0,165;0,099;1,146;4,101;0,099;False;4,507;0
USD/JPY;Valute;Momentum 60g;Solo long;60;30;50,0;1,345;0,943;24;66,667;1,533;0,099;2,836;5,457;0,099;False;5,062;0
Ethereum;Cripto;Breakout Donchian 20;Long+Short;3;195;47,692;0,035;0,099;820;50,732;0,327;0,929;1,136;39,726;0,099;False;10,523;0
FTSE MIB;Indici;Breakout Donchian 55;Solo long;40;40;57,5;0,985;0,467;33;75,758;2,246;0,098;3,148;10,995;0,098;False;12,262;0
EUR/USD;Valute;Momentum 120g + filtro VIX;Solo long;3;303;48,515;-0,018;0,116;277;49,458;0,01;0,098;1,037;0,409;0,098;False;1,378;0
Argento;Commodities;Prezzo vs SMA200 + filtro VIX;Long+Short;5;407;50,369;0,115;0,677;287;50,523;0,183;0,098;1,109;7,785;0,098;False;5,757;0
Oro;Commodities;Prezzo vs SMA100;Solo long;10;139;49,64;0,167;0,098;129;58,14;0,673;0,178;1,67;12,866;0,098;False;4,903;0
Ethereum;Cripto;Prezzo vs SMA20;Solo short;20;25;48,0;-0,745;0,097;88;50,0;-2,822;0,689;0,664;-36,829;0,097;False;32,319;0
Gas naturale;Commodities;Momentum 120g + filtro VIX;Solo long;10;111;51,351;0,424;0,783;93;47,312;1,096;0,097;1,218;15,117;0,097;False;14,998;0
EUR/USD;Valute;EMA 10/30;Solo long;40;44;56,818;-0,221;0,206;30;50,0;0,197;0,096;1,197;0,878;0,096;False;5,313;0
EUR/USD;Valute;Breakout Donchian 20;Solo short;20;71;52,113;0,24;0,262;47;57,447;-0,033;0,096;0,957;-0,23;0,096;False;3,525;0
GBP/USD;Valute;Momentum 10g;Long+Short;60;41;48,78;0,12;0,095;28;53,571;0,316;0,385;1,241;1,314;0,095;False;5,798;0
Nasdaq 100;Indici;Momentum 20g;Solo long;40;54;74,074;2,78;0,095;36;66,667;4,043;0,66;3,617;21,593;0,095;False;9,604;0
USD/JPY;Valute;Momentum 60g;Long+Short;3;801;49,189;0,023;0,643;584;51,027;0,026;0,095;1,074;2,288;0,095;False;1,744;0
EUR/USD;Valute;Prezzo vs SMA20;Solo short;60;38;55,263;0,508;0,095;25;52,0;-0,025;0,263;0,982;-0,093;0,095;False;6,44;0
EUR/CHF;Valute;Reversione RSI2 nel trend SMA200;Long+Short;10;88;51,136;0,096;0,393;61;52,459;0,045;0,095;1,122;0,406;0,095;False;1,945;0
Argento;Commodities;Momentum 60g + filtro VIX;Solo long;40;37;45,946;0,827;0,118;31;61,29;4,473;0,095;2,237;20,562;0,095;False;14,432;0
Euro Stoxx 50;Indici;Reversione RSI2 nel trend SMA200;Long+Short;3;119;52,101;0,303;1,489;87;57,471;0,054;0,095;1,075;0,694;0,095;False;2,974;0
Oro;Commodities;Momentum 20g;Solo short;40;47;51,064;-0,581;0,153;33;36,364;-2,578;0,094;0,382;-12,617;0,094;False;11,921;0
Bitcoin;Cripto;Breakout Donchian 20;Long+Short;60;29;58,621;1,343;0,094;40;52,5;7,109;1,283;1,926;42,168;0,094;False;34,95;0
GBP/USD;Valute;Reversione RSI2;Solo short;10;112;51,786;0,078;0,093;89;49,438;0,21;1,097;1,364;2,766;0,093;False;2,403;0
Oro;Commodities;Momentum 60g + filtro VIX;Solo short;5;217;47,465;-0,046;0,093;111;41,441;-0,151;0,585;0,85;-2,482;0,093;False;3,378;0
USD/JPY;Valute;Momentum 5g;Long+Short;60;41;46,341;0,188;0,093;28;53,571;0,285;0,096;1,183;1,183;0,093;False;6,089;0
EUR/USD;Valute;Momentum 120g + filtro VIX;Long+Short;5;425;49,647;0,011;0,093;292;53,767;0,015;0,246;1,042;0,642;0,093;False;1,809;0
Bitcoin;Cripto;EMA 10/30;Long+Short;40;44;54,545;9,671;1,316;60;43,333;0,47;0,092;1,054;4,181;0,092;False;31,91;0
Euro Stoxx 50;Indici;Reversione RSI2 nel trend SMA200;Solo short;5;44;52,273;0,579;1,628;25;56,0;-0,108;0,092;0,928;-0,399;0,092;False;3,422;0
EUR/USD;Valute;Breakout Donchian 55 + filtro VIX;Solo long;5;205;45,366;-0,034;0,092;163;53,988;0,02;0,149;1,061;0,491;0,092;False;1,629;0
Ethereum;Cripto;SMA200 + Momentum20 concordi;Solo short;1;309;51,456;0,025;0,092;660;45,0;-0,19;0,103;0,873;-18,63;0,092;False;5,776;0
Argento;Commodities;Breakout Donchian 20;Solo short;60;32;50,0;-0,607;0,092;21;38,095;-3,224;1,279;0,487;-10,039;0,092;False;22,311;0
Ethereum;Cripto;Momentum 5g;Solo short;10;47;51,064;1,377;0,803;193;46,632;-2,021;0,091;0,661;-57,841;0,091;False;23,096;0
USD/JPY;Valute;Momentum 60g + filtro VIX;Long+Short;40;58;48,276;0,236;0,516;41;51,22;0,437;0,091;1,338;2,658;0,091;False;5,641;0
Ethereum;Cripto;Prezzo vs SMA50;Solo long;5;45;46,667;0,265;0,09;294;54,762;1,595;0,987;1,643;69,539;0,09;False;12,611;0
Petrolio WTI;Commodities;Momentum 10g;Solo short;40;52;53,846;-0,065;0,089;37;48,649;-1,408;0,721;0,785;-7,727;0,089;False;19,933;0
Argento;Commodities;EMA 50/200 + filtro VIX;Solo long;40;21;42,857;1,666;0,417;32;50,0;4,43;0,089;2,38;21,022;0,089;False;12,522;0
Argento;Commodities;Momentum 5g;Solo short;60;38;55,263;0,49;0,62;26;42,308;-6,111;0,089;0,376;-23,562;0,089;False;31,02;0
GBP/USD;Valute;Fine/inizio mese;Long+Short;40;56;48,214;-0,198;0,16;39;48,718;0,167;0,089;1,157;0,966;0,089;False;5,501;0
GBP/USD;Valute;Fine/inizio mese;Solo long;40;56;48,214;-0,198;0,16;39;48,718;0,167;0,089;1,157;0,966;0,089;False;5,501;0
GBP/USD;Valute;Reversione RSI2 nel trend SMA200;Solo short;10;52;50,0;0,178;0,437;28;39,286;0,012;0,087;1,016;0,049;0,087;False;2,65;0
Bitcoin;Cripto;Breakout Donchian 55;Solo long;3;387;55,814;1,01;0,995;476;49,79;0,459;0,086;1,292;32,413;0,086;False;9,734;0
USD/JPY;Valute;EMA 20/50;Solo long;20;71;50,704;0,247;0,234;63;63,492;0,478;0,085;1,571;4,468;0,085;False;4,254;0
GBP/USD;Valute;Momentum 20g;Long+Short;60;41;53,659;0,151;0,084;28;57,143;0,232;0,256;1,172;0,965;0,084;False;5,798;0
Petrolio WTI;Commodities;Prezzo vs SMA50;Solo short;40;44;45,455;-0,039;0,084;31;45,161;-0,647;1,009;0,89;-2,974;0,084;False;21,79;0
Petrolio WTI;Commodities;Prezzo vs SMA20;Long+Short;10;232;51,724;0,038;0,083;168;52,976;0,601;0,738;1,204;14,978;0,083;False;11,519;0
Bitcoin;Cripto;EMA 50/200;Long+Short;5;347;52,45;0,837;1,154;491;49,898;0,249;0,082;1,106;18,163;0,082;False;11,785;0
Bitcoin;Cripto;Momentum 5g;Solo long;40;42;59,524;12,568;0,384;58;56,897;6,457;0,082;2,203;55,535;0,082;False;27,097;0
Bitcoin;Cripto;Momentum 120g;Solo long;3;405;57,037;0,987;0,909;472;51,483;0,458;0,082;1,288;32,055;0,082;False;9,23;0
Petrolio WTI;Commodities;Breakout Donchian 20;Solo short;5;225;50,222;0,021;0,08;181;48,619;0,088;0,623;1,034;2,363;0,08;False;8,698;0
Bitcoin;Cripto;Momentum 20g;Solo short;20;55;47,273;-3,016;0,737;83;44,578;-2,838;0,079;0,628;-34,929;0,079;False;29,755;0
USD/JPY;Valute;Breakout Donchian 55;Solo short;10;100;51,0;0,041;0,669;66;42,424;-0,21;0,078;0,746;-2,052;0,078;False;3,117;0
Ethereum;Cripto;SMA200 + Momentum20 concordi;Long+Short;1;398;51,005;0,05;0,222;1562;47,503;0,04;0,078;1,028;9,305;0,078;False;6,173;0
Argento;Commodities;Fine/inizio mese;Long+Short;5;111;54,054;0,081;0,125;80;58,75;0,449;0,078;1,224;5,324;0,078;False;5,893;0
Argento;Commodities;Fine/inizio mese;Solo long;5;111;54,054;0,081;0,125;80;58,75;0,449;0,078;1,224;5,324;0,078;False;5,893;0
Gas naturale;Commodities;Breakout Donchian 55 + filtro VIX;Solo long;1;1036;46,911;-0,095;0,077;664;49,247;-0,017;0,332;0,987;-1,712;0,077;False;4,47;0
Nasdaq 100;Indici;Reversione RSI2;Solo short;10;131;35,115;-0,322;1,227;88;36,364;-0,74;0,076;0,625;-9,66;0,076;False;4,832;0
EUR/CHF;Valute;ADX>25 + direzione DI;Solo short;10;61;50,82;0,12;0,076;51;56,863;0,097;0,157;1,279;0,735;0,076;False;1,815;0
Oro;Commodities;Momentum 60g;Solo long;20;77;48,052;0,555;0,503;68;57,353;1,34;0,076;2,209;13,512;0,076;False;5,848;0
Oro;Commodities;Momentum 60g + filtro VIX;Solo long;10;127;52,756;0,161;0,075;107;55,14;0,678;0,168;1,67;10,756;0,075;False;4,317;0
Bitcoin;Cripto;Prezzo vs SMA20;Long+Short;10;174;56,897;2,3;2,05;245;50,612;0,163;0,074;1,044;5,934;0,074;False;16,828;0
Oro;Commodities;Prezzo vs SMA100;Solo short;10;127;46,457;-0,123;0,074;62;40,323;-0,381;0,662;0,716;-3,503;0,074;False;4,979;0
Petrolio WTI;Commodities;Prezzo vs SMA20;Solo short;5;266;49,248;0,014;0,073;192;49,479;-0,084;0,442;0,968;-2,391;0,073;False;8,612;0
EUR/USD;Valute;Prezzo vs SMA200;Solo long;60;24;58,333;-0,386;0,073;21;47,619;0,326;0,184;1,348;1,016;0,073;False;5,726;0
Petrolio WTI;Commodities;ADX>25 + direzione DI;Solo long;10;66;54,545;0,085;0,072;48;54,167;1,212;0,353;1,448;8,624;0,072;False;10,152;0
Euro Stoxx 50;Indici;Reversione RSI2;Solo short;1;360;48,056;0,001;0,072;261;47,893;-0,003;0,457;0,99;-0,1;0,072;False;1,008;0
Bitcoin;Cripto;Momentum 20g;Solo short;40;34;38,235;-7,146;0,852;48;43,75;-5,938;0,068;0,541;-42,264;0,068;False;49,917;0
Petrolio WTI;Commodities;Breakout Donchian 20;Long+Short;20;116;54,31;0,073;0,068;84;53,571;0,841;0,64;1,2;10,47;0,068;False;16,503;0
Oro;Commodities;Momentum 120g + filtro VIX;Solo long;10;130;54,615;0,269;0,552;115;57,391;0,641;0,066;1,665;10,929;0,066;False;4,448;0
USD/JPY;Valute;Breakout Donchian 20;Long+Short;10;241;48,963;0,02;0,065;174;58,046;0,226;1,045;1,403;5,824;0,065;False;2,88;0
Bitcoin;Cripto;ADX>20 + direzione DI;Solo short;5;126;42,063;-1,058;0,065;211;48,341;0,178;1,9;1,075;5,58;0,065;False;11,862;0
Gas naturale;Commodities;EMA 50/200 + filtro VIX;Long+Short;20;108;52,778;0,126;0,065;77;48,052;1,675;0,713;1,25;19,13;0,065;False;23,097;0
USD/JPY;Valute;Momentum 5g;Solo long;20;108;51,852;0,184;0,064;80;58,75;0,474;0,096;1,635;5,618;0,064;False;4,281;0
USD/JPY;Valute;Prezzo vs SMA50;Long+Short;20;121;53,719;0,199;0,888;86;54,651;0,141;0,064;1,162;1,804;0,064;False;4,159;0
DAX;Indici;Momentum 5g;Long+Short;60;39;51,282;0,257;0,064;28;60,714;1,095;0,296;1,45;4,547;0,064;False;17,898;0
Petrolio WTI;Commodities;Prezzo vs SMA50;Solo long;40;49;48,98;0,32;0,063;31;61,29;5,777;0,688;2,62;26,557;0,063;False;20,749;0
Oro;Commodities;EMA 20/50;Solo long;60;28;64,286;1,135;0,063;23;73,913;4,177;0,099;4,176;14,246;0,063;False;7,922;0
EUR/USD;Valute;Breakout Donchian 20;Solo short;60;28;64,286;0,534;0,123;20;55,0;-0,159;0,063;0,894;-0,47;0,063;False;5,754;0
GBP/USD;Valute;Reversione RSI2;Solo long;20;81;49,383;-0,119;0,062;56;55,357;0,24;0,587;1,316;1,997;0,062;False;4,081;0
Petrolio WTI;Commodities;ADX>25 + direzione DI;Long+Short;10;120;55,0;0,034;0,06;75;49,333;0,531;0,344;1,159;5,903;0,06;False;11,938;0
EUR/CHF;Valute;ADX>25 + direzione DI;Solo short;1;478;50,0;0,015;0,142;388;50,773;0,008;0,06;1,07;0,483;0,06;False;0,838;0
USD/JPY;Valute;Prezzo vs SMA20;Solo long;40;56;46,429;0,385;0,059;39;58,974;1,048;0,231;2,199;6,064;0,059;False;6,3;0
Petrolio WTI;Commodities;EMA 20/50;Solo long;20;73;52,055;0,169;0,059;48;54,167;1,997;0,204;1,538;14,213;0,059;False;14,948;0
Argento;Commodities;Momentum 5g;Solo short;20;107;54,206;0,163;0,597;74;43,243;-1,885;0,057;0,568;-20,691;0,057;False;15,321;0
Bitcoin;Cripto;Momentum 5g;Solo short;20;74;45,946;-4,21;0,318;107;42,056;-2,915;0,056;0,558;-46,257;0,056;False;29,863;0
GBP/USD;Valute;Momentum 5g;Solo long;20;104;52,885;-0,05;0,369;76;52,632;0,068;0,055;1,08;0,769;0,055;False;3,603;0
GBP/USD;Valute;Momentum 60g + filtro VIX;Solo long;5;232;53,448;0,007;0,457;192;46,875;0,013;0,055;1,038;0,363;0,055;False;1,796;0
Oro;Commodities;Reversione RSI2 nel trend SMA200;Solo long;20;36;52,778;0,453;0,228;32;59,375;1,346;0,055;1,989;6,389;0,055;False;6,302;0
EUR/USD;Valute;Reversione RSI2 nel trend SMA200;Solo short;10;49;65,306;0,097;0,055;34;52,941;0,175;0,681;1,301;0,882;0,055;False;2,825;0
EUR/USD;Valute;SMA200 + Momentum20 concordi;Solo long;20;55;54,545;-0,149;0,054;46;56,522;0,242;0,721;1,41;1,652;0,054;False;3,207;0
Bitcoin;Cripto;ADX>25 + direzione DI;Solo short;40;25;36,0;-10,251;0,054;34;47,059;-2,229;1,079;0,751;-11,24;0,054;False;41,515;0
DAX;Indici;Reversione RSI2;Solo short;40;46;34,783;-1,495;0,053;32;37,5;-1,23;0,476;0,624;-5,838;0,053;False;11,565;0
GBP/USD;Valute;Reversione RSI2 nel trend SMA200;Solo short;5;67;44,776;0,04;0,053;33;48,485;0,143;0,798;1,384;0,7;0,053;False;1,874;0
Argento;Commodities;Momentum 120g;Long+Short;10;232;51,293;0,004;0,052;168;48,81;0,404;0,206;1,164;10,055;0,052;False;8,82;0
Ethereum;Cripto;Momentum 120g;Solo long;3;63;46,032;0,102;0,052;475;53,474;0,722;0,29;1,31;50,875;0,052;False;10,783;0
EUR/USD;Valute;ADX>25 + direzione DI;Long+Short;3;296;48,986;0,004;0,051;235;52,34;0,034;0,646;1,118;1,198;0,051;False;1,437;0
Bitcoin;Cripto;Prezzo vs SMA100;Solo short;3;243;44,856;-0,284;1,034;368;44,022;-0,424;0,051;0,813;-23,137;0,051;False;8,484;0
Oro;Commodities;Momentum 60g + filtro VIX;Solo long;20;70;45,714;0,375;0,105;60;55,0;1,336;0,05;1,995;11,889;0,05;False;5,691;0
S&P 500;Indici;Reversione RSI2;Long+Short;60;37;32,432;-0,721;0,05;26;57,692;1,715;2,367;1,693;6,616;0,05;False;9,806;0
Oro;Commodities;EMA 50/200;Long+Short;40;58;46,552;0,112;0,049;42;57,143;1,734;0,066;1,975;10,799;0,049;False;10,587;0
Argento;Commodities;Momentum 120g + filtro VIX;Long+Short;5;407;52,334;0,139;0,786;287;48,432;0,146;0,048;1,086;6,234;0,048;False;5,767;0
Argento;Commodities;Prezzo vs SMA50;Solo short;10;156;51,923;0,236;0,796;93;47,312;-0,877;0,047;0,686;-12,101;0,047;False;8,638;0
GBP/USD;Valute;Prezzo vs SMA20;Long+Short;60;41;53,659;0,129;0,046;28;53,571;0,316;0,385;1,241;1,314;0,046;False;6,524;0
USD/JPY;Valute;Prezzo vs SMA200;Solo short;20;66;46,97;-0,155;0,046;36;50,0;-0,297;0,4;0,696;-1,586;0,046;False;4,186;0
Bitcoin;Cripto;Prezzo vs SMA200;Long+Short;3;578;55,709;0,669;1,739;820;49,634;0,08;0,046;1,043;9,75;0,046;False;8,991;0
Oro;Commodities;Prezzo vs SMA50;Long+Short;10;232;49,138;0,005;0,045;168;48,81;0,197;0,352;1,177;4,915;0,045;False;4,807;0
Oro;Commodities;Momentum 60g;Solo long;5;266;53,383;0,123;0,532;247;55,061;0,293;0,045;1,339;10,726;0,045;False;3,452;0
Ethereum;Cripto;Momentum 60g + filtro VIX;Long+Short;1;487;52,156;0,279;1,415;1973;48,606;0,076;0,044;1,056;22,108;0,044;False;5,774;0
S&P 500;Indici;Reversione RSI2;Solo short;40;47;29,787;-1,806;0,044;33;33,333;-1,08;0,83;0,703;-5,286;0,044;False;7,502;0
USD/JPY;Valute;Momentum 20g;Solo long;20;92;54,348;0,181;0,044;69;53,623;0,471;0,086;1,668;4,822;0,044;False;4,303;0
GBP/USD;Valute;ADX>25 + direzione DI;Solo short;10;65;53,846;0,154;0,535;42;59,524;-0,007;0,044;0,991;-0,046;0,044;False;2,492;0
Ethereum;Cripto;Prezzo vs SMA50;Long+Short;1;583;49,743;0,016;0,083;2462;48,01;0,025;0,044;1,017;8,956;0,044;False;5,851;0
DAX;Indici;Momentum 5g;Solo short;60;37;37,838;-1,603;0,426;26;34,615;-2,947;0,043;0,385;-11,368;0,043;False;12,249;0
EUR/USD;Valute;Momentum 60g + filtro VIX;Solo long;60;28;46,429;-0,41;0,043;21;57,143;0,465;0,284;1,389;1,448;0,043;False;6,114;0
FTSE MIB;Indici;Momentum 5g;Solo short;40;54;50,0;-0,377;0,042;38;34,211;-1,874;0,175;0,535;-10,566;0,042;False;12,216;0
Ethereum;Cripto;Breakout Donchian 20;Long+Short;20;30;73,333;-0,277;0,042;122;54,918;4,325;1,88;1,765;78,242;0,042;False;29,385;0
Oro;Commodities;Momentum 60g + filtro VIX;Solo short;40;39;43,59;-0,409;0,32;21;42,857;-2,627;0,042;0,419;-8,181;0,042;False;12,626;0
Oro;Commodities;Breakout Donchian 20;Long+Short;20;116;52,586;0,0;0,042;84;52,381;0,499;0,326;1,311;6,215;0,042;False;7,64;0
GBP/USD;Valute;EMA 20/50;Solo long;20;71;54,93;-0,123;0,041;54;55,556;0,289;0,981;1,525;2,317;0,041;False;3,369;0
FTSE MIB;Indici;Reversione RSI2;Solo long;40;45;60,0;0,908;0,356;30;66,667;2,224;0,041;2,117;9,898;0,041;False;15,879;0
GBP/USD;Valute;Reversione RSI2;Solo long;1;363;46,281;-0,005;0,041;220;53,636;0,025;0,576;1,121;0,817;0,041;False;0,981;0
Bitcoin;Cripto;Momentum 10g;Solo long;40;40;60,0;14,883;0,749;56;48,214;6,333;0,041;2,079;52,594;0,041;False;28,5;0
EUR/USD;Valute;Prezzo vs SMA200 + filtro VIX;Long+Short;3;689;49,637;0,003;0,041;484;50,826;0,022;0,643;1,084;1,61;0,041;False;1,457;0
USD/JPY;Valute;Momentum 10g;Solo long;40;54;48,148;0,635;0,569;40;60,0;0,942;0,041;2,202;5,59;0,041;False;6,063;0
Bitcoin;Cripto;Momentum 10g;Long+Short;40;44;61,364;13,027;2,018;60;46,667;0,734;0,04;1,086;6,532;0,04;False;31,996;0
EUR/USD;Valute;ADX>20 + direzione DI;Solo short;10;96;59,375;0,42;1,997;71;56,338;-0,017;0,039;0,97;-0,182;0,039;False;2,287;0
GBP/USD;Valute;Fine/inizio mese;Long+Short;5;111;53,153;-0,026;0,039;80;50,0;0,02;0,08;1,047;0,235;0,039;False;1,891;0
GBP/USD;Valute;Fine/inizio mese;Solo long;5;111;53,153;-0,026;0,039;80;50,0;0,02;0,08;1,047;0,235;0,039;False;1,891;0
Petrolio WTI;Commodities;Prezzo vs SMA100;Solo short;40;40;42,5;-0,134;0,038;26;46,154;-1,938;0,422;0,741;-7,473;0,038;False;22,248;0
Petrolio WTI;Commodities;Prezzo vs SMA200;Long+Short;10;232;46,552;0,03;0,064;168;50,0;-0,006;0,038;0,998;-0,16;0,038;False;11,271;0
Euro Stoxx 50;Indici;SMA200 + Momentum20 concordi;Long+Short;60;38;55,263;0,78;0,533;26;53,846;0,849;0,036;1,386;3,274;0,036;False;10,992;0
Oro;Commodities;Momentum 120g + filtro VIX;Long+Short;20;108;54,63;0,389;0,907;76;51,316;0,742;0,036;1,432;8,359;0,036;False;6,716;0
Oro;Commodities;EMA 20/50;Solo long;40;39;48,718;0,735;0,035;33;54,545;2,807;0,098;2,944;13,738;0,035;False;7,799;0
Ethereum;Cripto;Prezzo vs SMA100;Solo short;10;45;60,0;2,422;1,254;122;42,623;-2,067;0,035;0,66;-37,404;0,035;False;22,937;0
Oro;Commodities;Prezzo vs SMA100;Solo long;40;43;51,163;0,756;0,074;35;62,857;2,736;0,034;2,725;14,199;0,034;False;8,917;0
EUR/CHF;Valute;Reversione RSI2;Solo short;40;43;51,163;0,46;0,034;30;60,0;0,494;0,571;2,066;2,196;0,034;False;3,295;0
Argento;Commodities;Reversione RSI2 nel trend SMA200;Solo long;20;20;50,0;0,316;0,033;31;64,516;2,724;0,506;2,187;12,522;0,033;False;14,799;0
Oro;Commodities;Prezzo vs SMA50;Solo short;40;45;53,333;-0,671;0,033;26;42,308;-1,633;0,872;0,501;-6,297;0,033;False;10,749;0
Gas naturale;Commodities;Momentum 60g + filtro VIX;Long+Short;20;108;52,778;0,285;0,282;77;45,455;0,349;0,032;1,047;3,982;0,032;False;23,268;0
GBP/USD;Valute;Fine/inizio mese;Long+Short;1;111;52,252;-0,005;0,031;81;44,444;0,032;0,5;1,182;0,385;0,031;False;0,933;0
GBP/USD;Valute;Fine/inizio mese;Solo long;1;111;52,252;-0,005;0,031;81;44,444;0,032;0,5;1,182;0,385;0,031;False;0,933;0
EUR/CHF;Valute;Reversione RSI2 nel trend SMA200;Long+Short;60;32;56,25;0,935;1,602;21;38,095;0,118;0,031;1,181;0,368;0,031;False;2,808;0
USD/JPY;Valute;Breakout Donchian 55 + filtro VIX;Solo long;60;26;57,692;1,026;0,47;21;76,19;1,483;0,03;2,307;4,619;0,03;False;6,214;0
Oro;Commodities;Momentum 60g + filtro VIX;Long+Short;5;407;49,386;0,006;0,03;287;52,613;0,157;0,473;1,199;6,694;0,03;False;3,366;0
USD/JPY;Valute;Breakout Donchian 20;Solo short;5;211;49,289;-0,036;0,029;116;44,828;-0,082;0,259;0,86;-1,418;0,029;False;2,164;0
EUR/CHF;Valute;Acquisto su picco VIX;Long+Short;5;73;46,575;-0,044;0,028;56;50,0;-0,027;0,084;0,929;-0,225;0,028;False;1,664;0
EUR/CHF;Valute;Acquisto su picco VIX;Solo long;5;73;46,575;-0,044;0,028;56;50,0;-0,027;0,084;0,929;-0,225;0,028;False;1,664;0
USD/JPY;Valute;Reversione RSI2 nel trend SMA200;Long+Short;40;43;46,512;0,106;0,159;31;61,29;0,285;0,028;1,24;1,31;0,028;False;5,955;0
Bitcoin;Cripto;ADX>25 + direzione DI;Solo long;1;677;56,573;0,292;0,54;763;48,886;0,149;0,028;1,156;16,838;0,028;False;5,35;0
USD/JPY;Valute;Momentum 60g + filtro VIX;Solo long;20;78;53,846;0,522;1,26;62;59,677;0,456;0,027;1,538;4,189;0,027;False;3,752;0
Bitcoin;Cripto;Prezzo vs SMA200;Solo long;3;376;58,245;1,087;1,183;487;52,156;0,445;0,026;1,273;32,15;0,026;False;9,583;0
Nasdaq 100;Indici;Breakout Donchian 55;Long+Short;60;39;69,231;2,45;0,323;27;62,963;2,835;0,026;2,117;11,354;0,026;False;14,492;0
Bitcoin;Cripto;Prezzo vs SMA200;Solo short;3;207;47,826;-0,242;1,057;354;44,633;-0,432;0,024;0,802;-22,672;0,024;False;8,239;0
Ethereum;Cripto;EMA 50/200;Solo short;5;97;50,515;0,581;0,703;217;44,7;-1,03;0,024;0,705;-33,146;0,024;False;13,937;0
Argento;Commodities;EMA 20/50;Solo short;40;41;53,659;0,077;0,543;26;38,462;-4,14;0,024;0,439;-15,962;0,024;False;21,75;0
EUR/USD;Valute;EMA 50/200 + filtro VIX;Long+Short;40;58;56,897;0,575;1,425;41;46,341;0,036;0,024;1,032;0,219;0,024;False;4,871;0
EUR/USD;Valute;Reversione RSI2;Long+Short;40;55;58,182;0,272;0,598;40;55,0;0,011;0,023;1,009;0,062;0,023;False;4,77;0
DAX;Indici;Momentum 5g;Solo short;40;53;37,736;-1,524;0,023;38;34,211;-1,635;0,177;0,527;-9,216;0,023;False;10,599;0
Bitcoin;Cripto;Prezzo vs SMA50;Long+Short;60;29;62,069;1,925;0,022;40;50,0;3,95;0,517;1,427;23,428;0,022;False;34,95;0
USD/JPY;Valute;Breakout Donchian 55;Solo long;20;74;50,0;0,389;0,696;58;58,621;0,455;0,022;1,493;3,916;0,022;False;4,491;0
Euro Stoxx 50;Indici;EMA 50/200 + filtro VIX;Long+Short;60;38;50,0;0,404;0,173;26;65,385;1,44;0,022;1,609;5,553;0,022;False;14,34;0
EUR/USD;Valute;Breakout Donchian 20;Long+Short;40;61;45,902;0,013;0,022;42;47,619;0,268;0,582;1,264;1,671;0,022;False;4,916;0
Bitcoin;Cripto;Prezzo vs SMA20;Long+Short;20;87;52,874;5,024;1,903;122;50,82;0,471;0,021;1,09;8,525;0,021;False;25,418;0
Argento;Commodities;Momentum 10g;Solo short;20;96;60,417;0,537;1,063;66;46,97;-1,92;0,021;0,572;-18,792;0,021;False;14,267;0
FTSE MIB;Indici;Momentum 20g;Solo long;5;293;52,56;0,004;0,021;243;53,909;0,234;0,095;1,301;8,427;0,021;False;4,343;0
USD/JPY;Valute;Reversione RSI2;Solo short;40;48;54,167;-0,342;0,021;36;44,444;-0,908;0,023;0,519;-4,848;0,021;False;7,104;0
Gas naturale;Commodities;Momentum 60g + filtro VIX;Solo long;10;122;46,721;0,467;0,807;95;49,474;0,946;0,021;1,206;13,33;0,021;False;14,682;0
Bitcoin;Cripto;Breakout Donchian 20;Solo long;60;26;61,538;21,364;0,507;34;52,941;9,612;0,02;2,398;48,465;0,02;False;32,678;0
Bitcoin;Cripto;Momentum 120g;Long+Short;60;29;68,966;15,773;1,192;40;47,5;0,093;0,019;1,008;0,55;0,019;False;43,305;0
USD/JPY;Valute;Breakout Donchian 55;Solo long;60;26;57,692;1,037;0,482;22;72,727;1,472;0,018;2,292;4,802;0,018;False;6,161;0
Oro;Commodities;Prezzo vs SMA200 + filtro VIX;Long+Short;40;56;50,0;0,56;0,74;38;52,632;1,436;0,018;1,738;8,091;0,018;False;8,476;0
Ethereum;Cripto;Momentum 20g;Solo short;10;44;47,727;-0,472;0,017;150;48,667;-0,958;1,173;0,802;-21,319;0,017;False;22,857;0
Argento;Commodities;Breakout Donchian 20;Solo short;10;148;47,297;-0,095;0,016;77;44,156;-0,869;0,069;0,638;-9,919;0,016;False;7,793;0
DAX;Indici;ADX>20 + direzione DI;Solo long;3;224;54,464;0,093;0,255;167;53,293;0,103;0,016;1,192;2,549;0,016;False;2,383;0
EUR/CHF;Valute;EMA 50/200 + filtro VIX;Long+Short;60;39;64,103;0,661;0,731;27;51,852;0,256;0,016;1,36;1,024;0,016;False;4,233;0
Petrolio WTI;Commodities;ADX>20 + direzione DI;Solo short;10;100;52,0;-0,033;0,015;70;44,286;-0,666;0,053;0,826;-6,913;0,015;False;14,539;0
S&P 500;Indici;Fine/inizio mese;Long+Short;20;98;68,367;0,909;0,015;71;66,197;1,366;0,483;2,145;14,389;0,015;False;7,459;0
S&P 500;Indici;Fine/inizio mese;Solo long;20;98;68,367;0,909;0,015;71;66,197;1,366;0,483;2,145;14,389;0,015;False;7,459;0
Ethereum;Cripto;SMA200 + Momentum20 concordi;Solo long;1;89;49,438;0,136;0,289;902;49,335;0,209;0,015;1,153;27,935;0,015;False;6,386;0
Argento;Commodities;Momentum 120g + filtro VIX;Long+Short;40;56;42,857;0,194;0,179;39;46,154;1,003;0,014;1,215;5,8;0,014;False;17,241;0
DAX;Indici;Momentum 60g;Long+Short;60;39;53,846;0,797;0,064;28;71,429;1,316;0,014;1,567;5,465;0,014;False;16,578;0
Ethereum;Cripto;Prezzo vs SMA100;Long+Short;20;30;80,0;5,244;1,365;122;47,541;0,942;0,014;1,128;17,052;0,014;False;32,374;0
Gas naturale;Commodities;Momentum 120g;Long+Short;40;58;48,276;0,05;0,013;42;54,762;1,749;0,264;1,173;10,895;0,013;False;34,308;0
Gas naturale;Commodities;Prezzo vs SMA20;Solo long;20;93;43,011;-0,256;0,013;67;50,746;2,881;0,396;1,482;28,624;0,013;False;22,024;0
Ethereum;Cripto;EMA 50/200;Solo short;20;25;52,0;1,175;0,493;57;40,351;-4,265;0,013;0,563;-36,055;0,013;False;39,158;0
Ethereum;Cripto;Momentum 120g;Solo long;10;20;55,0;0,573;0,013;148;52,027;2,493;0,341;1,647;54,717;0,013;False;20,006;0
Bitcoin;Cripto;EMA 50/200 + filtro VIX;Solo long;5;198;57,071;2,103;1,533;281;51,246;0,742;0,013;1,35;30,931;0,013;False;13,084;0
Petrolio WTI;Commodities;Momentum 120g + filtro VIX;Long+Short;10;209;50,718;0,011;0,012;149;49,664;0,081;0,131;1,03;1,786;0,012;False;10,809;0
DAX;Indici;Prezzo vs SMA20;Solo short;40;47;38,298;-1,534;0,012;35;37,143;-1,819;0,013;0,469;-9,443;0,012;False;10,407;0
DAX;Indici;Reversione RSI2;Solo short;60;33;30,303;-2,09;0,01;24;41,667;-1,708;0,776;0,574;-6,082;0,01;False;13,301;0
USD/JPY;Valute;Momentum 120g + filtro VIX;Long+Short;10;216;48,611;0,048;0,394;152;56,579;0,073;0,01;1,114;1,646;0,01;False;3,025;0
Petrolio WTI;Commodities;Breakout Donchian 20;Solo long;60;32;53,125;0,987;0,415;20;55,0;5,423;0,009;1,885;16,084;0,009;False;23,329;0
USD/JPY;Valute;Prezzo vs SMA50;Solo long;40;50;46,0;0,416;0,11;38;57,895;0,927;0,009;2,039;5,222;0,009;False;5,796;0
Bitcoin;Cripto;Momentum 120g + filtro VIX;Solo short;1;432;44,213;-0,208;0,009;734;45,913;-0,141;0,052;0,863;-15,298;0,009;False;4,082;0
Ethereum;Cripto;Breakout Donchian 20;Solo short;1;409;51,1;0,051;0,225;1044;46,264;-0,206;0,008;0,872;-31,846;0,008;False;5,982;0
FTSE MIB;Indici;Breakout Donchian 55 + filtro VIX;Solo long;20;74;59,459;0,164;0,008;62;66,129;1,138;0,171;2,127;10,472;0,008;False;7,543;0
Ethereum;Cripto;Prezzo vs SMA200 + filtro VIX;Solo long;1;137;48,905;0,066;0,175;1300;50,385;0,208;0,007;1,155;40,033;0,007;False;6,381;0
Argento;Commodities;ADX>25 + direzione DI;Solo long;10;55;45,455;0,106;0,007;44;54,545;1,93;0,753;1,954;12,59;0,007;False;8,356;0
Gas naturale;Commodities;Reversione RSI2;Long+Short;3;315;51,111;0,001;0,007;248;51,613;0,423;0,956;1,173;15,571;0,007;False;9,015;0
Ethereum;Cripto;Breakout Donchian 55;Long+Short;5;117;53,846;0,921;1,096;492;51,016;0,274;0,006;1,085;19,991;0,006;False;14,45;0
Petrolio WTI;Commodities;Prezzo vs SMA50;Solo long;60;33;57,576;2,231;0,912;24;45,833;5,396;0,005;1,881;19,205;0,005;False;23,637;0
GBP/USD;Valute;Momentum 10g;Solo long;20;98;53,061;-0,058;0,341;69;47,826;0,055;0,004;1,082;0,562;0,004;False;3,589;0
Bitcoin;Cripto;Momentum 10g;Solo long;5;235;54,894;1,728;1,054;329;51,064;0,738;0,003;1,343;36,021;0,003;False;10,703;0
FTSE MIB;Indici;Prezzo vs SMA200;Solo long;60;28;57,143;1,572;0,759;23;82,609;3,581;0,003;2,942;12,217;0,003;False;13,058;0
Bitcoin;Cripto;Reversione RSI2 nel trend SMA200;Solo short;10;24;54,167;0,344;1,39;42;52,381;-1,479;0,002;0,676;-9,211;0,002;False;19,018;0
Nasdaq 100;Indici;Momentum 10g;Solo long;20;103;69,903;1,32;0,002;74;67,568;1,656;0,109;2,014;18,176;0,002;False;7,704;0
Argento;Commodities;Momentum 60g;Solo short;40;41;60,976;0,456;0,845;29;24,138;-4,191;0,002;0,423;-18,023;0,002;False;22,96;0
Oro;Commodities;Momentum 120g + filtro VIX;Solo long;40;39;48,718;0,719;0,019;34;61,765;2,695;0,002;2,731;13,589;0,002;False;7,847;0
Argento;Commodities;Prezzo vs SMA100;Solo short;40;44;50,0;0,217;0,64;27;40,741;-4,192;0,002;0,431;-16,785;0,002;False;21,645;0
FTSE MIB;Indici;Prezzo vs SMA200;Long+Short;5;468;48,932;0,0;0,001;342;53,509;0,183;0,405;1,2;9,265;0,001;False;4,612;0
Nasdaq 100;Indici;Momentum 20g;Solo short;60;31;19,355;-3,919;0,001;20;25,0;-4,296;0,34;0,302;-12,747;0,001;False;12,659;0
GBP/USD;Valute;ADX>20 + direzione DI;Long+Short;10;157;46,497;0,01;0,001;105;55,238;0,078;0,629;1,165;1,207;0,001;False;2,557;0
DAX;Indici;Momentum 10g;Solo short;10;145;41,379;-0,336;0,001;106;41,509;-0,281;0,35;0,82;-4,423;0,001;False;5,196;0
EUR/USD;Valute;ADX>25 + direzione DI;Solo long;3;146;45,205;-0,024;0,0;133;55,639;0,065;0,825;1,224;1,277;0,0;False;1,383;0
EUR/USD;Valute;Momentum 60g;Long+Short;60;41;51,22;0,14;0,117;28;64,286;0,03;-0,0;1,025;0,125;-0,0;False;6,375;0
FTSE MIB;Indici;Breakout Donchian 55 + filtro VIX;Long+Short;60;39;61,538;0,368;0,149;26;65,385;1,924;-0,0;1,774;7,422;-0,0;False;16,628;0
Gas naturale;Commodities;EMA 50/200 + filtro VIX;Solo long;20;46;39,13;-0,274;-0,001;41;53,659;3,345;0,49;1,559;20,338;-0,001;False;24,4;0
EUR/USD;Valute;Momentum 120g + filtro VIX;Solo long;5;192;47,917;-0,016;0,296;173;51,445;0,01;-0,002;1,032;0,261;-0,002;False;1,614;0
FTSE MIB;Indici;Prezzo vs SMA200;Solo short;3;346;48,266;0,019;-0,002;136;48,529;-0,094;0,038;0,924;-1,897;-0,002;False;4,544;0
EUR/USD;Valute;Breakout Donchian 20;Solo short;40;40;52,5;0,309;-0,002;26;57,692;0,191;0,711;1,206;0,738;-0,002;False;5,056;0
Oro;Commodities;Momentum 5g;Long+Short;10;232;51,293;0,136;0,603;168;55,357;0,103;-0,002;1,081;2,556;-0,002;False;4,961;0
USD/JPY;Valute;EMA 10/30;Solo long;40;50;50,0;0,442;0,158;35;62,857;0,92;-0,003;1,91;4,774;-0,003;False;6,408;0
GBP/USD;Valute;Momentum 60g + filtro VIX;Solo long;3;365;49,863;0,017;0,78;298;50,671;0,005;-0,003;1,016;0,202;-0,003;False;1,457;0
Petrolio WTI;Commodities;ADX>25 + direzione DI;Solo long;20;42;47,619;0,115;-0,003;30;53,333;1,92;0,093;1,444;8,542;-0,003;False;12,834;0
EUR/CHF;Valute;ADX>25 + direzione DI;Solo short;3;171;51,462;0,044;0,131;142;52,817;0,022;-0,004;1,107;0,469;-0,004;False;1,198;0
USD/JPY;Valute;Prezzo vs SMA200;Solo short;40;35;45,714;-0,004;0,763;20;50,0;-0,925;-0,004;0,461;-2,743;-0,004;False;5,541;0
Ethereum;Cripto;EMA 50/200;Long+Short;5;117;52,991;0,417;0,554;492;50,813;0,134;-0,004;1,041;9,77;-0,004;False;15,014;0
Gas naturale;Commodities;EMA 50/200;Long+Short;20;116;48,276;0,051;-0,004;84;51,19;0,856;0,349;1,123;10,666;-0,004;False;23,931;0
Petrolio WTI;Commodities;Prezzo vs SMA20;Long+Short;5;463;50,972;-0,0;-0,005;338;48,817;0,059;0,113;1,025;2,946;-0,005;False;8,258;0
USD/JPY;Valute;Prezzo vs SMA100;Solo long;40;45;53,333;0,506;0,268;34;64,706;0,918;-0,005;1,865;4,628;-0,005;False;5,597;0
Ethereum;Cripto;Breakout Donchian 55;Solo short;10;48;52,083;2,017;1,318;95;43,158;-2,116;-0,006;0,637;-29,815;-0,006;False;23,662;0
EUR/USD;Valute;EMA 20/50;Long+Short;40;61;47,541;0,131;0,31;42;45,238;-0,003;-0,006;0,997;-0,018;-0,006;False;4,603;0
Oro;Commodities;ADX>20 + direzione DI;Solo long;40;38;60,526;0,697;-0,007;27;70,37;2,968;0,244;3,723;11,883;-0,007;False;8,987;0
FTSE MIB;Indici;EMA 50/200;Solo long;10;140;53,571;0,184;0,419;135;57,037;0,5;-0,007;1,472;10,014;-0,007;False;5,678;0
Bitcoin;Cripto;Momentum 60g + filtro VIX;Solo long;40;33;60,606;15,682;0,771;45;53,333;6,166;-0,008;1,964;41,149;-0,008;False;27,969;0
Oro;Commodities;EMA 50/200 + filtro VIX;Long+Short;40;56;44,643;0,291;0,384;38;57,895;1,692;-0,008;1,933;9,536;-0,008;False;8,476;0
Euro Stoxx 50;Indici;Reversione RSI2 nel trend SMA200;Solo long;40;28;57,143;1,03;0,323;22;59,091;1,544;-0,009;1,865;5,04;-0,009;False;8,803;0
DAX;Indici;SMA200 + Momentum20 concordi;Solo short;5;106;43,396;-0,045;0,282;62;41,935;-0,199;-0,009;0,871;-1,834;-0,009;False;5,073;0
EUR/CHF;Valute;Reversione RSI2 nel trend SMA200;Solo short;10;57;50,877;0,139;0,14;44;52,273;0,073;-0,01;1,208;0,477;-0,01;False;1,943;0
Nasdaq 100;Indici;Momentum 10g;Solo short;60;35;22,857;-3,931;-0,011;24;29,167;-4,15;0,492;0,297;-14,776;-0,011;False;15,455;0
USD/JPY;Valute;Prezzo vs SMA200 + filtro VIX;Long+Short;20;112;47,321;0,064;0,192;79;59,494;0,127;-0,011;1,122;1,484;-0,011;False;4,285;0
EUR/USD;Valute;Prezzo vs SMA200;Solo short;40;41;53,659;0,305;-0,011;25;60,0;-0,036;0,182;0,971;-0,133;-0,011;False;5,165;0
USD/JPY;Valute;Prezzo vs SMA100;Long+Short;60;41;56,098;0,236;0,36;28;64,286;0,718;-0,011;1,535;2,983;-0,011;False;6,036;0
EUR/USD;Valute;Breakout Donchian 20;Solo short;5;254;51,969;0,046;0,065;169;51,479;-0,011;-0,012;0,972;-0,283;-0,012;False;1,955;0
Bitcoin;Cripto;ADX>20 + direzione DI;Solo long;5;184;58,152;1,857;1,153;217;47,926;0,731;-0,012;1,338;23,532;-0,012;False;10,97;0
EUR/CHF;Valute;Prezzo vs SMA50;Solo short;60;33;60,606;0,66;-0,012;25;68,0;0,541;0,245;2,16;2,005;-0,012;False;3,288;0
USD/JPY;Valute;Momentum 5g;Solo long;60;39;46,154;0,599;0,082;27;62,963;1,446;-0,013;2,806;5,788;-0,013;False;6,572;0
GBP/USD;Valute;ADX>20 + direzione DI;Solo long;20;52;51,923;-0,046;0,292;38;52,632;0,05;-0,014;1,068;0,28;-0,014;False;3,646;0
FTSE MIB;Indici;SMA200 + Momentum20 concordi;Solo long;10;117;54,701;0,042;-0,015;110;55,455;0,535;0,105;1,567;8,73;-0,015;False;5,067;0
FTSE MIB;Indici;Prezzo vs SMA100;Long+Short;60;39;46,154;0,249;0,126;28;67,857;2,015;-0,016;1,772;8,371;-0,016;False;17,186;0
USD/JPY;Valute;ADX>25 + direzione DI;Solo long;20;35;51,429;0,336;0,298;31;58,065;0,438;-0,016;1,49;2,015;-0,016;False;4,605;0
Gas naturale;Commodities;Prezzo vs SMA100;Solo long;20;71;46,479;0,039;0,241;56;48,214;1,877;-0,016;1,328;15,586;-0,016;False;20,997;0
EUR/USD;Valute;Reversione RSI2 nel trend SMA200;Solo long;1;87;57,471;0,061;1,11;96;45,833;0,001;-0,017;1,008;0,016;-0,017;False;0,903;0
Ethereum;Cripto;Prezzo vs SMA20;Solo short;1;350;50,571;0,157;0,651;1181;44,2;-0,209;-0,018;0,862;-36,608;-0,018;False;5,822;0
Ethereum;Cripto;Breakout Donchian 55;Solo short;20;24;66,667;4,136;1,37;50;44,0;-4,348;-0,018;0,552;-32,239;-0,018;False;33,484;0
Argento;Commodities;Momentum 60g + filtro VIX;Long+Short;60;38;52,632;0,607;0,324;27;55,556;1,126;-0,018;1,183;4,508;-0,018;False;21,451;0
Nasdaq 100;Indici;Momentum 20g;Solo short;20;69;36,232;-1,328;-0,018;46;30,435;-1,059;0,468;0,668;-7,23;-0,018;False;8,843;0
FTSE MIB;Indici;Breakout Donchian 55 + filtro VIX;Solo short;5;148;52,703;0,06;0,199;51;43,137;-0,227;-0,018;0,837;-1,717;-0,018;False;5,061;0
GBP/USD;Valute;EMA 20/50;Long+Short;40;61;57,377;0,044;0,069;42;45,238;-0,004;-0,019;0,997;-0,023;-0,019;False;4,73;0
Petrolio WTI;Commodities;Momentum 20g;Solo long;60;34;50,0;-0,041;-0,019;24;50,0;7,545;0,394;2,411;26,853;-0,019;False;21,832;0
Bitcoin;Cripto;Momentum 10g;Solo long;20;76;61,842;6,318;0,559;107;50,467;2,958;-0,019;1,713;46,929;-0,019;False;21,126;0
EUR/USD;Valute;ADX>20 + direzione DI;Solo short;3;265;56,604;0,16;2,212;178;49,438;-0,007;-0,02;0,976;-0,188;-0,02;False;1,579;0
Petrolio WTI;Commodities;Prezzo vs SMA200 + filtro VIX;Solo short;40;37;43,243;-0,26;-0,021;26;57,692;-1,301;0,533;0,822;-5,014;-0,021;False;25,494;0
Ethereum;Cripto;Prezzo vs SMA200;Solo long;5;30;50,0;0,105;-0,021;287;56,446;1,331;0,538;1,504;56,659;-0,021;False;13,863;0
DAX;Indici;Reversione RSI2;Long+Short;60;37;51,351;0,114;0,5;26;42,308;-0,27;-0,021;0,92;-1,042;-0,021;False;12,671;0
FTSE MIB;Indici;Momentum 5g;Long+Short;5;468;52,564;-0,003;-0,021;342;52,632;0,126;0,527;1,134;6,405;-0,021;False;4,58;0
USD/JPY;Valute;EMA 10/30;Solo long;60;34;47,059;0,513;-0,021;24;79,167;2,034;0,638;3,439;7,239;-0,021;False;6,49;0
Ethereum;Cripto;Fine/inizio mese;Long+Short;10;20;55,0;0,458;-0,021;80;56,25;3,716;0,921;1,984;44,087;-0,021;False;20,929;0
Ethereum;Cripto;Fine/inizio mese;Solo long;10;20;55,0;0,458;-0,021;80;56,25;3,716;0,921;1,984;44,087;-0,021;False;20,929;0
Argento;Commodities;Breakout Donchian 20;Solo short;20;83;57,831;0,248;0,722;43;39,535;-1,966;-0,021;0,466;-12,538;-0,021;False;12,069;0
Euro Stoxx 50;Indici;Reversione RSI2;Long+Short;5;267;51,685;0,303;2,023;190;53,158;-0,033;-0,022;0,967;-0,922;-0,022;False;3,841;0
Ethereum;Cripto;Momentum 60g;Solo short;1;386;52,85;0,253;1,069;1017;46,411;-0,21;-0,023;0,861;-31,635;-0,023;False;5,818;0
USD/JPY;Valute;EMA 50/200;Long+Short;40;61;50,82;0,119;0,199;42;66,667;0,426;-0,023;1,354;2,652;-0,023;False;6,154;0
Gas naturale;Commodities;Momentum 120g + filtro VIX;Long+Short;20;108;51,852;0,035;0,01;77;48,052;0,167;-0,024;1,022;1,913;-0,024;False;22,76;0
DAX;Indici;Reversione RSI2 nel trend SMA200;Solo long;3;79;53,165;0,064;-0,024;62;62,903;0,218;0,573;1,485;2,008;-0,024;False;2,75;0
USD/JPY;Valute;ADX>20 + direzione DI;Solo long;40;34;61,765;1,002;0,935;29;62,069;0,902;-0,024;1,716;3,877;-0,024;False;6,027;0
GBP/USD;Valute;ADX>20 + direzione DI;Solo long;5;134;47,015;-0,023;0,082;101;47,525;0,007;-0,024;1,017;0,101;-0,024;False;1,905;0
Ethereum;Cripto;Momentum 10g;Long+Short;5;117;49,573;0,545;0,596;492;49,187;0,104;-0,024;1,032;7,595;-0,024;False;14,254;0
Nasdaq 100;Indici;Reversione RSI2;Solo long;3;129;54,264;0,158;-0,025;90;61,111;0,308;0,34;1,359;4,113;-0,025;False;3,917;0
Petrolio WTI;Commodities;Momentum 5g;Long+Short;10;232;54,741;0,299;0,754;168;54,167;0,042;-0,026;1,013;1,041;-0,026;False;11,412;0
Argento;Commodities;Prezzo vs SMA100;Solo short;60;31;54,839;0,097;0,471;20;45,0;-6,556;-0,026;0,33;-19,445;-0,026;False;23,593;0
Argento;Commodities;Prezzo vs SMA50;Solo short;60;33;45,455;-0,881;-0,026;21;28,571;-3,994;0,787;0,444;-12,437;-0,026;False;23,483;0
Ethereum;Cripto;Momentum 120g;Solo long;5;38;47,368;0,107;-0,027;290;55,172;1,297;0,436;1,467;55,757;-0,027;False;14,475;0
EUR/USD;Valute;ADX>25 + direzione DI;Solo short;20;33;66,667;0,674;1,492;28;64,286;-0,068;-0,027;0,897;-0,284;-0,027;False;3,316;0
EUR/CHF;Valute;Fine/inizio mese;Long+Short;60;37;35,135;-0,642;0,041;26;34,615;-0,458;-0,027;0,479;-1,764;-0,027;False;4,052;0
EUR/CHF;Valute;Fine/inizio mese;Solo long;60;37;35,135;-0,642;0,041;26;34,615;-0,458;-0,027;0,479;-1,764;-0,027;False;4,052;0
EUR/USD;Valute;Reversione RSI2 nel trend SMA200;Solo short;1;107;57,944;0,083;1,542;71;52,113;-0,004;-0,028;0,983;-0,038;-0,028;False;1,156;0
GBP/USD;Valute;Momentum 120g + filtro VIX;Solo long;40;35;54,286;-0,273;-0,028;28;46,429;0,185;0,14;1,252;0,767;-0,028;False;4,707;0
EUR/USD;Valute;SMA200 + Momentum20 concordi;Long+Short;60;40;55,0;0,122;0,138;27;55,556;-0,013;-0,029;0,99;-0,053;-0,029;False;6,475;0
EUR/USD;Valute;Reversione RSI2;Long+Short;1;617;52,998;0,031;1,593;463;51,404;-0,001;-0,029;0,996;-0,044;-0,029;False;0,969;0
GBP/USD;Valute;ADX>20 + direzione DI;Solo short;20;66;53,03;0,438;1,099;39;51,282;-0,063;-0,029;0,925;-0,363;-0,029;False;3,143;0
USD/JPY;Valute;Reversione RSI2;Solo long;60;33;51,515;0,505;-0,03;23;60,87;1,501;0,045;2,232;5,12;-0,03;False;5,793;0
Argento;Commodities;Prezzo vs SMA20;Solo short;40;50;58,0;1,606;1,909;36;38,889;-4,277;-0,03;0,439;-22,831;-0,03;False;20,714;0
DAX;Indici;Reversione RSI2 nel trend SMA200;Solo long;1;130;50,769;-0,01;-0,03;94;55,319;0,105;0,957;1,396;1,469;-0,03;False;1,453;0
Euro Stoxx 50;Indici;Reversione RSI2 nel trend SMA200;Long+Short;5;107;53,271;0,316;1,247;81;61,728;0,058;-0,03;1,055;0,695;-0,03;False;3,643;0
FTSE MIB;Indici;Reversione RSI2;Solo long;60;34;58,824;1,564;0,622;22;72,727;3,524;-0,031;3,319;11,503;-0,031;False;16,483;0
USD/JPY;Valute;Breakout Donchian 55;Solo short;5;198;51,01;0,009;0,506;131;45,038;-0,119;-0,032;0,794;-2,32;-0,032;False;2,239;0
EUR/USD;Valute;Reversione RSI2 nel trend SMA200;Long+Short;1;194;57,732;0,073;1,875;167;48,503;-0,001;-0,032;0,995;-0,022;-0,032;False;0,998;0
GBP/USD;Valute;Breakout Donchian 20;Long+Short;10;241;46,058;-0,002;-0,032;174;52,874;0,09;0,651;1,155;2,323;-0,032;False;2,675;0
Argento;Commodities;Prezzo vs SMA20;Solo long;40;50;44,0;0,573;-0,033;38;55,263;4,791;0,229;2,302;26,999;-0,033;False;18,098;0
Oro;Commodities;Momentum 20g;Solo short;60;35;60,0;-0,838;0,165;23;30,435;-4,079;-0,034;0,318;-13,912;-0,034;False;18,901;0
Petrolio WTI;Commodities;Prezzo vs SMA20;Solo short;10;146;48,63;-0,066;-0,036;107;51,402;0,042;0,81;1,013;0,666;-0,036;False;12,579;0
FTSE MIB;Indici;Breakout Donchian 55 + filtro VIX;Long+Short;5;413;52,3;-0,005;-0,036;287;51,916;0,142;-0,006;1,18;6,039;-0,036;False;4,456;0
S&P 500;Indici;Reversione RSI2 nel trend SMA200;Long+Short;1;195;52,821;0,063;0,678;136;50,735;0,01;-0,036;1,029;0,196;-0,036;False;1,328;0
Oro;Commodities;Momentum 120g + filtro VIX;Solo long;20;70;50,0;0,312;-0,036;64;54,688;1,348;0,067;1,962;12,789;-0,036;False;7,019;0
EUR/USD;Valute;Breakout Donchian 55;Long+Short;20;121;53,719;0,059;0,229;86;45,349;-0,005;-0,037;0,993;-0,066;-0,037;False;3,808;0
EUR/CHF;Valute;Prezzo vs SMA100;Solo short;40;46;56,522;0,428;-0,037;35;45,714;0,301;0,027;1,568;1,563;-0,037;False;2,82;0
EUR/CHF;Valute;Momentum 60g + filtro VIX;Solo short;20;82;46,341;0,205;-0,038;60;56,667;0,144;-0,017;1,345;1,283;-0,038;False;2,389;0
GBP/USD;Valute;Prezzo vs SMA20;Solo short;60;37;54,054;0,358;-0,038;26;38,462;-0,214;0,02;0,868;-0,826;-0,038;False;5,754;0
Gas naturale;Commodities;Prezzo vs SMA200 + filtro VIX;Solo long;20;55;41,818;-0,31;-0,024;48;56,25;1,812;-0,038;1,269;12,9;-0,038;False;24,094;0
Bitcoin;Cripto;Momentum 60g + filtro VIX;Solo short;1;444;43,919;-0,209;-0,001;726;45,455;-0,15;-0,038;0,856;-16,15;-0,038;False;3,998;0
S&P 500;Indici;Reversione RSI2 nel trend SMA200;Long+Short;3;116;56,897;0,078;-0,038;85;57,647;0,118;0,191;1,18;1,486;-0,038;False;2,368;0
USD/JPY;Valute;Prezzo vs SMA200 + filtro VIX;Solo long;40;39;51,282;0,821;0,797;32;65,625;0,897;-0,039;1,845;4,255;-0,039;False;5,571;0
USD/JPY;Valute;Momentum 60g + filtro VIX;Solo long;5;253;50,593;0,126;1,068;214;57,009;0,112;-0,039;1,272;3,562;-0,039;False;2,079;0
Oro;Commodities;Prezzo vs SMA200 + filtro VIX;Solo short;10;108;50,0;-0,156;-0,039;45;42,222;-0,511;0,231;0,66;-3,408;-0,039;False;4,923;0
USD/JPY;Valute;Momentum 60g + filtro VIX;Solo long;3;391;52,43;0,097;1,548;347;54,755;0,067;-0,04;1,207;3,449;-0,04;False;1,658;0
GBP/USD;Valute;Prezzo vs SMA100;Solo short;40;42;54,762;0,322;0,127;28;46,429;-0,153;-0,041;0,895;-0,634;-0,041;False;5,119;0
EUR/USD;Valute;Breakout Donchian 20;Long+Short;5;481;48,857;0,01;0,166;350;51,714;-0,002;-0,041;0,996;-0,084;-0,041;False;1,815;0
FTSE MIB;Indici;Prezzo vs SMA100;Long+Short;20;117;49,573;0,192;0,314;85;57,647;0,562;-0,043;1,353;7,086;-0,043;False;9,551;0
Gas naturale;Commodities;Momentum 120g + filtro VIX;Solo long;5;210;50,0;0,098;0,526;170;51,176;0,398;-0,043;1,107;10,038;-0,043;False;11,854;0
USD/JPY;Valute;Prezzo vs SMA100;Solo long;60;31;51,613;0,9;0,426;24;66,667;1,419;-0,043;2,327;5,051;-0,043;False;6,568;0
EUR/USD;Valute;Momentum 120g;Long+Short;20;121;59,504;0,228;1,069;86;46,512;-0,007;-0,044;0,992;-0,085;-0,044;False;3,851;0
USD/JPY;Valute;ADX>20 + direzione DI;Long+Short;10;146;52,74;-0,011;-0,044;120;58,333;0,179;0,924;1,261;3,177;-0,044;False;3,277;0
Petrolio WTI;Commodities;SMA200 + Momentum20 concordi;Solo long;40;38;50,0;0,145;-0,044;24;54,167;3,398;-0,014;1,657;12,093;-0,044;False;20,997;0
Gas naturale;Commodities;Breakout Donchian 55 + filtro VIX;Solo long;10;115;47,826;-0,179;-0,044;76;56,579;1,754;0,557;1,411;19,767;-0,044;False;14,349;0
FTSE MIB;Indici;Momentum 10g;Solo short;20;91;42,857;-0,191;-0,044;67;38,806;-1,069;-0,012;0,557;-10,621;-0,044;False;8,896;0
EUR/USD;Valute;ADX>25 + direzione DI;Solo short;5;101;59,406;0,151;0,868;71;47,887;-0,016;-0,045;0,959;-0,166;-0,045;False;1,967;0
EUR/USD;Valute;Momentum 60g + filtro VIX;Solo long;10;122;53,279;-0,03;0,368;93;49,462;0,018;-0,045;1,035;0,251;-0,045;False;2,31;0
Oro;Commodities;Momentum 60g + filtro VIX;Solo short;10;120;50,0;-0,113;0,101;63;47,619;-0,64;-0,045;0,631;-5,976;-0,045;False;5,475;0
USD/JPY;Valute;Prezzo vs SMA200 + filtro VIX;Long+Short;10;216;44,444;0,002;-0,046;152;57,237;0,072;-0,022;1,111;1,613;-0,046;False;3,06;0
Gas naturale;Commodities;Reversione RSI2;Solo short;3;160;56,875;0,093;-0,046;132;53,788;0,423;0,937;1,176;8,271;-0,046;False;9,041;0
Bitcoin;Cripto;Momentum 10g;Long+Short;10;174;59,195;2,375;2,102;245;47,347;0,073;-0,046;1,02;2,652;-0,046;False;17,525;0
EUR/USD;Valute;ADX>20 + direzione DI;Solo long;10;93;49,462;-0,025;0,345;75;48,0;0,016;-0,046;1,03;0,181;-0,046;False;2,498;0
Bitcoin;Cripto;Breakout Donchian 55 + filtro VIX;Solo long;60;21;61,905;27,578;0,885;26;57,692;9,185;-0,046;2,177;35,414;-0,046;False;35,32;0
EUR/USD;Valute;Momentum 5g;Solo short;40;56;53,571;0,288;-0,047;41;48,78;-0,138;0,027;0,888;-0,842;-0,047;False;5,346;0
EUR/CHF;Valute;Reversione RSI2;Solo short;20;69;52,174;0,2;-0,047;48;47,917;0,203;0,307;1,52;1,445;-0,047;False;2,321;0
Ethereum;Cripto;ADX>25 + direzione DI;Solo long;5;29;48,276;0,056;-0,048;164;55,488;1,33;0,387;1,476;32,354;-0,048;False;13,652;0
Euro Stoxx 50;Indici;Reversione RSI2;Solo short;3;201;42,786;0,101;1,093;143;43,357;-0,106;-0,048;0,825;-2,252;-0,048;False;2,144;0
USD/JPY;Valute;Momentum 120g + filtro VIX;Long+Short;5;424;49,292;0,036;0,586;292;52,397;0,031;-0,049;1,071;1,358;-0,049;False;2,087;0
GBP/USD;Valute;Reversione RSI2 nel trend SMA200;Long+Short;20;69;49,275;0,0;-0,049;48;50,0;0,103;0,32;1,124;0,732;-0,049;False;3,19;0
Gas naturale;Commodities;EMA 50/200;Long+Short;40;58;48,276;0,054;-0,051;42;57,143;2,591;0,497;1,268;16,137;-0,051;False;36,264;0
Gas naturale;Commodities;Prezzo vs SMA200 + filtro VIX;Solo long;10;104;49,038;-0,185;-0,051;87;52,874;0,998;0,06;1,226;12,872;-0,051;False;14,536;0
EUR/CHF;Valute;Momentum 60g + filtro VIX;Solo short;40;46;54,348;0,575;0,323;36;55,556;0,279;-0,051;1,556;1,491;-0,051;False;3,258;0
Argento;Commodities;Momentum 10g;Solo short;10;169;50,888;0,089;0,457;108;45,37;-0,939;-0,052;0,672;-15,041;-0,052;False;10,002;0
USD/JPY;Valute;Momentum 60g + filtro VIX;Long+Short;20;112;52,679;0,368;1,538;79;58,228;0,125;-0,052;1,121;1,469;-0,052;False;4,055;0
Ethereum;Cripto;ADX>20 + direzione DI;Solo short;1;341;50,44;-0,01;-0,052;991;46,62;-0,122;0,592;0,923;-17,923;-0,052;False;6,154;0
Argento;Commodities;Prezzo vs SMA20;Solo long;20;86;45,349;0,266;-0,005;69;56,522;1,88;-0,052;1,708;19,234;-0,052;False;11,033;0
Oro;Commodities;EMA 20/50;Solo long;20;71;52,113;0,304;-0,053;62;59,677;1,607;0,554;2,545;14,779;-0,053;False;6,542;0
EUR/CHF;Valute;Prezzo vs SMA50;Long+Short;60;41;51,22;0,122;-0,053;28;60,714;0,446;0,989;1,921;1,852;-0,053;False;3,905;0
Gas naturale;Commodities;Breakout Donchian 55 + filtro VIX;Long+Short;10;209;51,675;-0,033;-0,054;150;52,667;0,244;0,223;1,047;5,419;-0,054;False;18,211;0
Oro;Commodities;Momentum 120g;Solo long;10;143;53,846;0,247;0,449;134;59,701;0,603;-0,054;1,598;11,977;-0,054;False;4,649;0
DAX;Indici;ADX>20 + direzione DI;Long+Short;60;31;58,065;0,321;0,229;22;54,545;-0,633;-0,055;0,834;-2,065;-0,055;False;13,718;0
Ethereum;Cripto;Momentum 120g;Solo short;1;400;52,0;0,092;0,386;1063;46,66;-0,213;-0,055;0,85;-33,645;-0,055;False;5,635;0
EUR/USD;Valute;Fine/inizio mese;Long+Short;5;111;47,748;0,015;0,525;80;48,75;0,003;-0,056;1,008;0,038;-0,056;False;1,977;0
EUR/USD;Valute;Fine/inizio mese;Solo long;5;111;47,748;0,015;0,525;80;48,75;0,003;-0,056;1,008;0,038;-0,056;False;1,977;0
EUR/USD;Valute;Momentum 20g;Solo long;10;151;47,02;-0,092;-0,056;110;54,545;0,037;0,096;1,07;0,596;-0,056;False;2,662;0
EUR/USD;Valute;Momentum 120g;Solo short;3;469;52,665;0,022;-0,056;291;52,577;-0,005;0,021;0,985;-0,207;-0,056;False;1,611;0
Oro;Commodities;Momentum 10g;Solo long;60;36;55,556;0,999;-0,057;25;68,0;4,073;0,03;3,245;15,099;-0,057;False;11,651;0
Nasdaq 100;Indici;EMA 50/200;Long+Short;60;39;76,923;3,458;-0,057;27;70,37;3,403;0,365;2,512;13,631;-0,057;False;15,239;0
Petrolio WTI;Commodities;Momentum 5g;Solo short;10;184;42,935;-0,024;0,045;130;44,615;-0,797;-0,058;0,783;-15,369;-0,058;False;11,287;0
EUR/CHF;Valute;EMA 20/50;Long+Short;60;41;51,22;0,501;0,786;28;53,571;0,109;-0,059;1,166;0,453;-0,059;False;3,881;0
USD/JPY;Valute;Prezzo vs SMA20;Long+Short;60;41;58,537;1,05;1,353;28;57,143;0,265;-0,059;1,169;1,099;-0,059;False;5,674;0
EUR/USD;Valute;Momentum 120g + filtro VIX;Solo long;10;102;56,863;0,001;0,591;93;53,763;0,017;-0,059;1,035;0,232;-0,059;False;2,498;0
EUR/USD;Valute;Breakout Donchian 55 + filtro VIX;Solo long;10;107;48,598;-0,093;-0,06;84;51,19;0,064;0,332;1,15;0,791;-0,06;False;2,312;0
Argento;Commodities;Momentum 120g + filtro VIX;Solo short;10;125;51,2;0,11;0,469;57;38,596;-0,953;-0,06;0,657;-8,055;-0,06;False;8,945;0
FTSE MIB;Indici;Prezzo vs SMA200;Solo long;20;79;58,228;0,383;0,417;67;68,657;1,02;-0,06;1,775;10,142;-0,06;False;7,836;0
FTSE MIB;Indici;Prezzo vs SMA200 + filtro VIX;Solo long;40;39;61,538;1,238;0,918;33;75,758;2,08;-0,06;2,482;10,182;-0,06;False;10,798;0
EUR/USD;Valute;Reversione RSI2;Long+Short;3;353;52,408;0,048;0,99;255;49,804;-0,003;-0,061;0,989;-0,117;-0,061;False;1,483;0
Argento;Commodities;Momentum 120g + filtro VIX;Solo short;3;368;49,185;-0,006;-0,061;162;50,0;-0,109;0,293;0,915;-2,62;-0,061;False;4,191;0
USD/JPY;Valute;Prezzo vs SMA100;Solo long;20;82;46,341;0,237;0,219;67;55,224;0,426;-0,063;1,523;4,233;-0,063;False;4,57;0
Ethereum;Cripto;Momentum 5g;Long+Short;3;195;52,821;0,58;1,047;820;48,049;0,029;-0,064;1,012;3,576;-0,064;False;10,333;0
USD/JPY;Valute;EMA 50/200 + filtro VIX;Solo long;10;124;50,0;0,243;1,059;109;59,633;0,215;-0,064;1,343;3,481;-0,064;False;2,909;0
Bitcoin;Cripto;EMA 50/200;Solo short;3;207;44,928;-0,322;0,965;286;44,406;-0,46;-0,064;0,787;-19,5;-0,064;False;8,078;0
USD/JPY;Valute;Momentum 20g;Solo long;60;37;51,351;0,525;-0,008;26;61,538;1,395;-0,065;2,153;5,379;-0,065;False;7,197;0
EUR/USD;Valute;Momentum 120g;Solo short;5;285;51,579;0,039;-0,032;177;52,542;-0,016;-0,065;0,963;-0,411;-0,065;False;1,92;0
EUR/USD;Valute;SMA200 + Momentum20 concordi;Solo long;10;95;47,368;-0,095;-0,066;82;57,317;0,106;0,555;1,222;1,287;-0,066;False;2,407;0
S&P 500;Indici;Breakout Donchian 55;Long+Short;60;39;66,667;1,691;0,497;27;70,37;2,208;-0,067;2,051;8,844;-0,067;False;10,799;0
FTSE MIB;Indici;Reversione RSI2 nel trend SMA200;Long+Short;60;31;48,387;0,641;0,33;21;76,19;1,43;-0,069;1,605;4,456;-0,069;False;16,397;0
Oro;Commodities;EMA 50/200;Solo long;60;24;58,333;1,001;-0,069;24;66,667;4,417;0,21;3,474;15,721;-0,069;False;9,41;0
FTSE MIB;Indici;Momentum 5g;Solo long;20;108;49,074;0,144;-0,027;80;60,0;1,009;-0,069;1,602;11,977;-0,069;False;10,481;0
Bitcoin;Cripto;Momentum 5g;Solo long;60;29;62,069;21,135;0,421;38;55,263;9,115;-0,069;2,223;51,366;-0,069;False;32,409;0
USD/JPY;Valute;Breakout Donchian 55 + filtro VIX;Solo long;40;36;47,222;0,86;0,679;30;60,0;0,87;-0,07;1,747;3,87;-0,07;False;5,92;0
EUR/USD;Valute;Prezzo vs SMA200;Solo long;40;35;45,714;-0,345;-0,07;29;48,276;0,281;0,274;1,318;1,21;-0,07;False;4,408;0
EUR/USD;Valute;Reversione RSI2 nel trend SMA200;Long+Short;10;92;63,043;0,166;0,903;71;49,296;-0,009;-0,07;0,981;-0,098;-0,07;False;2,736;0
GBP/USD;Valute;Prezzo vs SMA100;Long+Short;10;241;50,207;-0,008;-0,071;174;48,851;-0,004;-0,056;0,993;-0,109;-0,071;False;2,675;0
USD/JPY;Valute;EMA 20/50;Solo long;3;427;48,712;0,02;-0,071;388;55,155;0,078;0,199;1,255;4,516;-0,071;False;1,709;0
GBP/USD;Valute;ADX>25 + direzione DI;Solo short;20;41;53,659;0,15;0,055;26;50,0;-0,098;-0,071;0,92;-0,377;-0,071;False;3,391;0
Nasdaq 100;Indici;Reversione RSI2;Solo long;40;44;75,0;2,915;0,264;29;68,966;3,098;-0,072;2,748;13,329;-0,072;False;12,091;0
EUR/CHF;Valute;Prezzo vs SMA200;Solo short;60;29;62,069;0,786;0,19;24;62,5;0,418;-0,072;1,79;1,487;-0,072;False;3,379;0
Gas naturale;Commodities;SMA200 + Momentum20 concordi;Solo long;40;32;43,75;-0,866;-0,072;23;56,522;5,372;0,206;1,537;18,323;-0,072;False;34,572;0
Gas naturale;Commodities;EMA 10/30;Long+Short;60;39;46,154;1,396;0,404;27;37,037;-1,196;-0,072;0,918;-4,788;-0,072;False;40,934;0
Ethereum;Cripto;Momentum 10g;Solo long;5;67;53,731;0,048;-0,072;327;50,765;1,189;0,27;1,421;57,665;-0,072;False;13,365;0
EUR/USD;Valute;Fine/inizio mese;Long+Short;20;111;50,45;-0,166;-0,006;80;53,75;0,042;-0,072;1,049;0,5;-0,072;False;3,414;0
EUR/USD;Valute;Fine/inizio mese;Solo long;20;111;50,45;-0,166;-0,006;80;53,75;0,042;-0,072;1,049;0,5;-0,072;False;3,414;0
FTSE MIB;Indici;Momentum 10g;Solo short;40;52;48,077;-0,505;-0,073;37;24,324;-2,07;0,059;0,49;-11,361;-0,073;False;13,531;0
Petrolio WTI;Commodities;Momentum 10g;Long+Short;10;232;53,879;0,091;0,228;168;50,0;-0,021;-0,073;0,994;-0,511;-0,073;False;11,462;0
Argento;Commodities;Momentum 120g;Solo long;3;352;49,148;-0,011;-0,052;378;52,116;0,169;-0,073;1,13;9,46;-0,073;False;4,662;0
USD/JPY;Valute;Breakout Donchian 55;Long+Short;20;121;55,372;0,281;1,092;86;56,977;0,126;-0,074;1,143;1,606;-0,074;False;4,055;0
Argento;Commodities;Breakout Donchian 55 + filtro VIX;Solo short;20;61;49,18;-0,08;0,226;28;39,286;-2,032;-0,074;0,462;-8,437;-0,074;False;11,658;0
Oro;Commodities;Prezzo vs SMA200 + filtro VIX;Solo short;3;322;49,689;-0,031;-0,074;130;47,692;-0,162;-0,071;0,792;-3,125;-0,074;False;2,723;0
GBP/USD;Valute;Prezzo vs SMA200 + filtro VIX;Long+Short;40;58;50,0;-0,011;-0,027;41;46,341;-0,007;-0,074;0,994;-0,044;-0,074;False;4,719;0
GBP/USD;Valute;Reversione RSI2 nel trend SMA200;Long+Short;10;98;47,959;0,075;0,421;69;47,826;-0,01;-0,075;0,983;-0,106;-0,075;False;2,543;0
Petrolio WTI;Commodities;EMA 10/30;Solo short;20;69;47,826;-0,202;-0,075;52;53,846;-0,939;0,365;0,827;-7,241;-0,075;False;16,515;0
Gas naturale;Commodities;Momentum 120g;Solo long;1;1035;45,604;-0,107;-0,075;937;48,773;0,007;0,493;1,004;0,923;-0,075;False;4,901;0
GBP/USD;Valute;Reversione RSI2;Solo long;60;35;40,0;-0,388;-0,013;24;58,333;0,149;-0,076;1,082;0,532;-0,076;False;7,136;0
EUR/CHF;Valute;EMA 50/200;Long+Short;40;61;57,377;0,436;0,711;42;54,762;0,147;-0,076;1,241;0,916;-0,076;False;3,307;0
EUR/CHF;Valute;Reversione RSI2 nel trend SMA200;Solo short;20;42;54,762;0,4;0,363;32;37,5;0,13;-0,076;1,311;0,618;-0,076;False;2,324;0
EUR/USD;Valute;Momentum 120g;Solo long;10;118;54,237;-0,077;0,053;104;50,0;0,015;-0,076;1,03;0,227;-0,076;False;2,482;0
Oro;Commodities;EMA 50/200 + filtro VIX;Solo long;40;31;51,613;0,803;0,112;34;61,765;2,602;-0,076;2,577;13,12;-0,076;False;7,808;0
Argento;Commodities;Fine/inizio mese;Long+Short;3;111;50,45;0,042;0,146;80;53,75;0,142;-0,077;1,094;1,684;-0,077;False;4,551;0
Argento;Commodities;Fine/inizio mese;Solo long;3;111;50,45;0,042;0,146;80;53,75;0,142;-0,077;1,094;1,684;-0,077;False;4,551;0
EUR/CHF;Valute;ADX>20 + direzione DI;Solo long;10;101;44,554;-0,105;0,002;65;52,308;-0,083;-0,077;0,782;-0,803;-0,077;False;1,662;0
Bitcoin;Cripto;Momentum 60g;Solo short;40;22;40,909;-2,604;1,908;38;42,105;-6,496;-0,077;0,491;-36,606;-0,077;False;36,569;0
Bitcoin;Cripto;Momentum 60g + filtro VIX;Long+Short;40;40;70,0;13,332;1,9;58;39,655;0,829;-0,077;1,094;7,129;-0,077;False;33,848;0
Petrolio WTI;Commodities;Prezzo vs SMA20;Solo long;5;289;55,709;0,053;0,196;212;54,717;0,28;-0,078;1,132;8,792;-0,078;False;7,695;0
Bitcoin;Cripto;Prezzo vs SMA50;Solo long;1;1043;53,212;0,244;0,302;1358;48,306;0,14;-0,078;1,151;28,154;-0,078;False;4,672;0
GBP/USD;Valute;Prezzo vs SMA200;Solo long;40;35;54,286;-0,297;-0,079;33;48,485;0,16;0,073;1,167;0,783;-0,079;False;4,749;0
Petrolio WTI;Commodities;Prezzo vs SMA20;Long+Short;3;772;50,907;0,04;0,328;563;48,49;-0,01;-0,079;0,995;-0,829;-0,079;False;6,11;0
USD/JPY;Valute;Prezzo vs SMA20;Long+Short;10;241;48,548;-0,004;-0,079;174;52,874;0,061;0,143;1,095;1,582;-0,079;False;3,004;0
Bitcoin;Cripto;Prezzo vs SMA200 + filtro VIX;Solo long;3;336;59,821;1,238;1,543;439;51,253;0,42;-0,079;1,263;27,346;-0,079;False;9,198;0
GBP/USD;Valute;Prezzo vs SMA200 + filtro VIX;Solo long;20;59;49,153;-0,149;-0,045;57;52,632;0,035;-0,079;1,045;0,293;-0,079;False;3,1;0
FTSE MIB;Indici;Momentum 120g;Solo short;5;215;46,977;-0,021;-0,079;81;37,037;-0,231;-0,023;0,859;-2,771;-0,079;False;5,807;0
Petrolio WTI;Commodities;Momentum 5g;Solo short;20;103;46,602;-0,19;-0,08;71;49,296;-1,068;0,482;0,742;-11,248;-0,08;False;13,96;0
FTSE MIB;Indici;EMA 50/200;Solo long;20;72;48,611;0,34;0,3;68;64,706;1,007;-0,08;1,759;10,161;-0,08;False;7,606;0
Bitcoin;Cripto;ADX>20 + direzione DI;Solo short;60;22;40,909;-17,538;-0,08;30;53,333;-1,505;1,798;0,851;-6,697;-0,08;False;70,0;0
Petrolio WTI;Commodities;EMA 10/30;Solo short;60;29;44,828;-0,266;-0,08;22;45,455;-5,15;0,04;0,558;-16,801;-0,08;False;27,282;0
Ethereum;Cripto;Momentum 5g;Solo short;5;82;50,0;0,926;0,918;318;45,912;-1,085;-0,08;0,714;-51,146;-0,08;False;15,002;0
FTSE MIB;Indici;EMA 20/50;Solo long;40;43;51,163;0,329;-0,08;35;68,571;2,399;0,287;3,526;12,455;-0,08;False;12,326;0
EUR/USD;Valute;Reversione RSI2;Solo short;10;110;59,091;0,148;0,451;84;50,0;-0,037;-0,08;0,938;-0,458;-0,08;False;2,464;0
EUR/CHF;Valute;Momentum 5g;Solo long;3;464;41,379;-0,034;-0,08;342;46,784;-0,025;-0,08;0,884;-1,258;-0,08;False;1,017;0
S&P 500;Indici;Momentum 20g;Solo long;60;38;78,947;2,486;-0,081;25;76,0;3,68;0,019;3,92;13,647;-0,081;False;11,239;0
Petrolio WTI;Commodities;ADX>20 + direzione DI;Solo short;40;40;52,5;-0,414;-0,081;26;42,308;-0,055;1,111;0,99;-0,211;-0,081;False;24,06;0
USD/JPY;Valute;Breakout Donchian 20;Long+Short;5;481;49,064;0,001;-0,081;350;54,0;0,06;0,279;1,131;3,137;-0,081;False;2,152;0
Bitcoin;Cripto;EMA 20/50;Solo long;60;23;65,217;24,279;0,74;31;54,839;8,982;-0,081;2,142;41,293;-0,081;False;36,586;0
Argento;Commodities;Prezzo vs SMA200;Long+Short;20;116;48,276;-0,109;-0,081;84;53,571;0,798;0,16;1,235;9,941;-0,081;False;11,862;0
Argento;Commodities;Momentum 60g + filtro VIX;Solo short;20;70;51,429;-0,013;0,299;40;42,5;-2,038;-0,082;0,49;-12,09;-0,082;False;12,72;0
Gas naturale;Commodities;EMA 50/200 + filtro VIX;Solo long;40;26;42,308;-0,853;-0,082;23;47,826;5,466;0,318;1,811;18,644;-0,082;False;27,336;0
Bitcoin;Cripto;ADX>20 + direzione DI;Solo short;3;195;44,103;-0,693;-0,082;325;47,385;-0,091;1,11;0,954;-4,395;-0,082;False;9,507;0
Nasdaq 100;Indici;Momentum 120g;Solo long;40;54;70,37;2,657;-0,082;38;73,684;3,563;0,259;2,945;20,089;-0,082;False;10,748;0
GBP/USD;Valute;Momentum 60g;Solo short;60;33;54,545;0,595;0,329;21;42,857;-0,298;-0,082;0,818;-0,929;-0,082;False;6,127;0
USD/JPY;Valute;Prezzo vs SMA200 + filtro VIX;Long+Short;60;39;51,282;0,064;0,072;27;59,259;0,529;-0,083;1,386;2,119;-0,083;False;7,085;0
USD/JPY;Valute;Momentum 120g + filtro VIX;Long+Short;60;39;48,718;0,086;0,14;27;59,259;0,529;-0,083;1,386;2,119;-0,083;False;7,085;0
GBP/USD;Valute;Momentum 20g;Solo short;60;36;47,222;0,331;-0,083;24;45,833;-0,088;0,186;0,944;-0,314;-0,083;False;6,054;0
Petrolio WTI;Commodities;Momentum 120g;Long+Short;10;232;46,121;-0,028;-0,083;168;50,0;0,022;0,052;1,007;0,55;-0,083;False;11,565;0
GBP/USD;Valute;EMA 20/50;Solo short;40;40;52,5;0,217;-0,083;26;50,0;-0,135;-0,011;0,913;-0,522;-0,083;False;5,022;0
Nasdaq 100;Indici;EMA 50/200;Solo long;60;38;84,211;3,832;-0,084;23;82,609;5,83;0,605;17,276;19,894;-0,084;False;14,863;0
Bitcoin;Cripto;Reversione RSI2;Solo short;40;37;35,135;-10,97;-0,085;49;46,939;-6,062;0,041;0,491;-44,05;-0,085;False;59,483;0
EUR/USD;Valute;Momentum 120g;Solo short;40;41;56,098;0,323;0,027;26;53,846;-0,212;-0,085;0,86;-0,819;-0,085;False;5,173;0
Oro;Commodities;Reversione RSI2;Solo short;40;48;50,0;-0,393;0,332;33;33,333;-2,789;-0,085;0,331;-13,649;-0,085;False;11,362;0
Petrolio WTI;Commodities;Momentum 120g;Solo short;40;36;47,222;-0,43;-0,085;26;53,846;-0,749;0,78;0,893;-2,886;-0,085;False;25,073;0
GBP/USD;Valute;Prezzo vs SMA100;Long+Short;40;61;57,377;0,265;0,724;42;45,238;-0,014;-0,086;0,989;-0,087;-0,086;False;4,925;0
Petrolio WTI;Commodities;Prezzo vs SMA20;Solo long;40;52;59,615;0,512;0,201;38;47,368;3,133;-0,086;1,523;17,655;-0,086;False;21,956;0
Oro;Commodities;Momentum 120g;Solo long;5;273;54,212;0,063;0,034;261;55,172;0,271;-0,086;1,323;10,492;-0,086;False;3,477;0
Petrolio WTI;Commodities;EMA 20/50;Solo long;40;41;53,659;0,537;0,192;27;44,444;3,08;-0,086;1,498;12,333;-0,086;False;21,489;0
Ethereum;Cripto;Momentum 60g + filtro VIX;Solo long;1;196;48,469;0,24;0,784;1328;49,774;0,197;-0,088;1,15;38,81;-0,088;False;6,043;0
Petrolio WTI;Commodities;EMA 10/30;Solo long;40;46;60,87;0,802;0,369;31;45,161;3,144;-0,088;1,581;14,455;-0,088;False;20,566;0
Ethereum;Cripto;Momentum 5g;Solo short;20;27;66,667;2,907;1,127;105;48,571;-4,482;-0,088;0,544;-69,782;-0,088;False;36,423;0
Ethereum;Cripto;Prezzo vs SMA100;Long+Short;3;195;51,795;0,668;1,247;820;49,634;0,087;-0,088;1,034;10,544;-0,088;False;10,471;0
Oro;Commodities;Momentum 120g;Long+Short;3;771;50,584;0,031;0,503;565;54,69;0,066;-0,089;1,094;5,561;-0,089;False;2,728;0
Gas naturale;Commodities;EMA 10/30;Solo long;60;32;40,625;0,263;0,309;22;50,0;5,481;-0,089;1,466;17,883;-0,089;False;34,266;0
USD/JPY;Valute;Momentum 10g;Solo short;60;37;54,054;-0,455;0,105;24;29,167;-1,556;-0,091;0,476;-5,537;-0,091;False;8,39;0
Petrolio WTI;Commodities;EMA 10/30;Solo long;3;431;50,116;-0,018;-0,091;300;53,0;0,17;0,015;1,111;7,545;-0,091;False;5,99;0
Gas naturale;Commodities;Momentum 60g;Solo long;5;241;46,473;-0,063;0,153;199;47,739;0,366;-0,091;1,104;10,789;-0,091;False;11,107;0
GBP/USD;Valute;ADX>20 + direzione DI;Solo long;10;77;46,753;-0,08;-0,091;60;60,0;0,138;0,799;1,363;1,229;-0,091;False;2,419;0
Petrolio WTI;Commodities;Momentum 5g;Solo short;3;464;48,922;-0,011;-0,091;322;46,584;-0,059;0,339;0,97;-2,8;-0,091;False;6,478;0
EUR/USD;Valute;Prezzo vs SMA100;Long+Short;40;61;47,541;0,03;0,094;42;45,238;-0,041;-0,091;0,965;-0,256;-0,091;False;4,916;0
USD/JPY;Valute;EMA 10/30;Long+Short;5;481;49,272;-0,003;-0,044;350;50,571;0,019;-0,091;1,039;0,971;-0,091;False;2,184;0
Ethereum;Cripto;ADX>20 + direzione DI;Long+Short;1;504;49,405;-0,018;-0,092;2000;48,3;0,032;0,314;1,022;9,506;-0,092;False;6,026;0
Petrolio WTI;Commodities;ADX>25 + direzione DI;Solo long;40;32;53,125;0,034;-0,092;21;57,143;5,211;0,407;2,019;16,229;-0,092;False;20,766;0
Oro;Commodities;Momentum 60g;Solo long;10;142;52,113;0,262;0,503;127;57,48;0,589;-0,093;1,513;11,088;-0,093;False;4,482;0
USD/JPY;Valute;Breakout Donchian 55;Solo long;10;145;51,034;0,212;0,965;114;62,281;0,211;-0,093;1,351;3,565;-0,093;False;3,05;0
Gas naturale;Commodities;Momentum 10g;Long+Short;60;39;58,974;0,624;0,178;27;48,148;0,936;-0,093;1,069;3,748;-0,093;False;43,337;0
EUR/CHF;Valute;Reversione RSI2;Solo long;1;292;47,26;0,052;1,305;215;51,628;-0,01;-0,094;0,925;-0,303;-0,094;False;0,815;0
Bitcoin;Cripto;Fine/inizio mese;Long+Short;40;29;58,621;10,923;0,044;39;64,103;5,899;-0,094;2,13;34,119;-0,094;False;31,841;0
Bitcoin;Cripto;Fine/inizio mese;Solo long;40;29;58,621;10,923;0,044;39;64,103;5,899;-0,094;2,13;34,119;-0,094;False;31,841;0
Gas naturale;Commodities;EMA 20/50;Long+Short;60;39;46,154;-0,321;-0,094;27;44,444;1,579;0,32;1,12;6,322;-0,094;False;40,712;0
Gas naturale;Commodities;EMA 20/50;Long+Short;40;58;50,0;0,219;0,085;42;47,619;-0,421;-0,095;0,962;-2,625;-0,095;False;36,264;0
EUR/USD;Valute;Prezzo vs SMA200 + filtro VIX;Long+Short;5;425;49,647;-0,001;-0,095;292;53,425;0,037;0,638;1,109;1,594;-0,095;False;1,788;0
EUR/CHF;Valute;Fine/inizio mese;Long+Short;20;111;40,541;-0,234;-0,095;80;46,25;-0,133;0,1;0,756;-1,572;-0,095;False;2,643;0
EUR/CHF;Valute;Fine/inizio mese;Solo long;20;111;40,541;-0,234;-0,095;80;46,25;-0,133;0,1;0,756;-1,572;-0,095;False;2,643;0
EUR/USD;Valute;Reversione RSI2;Solo short;60;33;54,545;0,626;0,314;24;50,0;-0,291;-0,095;0,829;-1,036;-0,095;False;6,049;0
FTSE MIB;Indici;Momentum 5g;Solo short;10;182;46,154;-0,077;-0,096;121;42,149;-0,305;0,443;0,828;-5,467;-0,096;False;6,578;0
USD/JPY;Valute;Breakout Donchian 55 + filtro VIX;Solo long;3;421;51,069;0,08;1,261;314;55,732;0,064;-0,096;1,191;2,968;-0,096;False;1,711;0
EUR/USD;Valute;Momentum 120g;Solo short;10;148;56,081;0,075;-0,067;92;51,087;-0,038;-0,096;0,933;-0,522;-0,096;False;2,64;0
EUR/USD;Valute;SMA200 + Momentum20 concordi;Solo long;3;267;48,315;-0,029;-0,096;237;52,321;0,019;0,261;1,065;0,658;-0,096;False;1,432;0
Petrolio WTI;Commodities;ADX>25 + direzione DI;Solo short;10;76;53,947;0,499;0,64;37;43,243;-0,936;-0,097;0,782;-5,136;-0,097;False;12,257;0
Ethereum;Cripto;Prezzo vs SMA20;Long+Short;1;583;48,027;0,081;0,429;2462;46,466;0,0;-0,097;1,0;0,073;-0,097;False;5,836;0
GBP/USD;Valute;Reversione RSI2 nel trend SMA200;Long+Short;3;146;50,0;-0,005;-0,098;96;57,292;0,068;0,894;1,275;0,963;-0,098;False;1,342;0
EUR/CHF;Valute;ADX>25 + direzione DI;Solo long;20;44;36,364;-0,266;-0,098;26;57,692;-0,084;0,209;0,854;-0,324;-0,098;False;2,202;0
Ethereum;Cripto;Breakout Donchian 55;Solo short;3;157;50,955;0,55;0,948;310;45,484;-0,659;-0,098;0,773;-30,293;-0,098;False;10,807;0
Euro Stoxx 50;Indici;Reversione RSI2;Solo short;60;34;41,176;-0,16;0,384;23;34,783;-2,781;-0,099;0,427;-9,489;-0,099;False;11,837;0
Petrolio WTI;Commodities;ADX>25 + direzione DI;Solo short;3;202;51,98;0,025;0,062;99;49,495;-0,251;-0,099;0,907;-3,678;-0,099;False;7,048;0
USD/JPY;Valute;Momentum 10g;Solo short;40;54;51,852;-0,4;-0,099;36;36,111;-0,657;0,465;0,599;-3,508;-0,099;False;6,553;0
GBP/USD;Valute;Momentum 20g;Solo long;40;49;40,816;-0,297;-0,099;35;54,286;0,187;0,116;1,168;0,97;-0,099;False;4,935;0
EUR/USD;Valute;Prezzo vs SMA200 + filtro VIX;Solo long;20;57;54,386;0,076;0,854;52;51,923;0,033;-0,1;1,046;0,256;-0,1;False;3,206;0
EUR/USD;Valute;Prezzo vs SMA100;Long+Short;60;41;51,22;-0,024;-0,101;28;50,0;0,141;0,25;1,124;0,584;-0,101;False;6,375;0
GBP/USD;Valute;Prezzo vs SMA100;Solo long;20;75;53,333;-0,089;0,182;61;54,098;0,027;-0,101;1,032;0,241;-0,101;False;3,186;0
USD/JPY;Valute;Reversione RSI2;Long+Short;10;175;52,0;-0,016;-0,101;127;48,819;0,068;0,709;1,102;1,28;-0,101;False;3,021;0
Oro;Commodities;EMA 50/200;Solo long;40;33;57,576;0,785;0,098;36;58,333;2,566;-0,102;2,378;13,7;-0,102;False;8,115;0
EUR/USD;Valute;Momentum 60g + filtro VIX;Solo long;40;42;42,857;-0,356;-0,103;30;46,667;0,512;0,696;1,646;2,276;-0,103;False;4,757;0
DAX;Indici;Reversione RSI2;Long+Short;5;271;49,815;-0,001;0,184;189;49,735;-0,061;-0,103;0,941;-1,706;-0,103;False;3,789;0
Argento;Commodities;Momentum 5g;Solo short;40;55;56,364;-0,091;0,421;39;46,154;-4,453;-0,103;0,443;-25,756;-0,103;False;26,244;0
Argento;Commodities;Momentum 10g;Solo short;60;36;50,0;-1,086;-0,104;25;48,0;-5,73;0,157;0,448;-21,243;-0,104;False;28,442;0
Bitcoin;Cripto;Momentum 60g;Solo long;40;34;58,824;15,65;0,803;47;55,319;5,784;-0,105;1,857;40,316;-0,105;False;32,065;0
Oro;Commodities;Reversione RSI2 nel trend SMA200;Solo long;5;56;53,571;0,089;0,112;48;56,25;0,236;-0,105;1,246;1,683;-0,105;False;2,896;0
GBP/USD;Valute;Prezzo vs SMA100;Solo short;60;30;56,667;0,478;0,134;21;38,095;-0,334;-0,105;0,82;-1,039;-0,105;False;6,673;0
Oro;Commodities;EMA 20/50;Solo short;3;385;48,831;-0,033;-0,105;186;49,462;-0,11;0,288;0,853;-3,038;-0,105;False;2,543;0
Bitcoin;Cripto;EMA 20/50;Solo long;40;32;59,375;15,429;0,943;45;51,111;5,802;-0,106;1,84;38,718;-0,106;False;28,945;0
Bitcoin;Cripto;Prezzo vs SMA200;Solo long;5;227;61,233;1,856;1,234;299;50,167;0,693;-0,106;1,33;30,731;-0,106;False;12,479;0
EUR/USD;Valute;Prezzo vs SMA200;Solo long;20;64;51,562;-0,133;0,117;55;49,091;0,034;-0,107;1,051;0,279;-0,107;False;3,119;0
FTSE MIB;Indici;Prezzo vs SMA200;Solo long;10;149;55,705;0,155;0,382;134;58,209;0,471;-0,107;1,491;9,356;-0,107;False;5,747;0
EUR/USD;Valute;ADX>20 + direzione DI;Solo short;20;58;58,621;0,395;0,779;43;53,488;-0,091;-0,107;0,885;-0,58;-0,107;False;3,098;0
EUR/CHF;Valute;EMA 20/50;Solo short;40;46;50,0;0,4;-0,091;34;55,882;0,26;-0,108;1,485;1,31;-0,108;False;2,856;0
GBP/USD;Valute;Momentum 60g + filtro VIX;Solo short;40;45;53,333;0,205;-0,108;28;42,857;-0,101;0,042;0,926;-0,419;-0,108;False;4,893;0
Oro;Commodities;Momentum 120g;Solo long;20;77;50,649;0,274;-0,108;70;55,714;1,511;0,424;2,689;15,681;-0,108;False;6,585;0
EUR/CHF;Valute;Prezzo vs SMA200 + filtro VIX;Solo short;60;29;65,517;0,925;0,419;22;59,091;0,402;-0,109;1,69;1,312;-0,109;False;3,599;0
Bitcoin;Cripto;Prezzo vs SMA20;Solo long;3;356;56,18;1,027;1,085;489;52,147;0,413;-0,111;1,252;29,985;-0,111;False;8,509;0
Ethereum;Cripto;EMA 10/30;Solo long;10;23;39,13;0,132;-0,111;150;57,333;3,11;0,909;1,896;69,178;-0,111;False;19,93;0
Bitcoin;Cripto;Fine/inizio mese;Long+Short;60;27;66,667;20,873;0,474;37;51,351;8,939;-0,112;2,086;49,045;-0,112;False;35,936;0
Bitcoin;Cripto;Fine/inizio mese;Solo long;60;27;66,667;20,873;0,474;37;51,351;8,939;-0,112;2,086;49,045;-0,112;False;35,936;0
FTSE MIB;Indici;EMA 50/200 + filtro VIX;Long+Short;3;674;49,703;-0,014;-0,112;470;55,745;0,108;0,484;1,177;7,501;-0,112;False;3,223;0
Euro Stoxx 50;Indici;Prezzo vs SMA20;Solo short;60;34;44,118;-0,919;-0,112;23;26,087;-2,636;-0,017;0,272;-8,993;-0,112;False;11,281;0
Petrolio WTI;Commodities;Momentum 5g;Solo long;20;106;51,887;0,037;-0,104;75;54,667;1,4;-0,112;1,319;15,57;-0,112;False;17,011;0
USD/JPY;Valute;Momentum 5g;Solo long;40;57;50,877;0,408;0,123;41;56,098;0,848;-0,113;1,72;5,157;-0,113;False;6,12;0
Argento;Commodities;Prezzo vs SMA200 + filtro VIX;Solo long;10;97;47,423;0,036;-0,113;113;55,752;1,408;0,657;1,684;23,588;-0,113;False;7,977;0
EUR/CHF;Valute;Prezzo vs SMA100;Long+Short;60;41;58,537;0,608;1,104;28;53,571;0,091;-0,113;1,137;0,378;-0,113;False;3,919;0
USD/JPY;Valute;EMA 20/50;Solo short;20;68;44,118;-0,198;-0,113;34;44,118;-0,203;0,53;0,817;-1,024;-0,113;False;4,325;0
USD/JPY;Valute;Prezzo vs SMA20;Solo long;60;37;51,351;0,436;-0,114;26;61,538;1,551;0,132;3,083;5,979;-0,114;False;6,449;0
Petrolio WTI;Commodities;ADX>20 + direzione DI;Solo long;20;59;49,153;0,02;-0,114;39;56,41;1,334;-0,109;1,278;7,714;-0,114;False;13,901;0
Petrolio WTI;Commodities;Breakout Donchian 55;Solo short;40;32;50,0;-0,26;-0,017;24;37,5;-3,899;-0,114;0,565;-13,876;-0,114;False;29,115;0
Oro;Commodities;Breakout Donchian 20;Solo short;10;133;42,105;-0,174;-0,114;66;42,424;-0,593;0,069;0,612;-5,804;-0,114;False;4,777;0
Ethereum;Cripto;EMA 50/200 + filtro VIX;Solo long;3;33;48,485;-0,103;-0,114;424;51,887;0,76;0,418;1,355;47,786;-0,114;False;11,04;0
Argento;Commodities;EMA 20/50;Solo short;10;142;47,887;-0,142;-0,101;81;43,21;-0,995;-0,114;0,69;-11,948;-0,114;False;9,298;0
FTSE MIB;Indici;Momentum 10g;Solo short;60;35;34,286;-0,611;-0,115;26;23,077;-3,647;-0,038;0,389;-14,066;-0,115;False;16,715;0
USD/JPY;Valute;ADX>25 + direzione DI;Long+Short;20;56;51,786;0,317;0,757;49;46,939;0,023;-0,115;1,025;0,167;-0,115;False;4,253;0
Argento;Commodities;Prezzo vs SMA50;Long+Short;10;232;49,138;-0,001;0,04;168;48,81;0,056;-0,115;1,021;1,403;-0,115;False;8,702;0
Argento;Commodities;Momentum 120g;Long+Short;5;463;50,108;-0,019;-0,091;338;48,817;0,081;-0,115;1,043;4,084;-0,115;False;6,145;0
EUR/USD;Valute;Breakout Donchian 55 + filtro VIX;Solo long;20;58;43,103;-0,198;-0,116;44;56,818;0,235;0,655;1,393;1,531;-0,116;False;3,277;0
FTSE MIB;Indici;Momentum 120g + filtro VIX;Long+Short;5;413;50,847;0,021;0,151;287;52,962;0,133;-0,116;1,169;5,674;-0,116;False;4,468;0
EUR/USD;Valute;Momentum 120g + filtro VIX;Long+Short;20;112;58,036;0,19;0,814;79;50,633;-0,02;-0,116;0,975;-0,229;-0,116;False;3,337;0
GBP/USD;Valute;Prezzo vs SMA100;Solo long;40;41;53,659;-0,187;0,155;33;54,545;0,074;-0,116;1,075;0,363;-0,116;False;4,229;0
Gas naturale;Commodities;Prezzo vs SMA200;Solo long;40;33;42,424;-0,32;0,118;27;51,852;3,267;-0,117;1,297;13,079;-0,117;False;36,979;0
USD/JPY;Valute;Breakout Donchian 55 + filtro VIX;Solo long;20;70;50,0;0,455;0,878;55;61,818;0,401;-0,117;1,43;3,27;-0,117;False;4,228;0
Nasdaq 100;Indici;Prezzo vs SMA200;Solo long;60;38;84,211;3,852;-0,068;24;66,667;4,799;-0,117;3,429;17,087;-0,117;False;14,243;0
USD/JPY;Valute;EMA 10/30;Long+Short;10;241;50,622;-0,014;-0,118;174;55,172;0,168;0,89;1,285;4,342;-0,118;False;3,004;0
EUR/USD;Valute;ADX>20 + direzione DI;Solo long;5;153;47,059;-0,053;-0,118;127;44,094;0,041;0,357;1,114;0,776;-0,118;False;1,707;0
Petrolio WTI;Commodities;Momentum 20g;Solo short;20;82;50,0;-0,242;-0,119;59;55,932;-0,871;0,426;0,828;-7,625;-0,119;False;15,799;0
Argento;Commodities;EMA 50/200;Solo long;10;77;57,143;0,444;0,478;127;57,48;0,827;-0,119;1,341;15,571;-0,119;False;8,682;0
Ethereum;Cripto;Breakout Donchian 20;Solo long;5;36;44,444;-0,071;-0,119;292;52,74;1,53;0,904;1,6;66,238;-0,119;False;12,557;0
Gas naturale;Commodities;EMA 50/200 + filtro VIX;Solo long;5;167;47,305;-0,179;-0,12;142;54,93;0,865;0,478;1,256;18,224;-0,12;False;11,886;0
USD/JPY;Valute;SMA200 + Momentum20 concordi;Solo long;40;37;48,649;0,855;0,798;31;67,742;0,842;-0,12;1,809;3,873;-0,12;False;5,692;0
FTSE MIB;Indici;Momentum 5g;Solo short;20;100;44,0;-0,227;-0,12;68;38,235;-0,598;0,717;0,719;-6,031;-0,12;False;8,271;0
Argento;Commodities;SMA200 + Momentum20 concordi;Solo short;20;68;57,353;0,684;1,398;29;44,828;-2,123;-0,12;0,518;-9,129;-0,12;False;11,669;0
Gas naturale;Commodities;Prezzo vs SMA50;Solo long;60;33;42,424;-0,476;0,103;24;58,333;5,352;-0,121;1,503;19,047;-0,121;False;37,43;0
FTSE MIB;Indici;EMA 50/200 + filtro VIX;Solo short;10;86;46,512;0,283;0,661;29;44,828;-0,598;-0,121;0,703;-2,571;-0,121;False;7,518;0
Ethereum;Cripto;Prezzo vs SMA20;Solo long;1;233;44,206;-0,033;-0,099;1281;48,556;0,193;-0,121;1,145;36,681;-0,121;False;5,849;0
Nasdaq 100;Indici;Fine/inizio mese;Long+Short;5;111;61,261;0,273;-0,121;80;61,25;0,46;0,252;1,45;5,454;-0,121;False;4,322;0
Nasdaq 100;Indici;Fine/inizio mese;Solo long;5;111;61,261;0,273;-0,121;80;61,25;0,46;0,252;1,45;5,454;-0,121;False;4,322;0
FTSE MIB;Indici;Momentum 120g;Solo long;20;76;57,895;0,649;0,814;70;58,571;0,984;-0,122;1,727;10,223;-0,122;False;7,437;0
USD/JPY;Valute;Reversione RSI2 nel trend SMA200;Solo long;20;38;42,105;0,215;0,114;27;59,259;0,373;-0,122;1,397;1,493;-0,122;False;4,874;0
S&P 500;Indici;Fine/inizio mese;Long+Short;40;54;70,37;1,796;-0,047;40;75,0;2,137;-0,123;2,079;12,679;-0,123;False;10,567;0
S&P 500;Indici;Fine/inizio mese;Solo long;40;54;70,37;1,796;-0,047;40;75,0;2,137;-0,123;2,079;12,679;-0,123;False;10,567;0
FTSE MIB;Indici;ADX>20 + direzione DI;Solo long;40;38;52,632;0,263;-0,124;27;66,667;2,457;0,259;2,92;9,842;-0,124;False;12,257;0
USD/JPY;Valute;Breakout Donchian 55;Long+Short;5;481;49,896;0,064;0,998;350;53,429;0,023;-0,125;1,048;1,192;-0,125;False;2,175;0
Argento;Commodities;Prezzo vs SMA20;Solo short;5;294;52,381;0,231;1,268;183;45,355;-0,442;-0,125;0,793;-11,983;-0,125;False;6,088;0
USD/JPY;Valute;Fine/inizio mese;Long+Short;40;56;55,357;0,561;0,42;39;61,538;0,839;-0,125;1,751;4,853;-0,125;False;5,505;0
USD/JPY;Valute;Fine/inizio mese;Solo long;40;56;55,357;0,561;0,42;39;61,538;0,839;-0,125;1,751;4,853;-0,125;False;5,505;0
Petrolio WTI;Commodities;EMA 10/30;Long+Short;20;116;50,862;-0,095;-0,126;84;54,762;0,421;0,211;1,096;5,243;-0,126;False;16,503;0
Petrolio WTI;Commodities;Momentum 5g;Solo long;3;479;52,192;0,025;0,228;360;50,0;0,134;-0,126;1,084;7,137;-0,126;False;5,841;0
FTSE MIB;Indici;Reversione RSI2;Long+Short;20;97;54,639;0,617;0,96;71;43,662;-0,367;-0,126;0,829;-3,862;-0,126;False;8,698;0
GBP/USD;Valute;Prezzo vs SMA200 + filtro VIX;Solo long;40;33;54,545;-0,308;-0,095;31;48,387;0,064;-0,127;1,061;0,296;-0,127;False;5,219;0
Euro Stoxx 50;Indici;Breakout Donchian 20;Long+Short;40;58;55,172;0,024;-0,026;41;46,341;-0,097;-0,127;0,962;-0,588;-0,127;False;10,817;0
S&P 500;Indici;Momentum 5g;Solo short;40;53;16,981;-1,908;-0,128;39;17,949;-2,419;-0,102;0,42;-13,997;-0,128;False;9,129;0
S&P 500;Indici;Reversione RSI2;Solo long;40;43;69,767;2,231;0,52;30;76,667;2,115;-0,128;2,101;9,413;-0,128;False;9,836;0
EUR/USD;Valute;Momentum 60g;Solo long;60;29;44,828;-0,53;-0,128;21;61,905;0,299;0,104;1,24;0,93;-0,128;False;6,21;0
GBP/USD;Valute;ADX>20 + direzione DI;Long+Short;40;53;47,17;0,001;-0,055;35;40,0;-0,071;-0,128;0,937;-0,367;-0,128;False;4,692;0
EUR/CHF;Valute;ADX>25 + direzione DI;Long+Short;3;357;45,098;0,006;0,186;235;52,766;-0,001;-0,128;0,995;-0,039;-0,128;False;1,087;0
USD/JPY;Valute;Momentum 60g;Solo long;20;80;50,0;0,489;1,126;67;59,701;0,408;-0,128;1,509;4,056;-0,128;False;3,922;0
GBP/USD;Valute;Prezzo vs SMA100;Long+Short;20;121;55,372;0,122;0,602;86;48,837;-0,024;-0,129;0,975;-0,309;-0,129;False;3,769;0
Petrolio WTI;Commodities;Momentum 5g;Solo long;5;315;52,698;0,014;0,031;234;51,282;0,257;-0,13;1,126;8,918;-0,13;False;7,906;0
EUR/USD;Valute;Momentum 60g + filtro VIX;Solo short;60;31;45,161;0,344;-0,131;20;50,0;-0,294;-0,086;0,835;-0,87;-0,131;False;6,141;0
Euro Stoxx 50;Indici;Reversione RSI2 nel trend SMA200;Solo long;5;63;53,968;0,132;0,214;56;64,286;0,132;-0,131;1,154;1,094;-0,131;False;4,021;0
USD/JPY;Valute;Breakout Donchian 55 + filtro VIX;Long+Short;60;39;53,846;0,433;0,478;27;55,556;0,385;-0,131;1,266;1,54;-0,131;False;7,482;0
S&P 500;Indici;Fine/inizio mese;Long+Short;5;111;59,459;0,188;-0,131;80;58,75;0,348;0,369;1,48;4,131;-0,131;False;3,744;0
S&P 500;Indici;Fine/inizio mese;Solo long;5;111;59,459;0,188;-0,131;80;58,75;0,348;0,369;1,48;4,131;-0,131;False;3,744;0
Argento;Commodities;Momentum 10g;Solo long;10;160;48,125;0,102;0,002;127;54,331;0,824;-0,131;1,339;15,51;-0,131;False;8,676;0
Euro Stoxx 50;Indici;Breakout Donchian 55 + filtro VIX;Solo long;40;40;62,5;0,544;-0,131;29;72,414;2,006;0,569;3,254;8,629;-0,131;False;9,789;0
USD/JPY;Valute;Momentum 120g + filtro VIX;Solo long;60;27;59,259;1,471;1,138;21;61,905;1,309;-0,132;1,914;4,076;-0,132;False;6,843;0
USD/JPY;Valute;Breakout Donchian 20;Solo long;40;45;51,111;0,857;0,887;34;58,824;0,823;-0,132;1,704;4,147;-0,132;False;6,182;0
Bitcoin;Cripto;Breakout Donchian 55 + filtro VIX;Solo long;5;215;55,814;1,992;1,464;271;51,661;0,681;-0,132;1,316;27,348;-0,132;False;12,836;0
Gas naturale;Commodities;Prezzo vs SMA100;Solo long;40;39;53,846;-0,025;0,267;30;53,333;3,385;-0,133;1,362;15,059;-0,133;False;32,808;0
Petrolio WTI;Commodities;Momentum 5g;Solo short;40;56;48,214;-0,46;-0,133;38;52,632;-1,945;0,458;0,756;-10,96;-0,133;False;23,23;0
Oro;Commodities;Momentum 120g;Solo short;3;358;49,441;-0,009;0,171;150;51,333;-0,172;-0,133;0,778;-3,824;-0,133;False;2,57;0
DAX;Indici;Prezzo vs SMA20;Solo short;20;84;40,476;-0,692;0,069;61;37,705;-0,995;-0,134;0,618;-9,001;-0,134;False;7,703;0
USD/JPY;Valute;EMA 50/200;Long+Short;10;241;48,963;0,023;0,119;174;52,874;0,07;-0,134;1,11;1,814;-0,134;False;3,001;0
Ethereum;Cripto;ADX>20 + direzione DI;Solo long;10;24;41,667;0,146;-0,136;129;53,488;2,669;0,417;1,702;51,053;-0,136;False;19,767;0
Gas naturale;Commodities;EMA 50/200 + filtro VIX;Solo long;1;786;45,038;-0,112;-0,136;664;49,548;0,082;0,915;1,056;8,081;-0,136;False;4,69;0
Nasdaq 100;Indici;Momentum 20g;Solo short;40;42;26,19;-2,84;-0,137;29;41,379;-2,967;0,144;0,415;-12,763;-0,137;False;13,45;0
EUR/USD;Valute;EMA 50/200 + filtro VIX;Long+Short;10;217;49,77;0,021;0,08;152;50,658;-0,01;-0,137;0,979;-0,234;-0,137;False;2,577;0
EUR/USD;Valute;Momentum 60g + filtro VIX;Solo long;5;221;47,059;-0,051;-0,134;169;45,562;0,001;-0,137;1,004;0,034;-0,137;False;1,743;0
Bitcoin;Cripto;Breakout Donchian 55 + filtro VIX;Long+Short;40;40;67,5;11,877;1,483;58;39,655;0,213;-0,138;1,023;1,834;-0,138;False;34,338;0
GBP/USD;Valute;Prezzo vs SMA100;Long+Short;3;801;51,061;-0,005;-0,138;584;50,0;-0,005;-0,138;0,987;-0,404;-0,138;False;1,575;0
USD/JPY;Valute;Breakout Donchian 20;Solo short;3;345;46,667;-0,029;-0,106;193;45,596;-0,081;-0,138;0,822;-2,305;-0,138;False;1,768;0
Argento;Commodities;Prezzo vs SMA200 + filtro VIX;Solo short;20;78;53,846;0,361;0,854;28;50,0;-2,135;-0,138;0,493;-8,866;-0,138;False;11,891;0
Bitcoin;Cripto;Prezzo vs SMA20;Solo short;40;36;30,556;-11,234;-0,115;51;43,137;-6,726;-0,139;0,488;-50,869;-0,139;False;49,516;0
EUR/USD;Valute;EMA 50/200;Solo short;10;142;52,113;0,074;-0,074;78;50,0;-0,048;-0,139;0,917;-0,553;-0,139;False;2,817;0
S&P 500;Indici;Acquisto su picco VIX;Long+Short;20;29;72,414;1,306;0,486;22;68,182;0,955;-0,139;1,621;3,118;-0,139;False;10,458;0
S&P 500;Indici;Acquisto su picco VIX;Solo long;20;29;72,414;1,306;0,486;22;68,182;0,955;-0,139;1,621;3,118;-0,139;False;10,458;0
Bitcoin;Cripto;Prezzo vs SMA200 + filtro VIX;Solo short;1;451;45,011;-0,197;0,086;691;46,454;-0,161;-0,139;0,848;-16,514;-0,139;False;4,097;0
FTSE MIB;Indici;Prezzo vs SMA200 + filtro VIX;Solo short;10;94;47,872;-0,023;0,046;31;45,161;-0,602;-0,14;0,694;-2,767;-0,14;False;7,633;0
Petrolio WTI;Commodities;EMA 20/50;Solo short;10;115;49,565;-0,153;-0,14;92;44,565;-0,559;0,152;0,85;-7,623;-0,14;False;14,554;0
Bitcoin;Cripto;ADX>20 + direzione DI;Solo long;60;24;70,833;26,801;1,178;33;57,576;8,661;-0,14;2,031;42,384;-0,14;False;36,01;0
Euro Stoxx 50;Indici;Momentum 10g;Solo long;60;37;62,162;0,861;0,079;25;72,0;2,414;-0,142;2,253;8,953;-0,142;False;11,783;0
FTSE MIB;Indici;Momentum 120g;Solo long;5;278;52,878;-0,02;-0,142;273;55,311;0,215;-0,023;1,258;8,726;-0,142;False;4,077;0
S&P 500;Indici;Momentum 20g;Solo long;10;183;65,574;0,474;0,255;134;68,657;0,505;-0,142;1,638;10,03;-0,142;False;3,911;0
EUR/USD;Valute;SMA200 + Momentum20 concordi;Solo long;40;33;48,485;-0,388;-0,142;25;56,0;0,581;0,913;1,836;2,154;-0,142;False;4,109;0
Argento;Commodities;Momentum 5g;Solo short;5;309;50,162;0,179;0,959;212;47,17;-0,443;-0,143;0,793;-13,939;-0,143;False;6,247;0
Bitcoin;Cripto;Reversione RSI2 nel trend SMA200;Solo long;5;47;55,319;0,887;-0,143;70;55,714;0,983;0,315;1,516;10,209;-0,143;False;15,556;0
Ethereum;Cripto;Prezzo vs SMA100;Solo short;3;145;53,103;0,766;1,198;363;45,455;-0,671;-0,143;0,756;-36,14;-0,143;False;10,784;0
Ethereum;Cripto;Breakout Donchian 55;Solo long;5;23;56,522;0,933;0,36;314;52,229;0,968;-0,143;1,336;45,084;-0,143;False;14,12;0
EUR/CHF;Valute;Momentum 5g;Solo long;40;57;42,105;-0,338;0,224;39;46,154;-0,328;-0,143;0,587;-1,899;-0,143;False;3,477;0
Gas naturale;Commodities;Prezzo vs SMA200 + filtro VIX;Solo long;1;877;46,408;-0,112;-0,144;691;49,493;0,003;0,44;1,002;0,274;-0,144;False;4,722;0
Ethereum;Cripto;Momentum 5g;Solo short;3;123;49,593;0,614;0,893;485;43,505;-0,667;-0,144;0,769;-48,002;-0,144;False;10,789;0
Argento;Commodities;Momentum 120g + filtro VIX;Solo long;5;203;50,739;0,135;0,436;204;50,49;0,338;-0,145;1,204;10,237;-0,145;False;5,854;0
EUR/USD;Valute;Prezzo vs SMA50;Solo long;10;150;43,333;-0,101;-0,145;102;48,039;0,008;-0,104;1,014;0,126;-0,145;False;2,433;0
Oro;Commodities;Prezzo vs SMA200 + filtro VIX;Long+Short;3;666;50,601;-0,007;-0,145;463;50,756;0,099;0,309;1,158;6,764;-0,145;False;2,573;0
Petrolio WTI;Commodities;Breakout Donchian 20;Solo long;10;140;54,286;-0,015;-0,145;89;59,551;1,541;0,977;1,734;20,338;-0,145;False;10,198;0
EUR/CHF;Valute;Momentum 10g;Solo long;40;54;42,593;-0,456;-0,03;37;43,243;-0,337;-0,146;0,611;-1,847;-0,146;False;3,619;0
EUR/USD;Valute;Prezzo vs SMA200;Long+Short;40;61;55,738;0,469;1,143;42;47,619;-0,044;-0,146;0,962;-0,275;-0,146;False;4,6;0
GBP/USD;Valute;Momentum 5g;Solo short;40;57;47,368;0,246;-0,032;41;43,902;-0,195;-0,147;0,846;-1,187;-0,147;False;5,135;0
Ethereum;Cripto;Momentum 10g;Long+Short;20;30;63,333;-0,883;-0,147;122;48,361;0,885;0,278;1,12;16,015;-0,147;False;32,471;0
Gas naturale;Commodities;Prezzo vs SMA20;Solo long;1;1086;46,961;-0,112;-0,147;899;48,276;0,006;0,496;1,004;0,796;-0,147;False;4,959;0
USD/JPY;Valute;ADX>20 + direzione DI;Solo short;20;61;47,541;-0,214;-0,147;39;58,974;0,453;1,934;1,544;2,623;-0,147;False;4,257;0
Petrolio WTI;Commodities;EMA 10/30;Solo long;60;33;48,485;1,137;0,433;24;50,0;4,739;-0,148;1,943;16,865;-0,148;False;24,674;0
FTSE MIB;Indici;Momentum 10g;Solo short;5;278;45,324;-0,012;-0,057;179;40,782;-0,258;-0,148;0,796;-6,85;-0,148;False;4,897;0
USD/JPY;Valute;SMA200 + Momentum20 concordi;Solo short;20;54;46,296;-0,219;-0,149;31;45,161;-0,455;-0,021;0,537;-2,093;-0,149;False;4,409;0
Nasdaq 100;Indici;Acquisto su picco VIX;Long+Short;5;69;59,42;0,814;1,115;55;54,545;0,275;-0,149;1,158;2,241;-0,149;False;6,04;0
Nasdaq 100;Indici;Acquisto su picco VIX;Solo long;5;69;59,42;0,814;1,115;55;54,545;0,275;-0,149;1,158;2,241;-0,149;False;6,04;0
GBP/USD;Valute;EMA 50/200 + filtro VIX;Solo long;10;90;50,0;-0,046;0,122;105;50,476;0,004;-0,149;1,008;0,059;-0,149;False;2,434;0
EUR/USD;Valute;ADX>25 + direzione DI;Solo short;10;58;62,069;0,278;0,867;41;48,78;-0,051;-0,149;0,886;-0,31;-0,149;False;2,791;0
EUR/USD;Valute;Prezzo vs SMA200;Solo short;5;278;48,921;0,03;-0,149;174;51,149;-0,006;0,057;0,987;-0,142;-0,149;False;2,018;0
DAX;Indici;Breakout Donchian 20;Solo short;40;40;35,0;-1,726;-0,15;28;28,571;-2,001;-0,127;0,504;-8,312;-0,15;False;12,751;0
Nasdaq 100;Indici;Prezzo vs SMA20;Solo long;40;55;69,091;2,613;-0,15;39;69,231;3,241;0,03;2,703;18,75;-0,15;False;10,401;0
GBP/USD;Valute;Momentum 60g;Long+Short;5;481;51,351;0,012;0,203;350;48,0;-0,009;-0,15;0,98;-0,454;-0,15;False;1,903;0
EUR/CHF;Valute;ADX>20 + direzione DI;Long+Short;3;509;46,758;0,026;0,57;360;51,389;-0,002;-0,15;0,99;-0,112;-0,15;False;1,067;0
USD/JPY;Valute;Breakout Donchian 20;Solo long;10;147;52,381;0,184;0,639;122;63,115;0,202;-0,15;1,34;3,65;-0,15;False;2,756;0
Oro;Commodities;Breakout Donchian 20;Long+Short;10;232;47,845;-0,036;-0,15;168;51,786;0,251;0,391;1,231;6,256;-0,15;False;4,81;0
EUR/USD;Valute;Momentum 60g;Long+Short;40;61;57,377;0,391;0,957;42;50,0;-0,054;-0,151;0,954;-0,334;-0,151;False;4,907;0
GBP/USD;Valute;Momentum 60g + filtro VIX;Solo long;20;69;50,725;-0,113;0,075;59;54,237;0,014;-0,151;1,016;0,123;-0,151;False;3,375;0
Gas naturale;Commodities;Momentum 60g;Long+Short;40;58;53,448;1,479;0,7;42;45,238;-0,101;-0,151;0,991;-0,63;-0,151;False;36,264;0
EUR/USD;Valute;Prezzo vs SMA200 + filtro VIX;Long+Short;20;112;59,821;0,265;1,218;79;50,633;-0,022;-0,151;0,973;-0,253;-0,151;False;3,262;0
EUR/USD;Valute;Breakout Donchian 55;Long+Short;10;241;51,452;-0,01;-0,151;174;50,0;0,009;0,076;1,017;0,24;-0,151;False;2,663;0
FTSE MIB;Indici;Prezzo vs SMA200 + filtro VIX;Solo long;5;262;53,053;-0,023;-0,153;237;59,072;0,294;0,566;1,461;10,325;-0,153;False;3,821;0
GBP/USD;Valute;Breakout Donchian 55 + filtro VIX;Solo short;20;69;47,826;0,095;-0,138;38;50,0;-0,114;-0,153;0,882;-0,643;-0,153;False;3,652;0
Oro;Commodities;Prezzo vs SMA100;Solo short;5;241;41,909;-0,08;-0,154;116;43,103;-0,202;0,368;0,798;-3,476;-0,154;False;3,379;0
S&P 500;Indici;Reversione RSI2 nel trend SMA200;Solo long;3;98;57,143;0,096;-0,155;67;65,672;0,278;0,634;1,501;2,76;-0,155;False;2,293;0
EUR/USD;Valute;Breakout Donchian 55 + filtro VIX;Solo short;20;63;57,143;0,118;-0,155;38;57,895;0,199;0,64;1,228;1,123;-0,155;False;3,926;0
EUR/USD;Valute;EMA 20/50;Long+Short;20;121;49,587;0,104;0,478;86;41,86;-0,034;-0,155;0,959;-0,429;-0,155;False;3,438;0
USD/JPY;Valute;ADX>20 + direzione DI;Solo short;10;91;48,352;-0,111;-0,155;65;60,0;0,442;2,831;1,85;4,26;-0,155;False;3,161;0
Oro;Commodities;Momentum 60g;Long+Short;3;771;49,805;-0,007;-0,156;565;52,035;0,068;0,186;1,096;5,737;-0,156;False;2,684;0
S&P 500;Indici;Acquisto su picco VIX;Long+Short;5;69;60,87;0,429;0,593;55;54,545;0,158;-0,156;1,099;1,287;-0,156;False;6,038;0
S&P 500;Indici;Acquisto su picco VIX;Solo long;5;69;60,87;0,429;0,593;55;54,545;0,158;-0,156;1,099;1,287;-0,156;False;6,038;0
Bitcoin;Cripto;Momentum 10g;Solo long;3;374;55,615;1,08;1,254;524;51,527;0,405;-0,156;1,255;31,465;-0,156;False;7,634;0
USD/JPY;Valute;Momentum 60g + filtro VIX;Solo short;5;217;46,544;-0,051;-0,157;106;44,34;-0,069;0,401;0,863;-1,09;-0,157;False;2,073;0
EUR/CHF;Valute;Momentum 120g + filtro VIX;Solo short;20;80;57,5;0,353;0,494;59;52,542;0,118;-0,157;1,225;1,03;-0,157;False;2,035;0
Bitcoin;Cripto;EMA 10/30;Solo short;1;700;47,0;-0,158;0,364;1120;46,161;-0,161;-0,157;0,859;-26,807;-0,157;False;4,742;0
EUR/CHF;Valute;Prezzo vs SMA20;Solo long;60;37;45,946;-0,745;-0,157;25;40,0;-0,462;-0,04;0,514;-1,713;-0,157;False;4,531;0
Gas naturale;Commodities;Momentum 60g + filtro VIX;Long+Short;40;56;57,143;1,329;0,681;39;43,59;-0,152;-0,157;0,986;-0,878;-0,157;False;34,0;0
Nasdaq 100;Indici;Acquisto su picco VIX;Long+Short;20;29;72,414;1,748;0,463;22;72,727;1,386;-0,157;1,944;4,523;-0,157;False;10,286;0
Nasdaq 100;Indici;Acquisto su picco VIX;Solo long;20;29;72,414;1,748;0,463;22;72,727;1,386;-0,157;1,944;4,523;-0,157;False;10,286;0
Oro;Commodities;Momentum 60g;Solo short;20;72;51,389;-0,306;0,044;38;47,368;-1,434;-0,158;0,483;-8,08;-0,158;False;8,577;0
Ethereum;Cripto;Momentum 60g;Long+Short;10;59;55,932;2,605;1,375;245;48,163;0,234;-0,158;1,047;8,49;-0,158;False;20,028;0
Petrolio WTI;Commodities;ADX>20 + direzione DI;Solo long;5;174;53,448;-0,036;-0,159;112;53,571;0,632;0,504;1,324;10,491;-0,159;False;8,461;0
Gas naturale;Commodities;Reversione RSI2 nel trend SMA200;Long+Short;40;42;52,381;0,553;0,189;26;46,154;-0,171;-0,159;0,984;-0,661;-0,159;False;27,713;0
Ethereum;Cripto;EMA 50/200;Long+Short;20;30;56,667;-1,403;-0,16;122;46,721;1,802;0,684;1,26;32,595;-0,16;False;32,855;0
Gas naturale;Commodities;SMA200 + Momentum20 concordi;Long+Short;60;37;59,459;-0,044;-0,04;27;44,444;0,347;-0,16;1,033;1,387;-0,16;False;36,678;0
Nasdaq 100;Indici;Prezzo vs SMA50;Solo long;20;102;66,667;1,3;-0,06;69;65,217;1,48;-0,16;2,037;15,149;-0,16;False;6,712;0
Euro Stoxx 50;Indici;Momentum 5g;Solo long;20;105;55,238;0,236;-0,161;79;63,291;0,957;0,331;1,718;11,214;-0,161;False;8,204;0
Oro;Commodities;Prezzo vs SMA100;Solo long;60;29;62,069;0,894;-0,161;24;79,167;4,13;0,064;3,722;14,698;-0,161;False;8,785;0
Petrolio WTI;Commodities;ADX>20 + direzione DI;Solo short;20;59;44,068;-0,347;-0,162;43;51,163;-0,845;0,433;0,83;-5,389;-0,162;False;20,137;0
Argento;Commodities;Prezzo vs SMA20;Solo long;60;34;50,0;0,82;-0,0;24;70,833;5,923;-0,162;2,748;21,079;-0,162;False;18,876;0
Ethereum;Cripto;EMA 50/200;Solo short;3;161;53,416;0,266;0,516;360;45,0;-0,677;-0,162;0,755;-36,156;-0,162;False;11,086;0
USD/JPY;Valute;Prezzo vs SMA50;Solo long;60;36;52,778;0,394;-0,162;26;65,385;1,496;0,044;2,272;5,769;-0,162;False;6,988;0
DAX;Indici;SMA200 + Momentum20 concordi;Solo short;1;432;49,074;0,037;0,471;248;49,194;-0,023;-0,163;0,958;-0,838;-0,163;False;2,063;0
FTSE MIB;Indici;EMA 50/200 + filtro VIX;Solo long;3;413;53,269;-0,025;-0,059;385;56,883;0,093;-0,163;1,176;5,34;-0,163;False;2,995;0
EUR/USD;Valute;EMA 50/200;Solo long;40;28;50,0;-0,103;0,362;27;51,852;0,08;-0,164;1,095;0,319;-0,164;False;3,919;0
Gas naturale;Commodities;Breakout Donchian 55 + filtro VIX;Long+Short;40;56;51,786;-0,345;-0,164;39;48,718;1,92;0,479;1,201;11,105;-0,164;False;33,043;0
Gas naturale;Commodities;Momentum 60g + filtro VIX;Solo long;3;355;49,296;-0,078;0,136;269;48,327;0,107;-0,165;1,04;4,278;-0,165;False;8,227;0
USD/JPY;Valute;Momentum 60g;Long+Short;5;481;49,688;0,032;0,527;350;52,571;0,027;-0,165;1,057;1,425;-0,165;False;2,14;0
USD/JPY;Valute;Reversione RSI2;Solo long;1;292;53,767;0,041;0,935;174;55,172;0,014;-0,165;1,056;0,361;-0,165;False;1,314;0
EUR/USD;Valute;Momentum 60g;Solo short;60;33;54,545;0,608;0,265;21;42,857;-0,348;-0,165;0,779;-1,084;-0,165;False;6,128;0
Gas naturale;Commodities;Momentum 5g;Solo long;60;38;42,105;-0,166;0,206;26;61,538;5,189;-0,165;1,551;20,005;-0,165;False;35,101;0
Bitcoin;Cripto;Momentum 20g;Solo short;10;95;46,316;-0,544;1,393;152;43,421;-1,632;-0,165;0,659;-36,784;-0,165;False;17,054;0
Argento;Commodities;Momentum 20g;Long+Short;20;116;50,862;-0,117;-0,166;84;53,571;1,757;1,259;1,602;21,889;-0,166;False;11,401;0
Euro Stoxx 50;Indici;Momentum 60g;Long+Short;60;39;46,154;0,435;0,248;27;59,259;0,455;-0,166;1,164;1,822;-0,166;False;14,482;0
Oro;Commodities;Momentum 120g + filtro VIX;Solo long;5;243;53,909;0,055;-0,034;215;55,349;0,259;-0,166;1,346;8,27;-0,166;False;3,407;0
EUR/USD;Valute;Momentum 120g + filtro VIX;Solo short;20;72;62,5;0,198;0,133;42;57,143;-0,118;-0,167;0,876;-0,733;-0,167;False;3,352;0
USD/JPY;Valute;Momentum 60g + filtro VIX;Long+Short;5;424;50,472;0,064;0,989;292;52,74;0,028;-0,167;1,063;1,196;-0,167;False;2,074;0
GBP/USD;Valute;EMA 10/30;Solo short;60;33;48,485;0,286;-0,168;24;37,5;-0,167;0,085;0,889;-0,593;-0,168;False;6,033;0
Gas naturale;Commodities;Momentum 10g;Solo long;5;286;48,951;-0,124;-0,005;213;51,174;0,313;-0,169;1,09;9,873;-0,169;False;11,115;0
USD/JPY;Valute;SMA200 + Momentum20 concordi;Long+Short;20;108;50,0;-0,011;-0,083;78;53,846;0,123;-0,169;1,143;1,419;-0,169;False;3,935;0
EUR/USD;Valute;Prezzo vs SMA200;Solo long;10;120;47,5;-0,066;0,134;103;49,515;0,001;-0,169;1,001;0,008;-0,169;False;2,495;0
EUR/CHF;Valute;Momentum 60g;Long+Short;40;61;50,82;0,286;0,455;42;45,238;0,026;-0,169;1,042;0,161;-0,169;False;3,387;0
GBP/USD;Valute;Prezzo vs SMA100;Solo short;10;136;52,941;0,061;-0,023;87;48,276;-0,058;-0,169;0,921;-0,749;-0,169;False;2,771;0
Petrolio WTI;Commodities;ADX>20 + direzione DI;Solo long;10;103;50,485;-0,037;-0,17;64;59,375;1,566;0,888;1,844;14,863;-0,17;False;10,246;0
EUR/USD;Valute;Reversione RSI2;Solo long;40;47;53,191;-0,275;0,074;34;44,118;0,06;-0,17;1,051;0,302;-0,17;False;5,246;0
Nasdaq 100;Indici;Momentum 5g;Solo long;60;38;73,684;3,754;-0,171;27;66,667;5,284;0,118;3,173;21,166;-0,171;False;15,165;0
FTSE MIB;Indici;Reversione RSI2 nel trend SMA200;Long+Short;3;118;52,542;0,315;1,295;91;54,945;0,005;-0,171;1,007;0,071;-0,171;False;3,704;0
DAX;Indici;Momentum 10g;Solo long;40;56;64,286;1,394;-0,171;40;70,0;1,706;-0,126;2,149;10,125;-0,171;False;11,087;0
Petrolio WTI;Commodities;Prezzo vs SMA20;Solo short;20;88;46,591;-0,298;-0,171;60;51,667;-0,354;0,842;0,918;-3,152;-0,171;False;15,281;0
EUR/USD;Valute;Prezzo vs SMA200;Solo short;3;455;50,989;0,017;-0,172;280;52,5;0,005;0,204;1,015;0,191;-0,172;False;1,637;0
Euro Stoxx 50;Indici;Reversione RSI2;Solo long;60;32;59,375;1,353;0,397;22;68,182;2,319;-0,172;2,071;7,569;-0,172;False;14,514;0
EUR/CHF;Valute;EMA 50/200 + filtro VIX;Solo short;20;80;57,5;0,316;0,361;62;54,839;0,12;-0,172;1,268;1,1;-0,172;False;2,176;0
Argento;Commodities;EMA 20/50;Solo short;20;76;46,053;-0,31;-0,053;46;41,304;-2,166;-0,173;0,522;-14,774;-0,173;False;13,643;0
FTSE MIB;Indici;Prezzo vs SMA200 + filtro VIX;Solo short;1;746;49,732;0,031;-0,173;234;44,872;0,033;0,351;1,072;1,133;-0,173;False;2,113;0
Gas naturale;Commodities;EMA 10/30;Solo long;40;43;53,488;-0,864;-0,084;30;56,667;3,117;-0,173;1,313;13,869;-0,173;False;29,797;0
Petrolio WTI;Commodities;EMA 10/30;Solo short;3;369;49,593;-0,031;-0,174;283;48,057;-0,14;0,068;0,932;-5,874;-0,174;False;6,878;0
Gas naturale;Commodities;Momentum 120g;Solo long;3;364;49,725;-0,08;0,122;326;48,466;0,1;-0,174;1,035;4,845;-0,174;False;9,093;0
GBP/USD;Valute;Momentum 120g + filtro VIX;Solo long;10;120;51,667;-0,05;0,087;98;46,939;-0,001;-0,174;0,998;-0,019;-0,174;False;2,277;0
Nasdaq 100;Indici;EMA 50/200 + filtro VIX;Long+Short;20;109;66,055;1,134;-0,174;76;68,421;1,032;-0,009;1,529;11,633;-0,174;False;7,704;0
EUR/CHF;Valute;Fine/inizio mese;Long+Short;10;111;48,649;-0,041;0,481;80;46,25;-0,095;-0,175;0,79;-1,125;-0,175;False;1,745;0
EUR/CHF;Valute;Fine/inizio mese;Solo long;10;111;48,649;-0,041;0,481;80;46,25;-0,095;-0,175;0,79;-1,125;-0,175;False;1,745;0
Argento;Commodities;EMA 50/200;Long+Short;40;58;53,448;0,906;0,78;42;52,381;1,423;-0,176;1,251;8,861;-0,176;False;20,984;0
Oro;Commodities;Prezzo vs SMA200 + filtro VIX;Long+Short;10;209;50,239;-0,024;-0,176;149;53,02;0,31;0,052;1,275;6,847;-0,176;False;4,762;0
GBP/USD;Valute;Prezzo vs SMA50;Solo long;40;47;53,191;-0,305;-0,105;33;45,455;0,021;-0,177;1,018;0,103;-0,177;False;4,917;0
Ethereum;Cripto;EMA 20/50;Solo short;1;423;52,482;0,137;0,617;1065;45,728;-0,228;-0,177;0,846;-36,074;-0,177;False;5,783;0
EUR/CHF;Valute;Momentum 20g;Solo long;60;35;34,286;-0,756;-0,177;25;40,0;-0,386;0,169;0,605;-1,432;-0,177;False;4,14;0
Bitcoin;Cripto;ADX>25 + direzione DI;Solo short;10;56;42,857;-2,624;-0,177;81;51,852;0,007;1,473;1,002;0,082;-0,177;False;18,856;0
EUR/CHF;Valute;EMA 50/200 + filtro VIX;Solo long;5;126;42,857;-0,017;0,572;68;51,471;-0,051;-0,177;0,799;-0,518;-0,177;False;1,195;0
Petrolio WTI;Commodities;Momentum 10g;Solo short;20;95;46,316;0,139;0,281;68;47,059;-1,899;-0,178;0,64;-19,152;-0,178;False;16,602;0
Oro;Commodities;ADX>20 + direzione DI;Solo long;60;28;53,571;1,521;0,36;20;65,0;3,678;-0,178;3,251;10,907;-0,178;False;9,734;0
Ethereum;Cripto;Prezzo vs SMA200;Solo short;1;442;52,262;0,082;0,37;1058;46,597;-0,229;-0,178;0,845;-35,956;-0,178;False;5,67;0
Gas naturale;Commodities;Breakout Donchian 55;Solo long;10;123;44,715;-0,282;-0,179;87;60,92;0,74;-0,13;1,16;9,545;-0,179;False;14,604;0
EUR/USD;Valute;Breakout Donchian 55;Solo long;10;117;47,863;-0,11;-0,179;94;51,064;0,023;-0,007;1,046;0,321;-0,179;False;2,422;0
EUR/USD;Valute;EMA 10/30;Solo short;20;80;50,0;0,12;-0,179;57;52,632;-0,104;-0,156;0,883;-0,882;-0,179;False;4,074;0
Oro;Commodities;Reversione RSI2;Solo short;20;78;51,282;-0,067;0,502;58;43,103;-1,42;-0,179;0,502;-12,217;-0,179;False;8,319;0
Bitcoin;Cripto;Momentum 60g;Solo long;5;227;57,269;1,804;1,176;295;47,119;0,659;-0,18;1,278;28,828;-0,18;False;11,42;0
FTSE MIB;Indici;EMA 50/200 + filtro VIX;Solo long;40;35;54,286;0,506;0,066;32;78,125;1,963;-0,181;2,619;9,317;-0,181;False;11,436;0
GBP/USD;Valute;Momentum 120g + filtro VIX;Solo long;5;227;49,78;0,001;0,398;185;46,486;-0,003;-0,181;0,992;-0,075;-0,181;False;1,711;0
USD/JPY;Valute;Momentum 10g;Long+Short;40;61;52,459;0,112;0,106;42;54,762;-0,061;-0,181;0,958;-0,381;-0,181;False;5,766;0
Bitcoin;Cripto;Momentum 5g;Solo short;40;40;45,0;-11,487;-0,182;57;47,368;-6,16;0,014;0,466;-52,066;-0,182;False;52,215;0
Gas naturale;Commodities;Prezzo vs SMA100;Solo long;60;30;46,667;-1,267;-0,132;21;47,619;5,006;-0,182;1,551;15,589;-0,182;False;32,791;0
Gas naturale;Commodities;Prezzo vs SMA200;Solo long;10;109;46,789;-0,238;-0,113;99;53,535;0,681;-0,182;1,142;9,996;-0,182;False;15,884;0
Argento;Commodities;Momentum 5g;Long+Short;60;39;43,59;-0,354;-0,182;27;62,963;0,06;-0,03;1,007;0,24;-0,182;False;25,505;0
Oro;Commodities;Breakout Donchian 20;Solo long;10;125;45,6;0,124;-0,073;117;55,556;0,563;-0,183;1,533;9,768;-0,183;False;4,973;0
FTSE MIB;Indici;EMA 50/200 + filtro VIX;Long+Short;60;39;61,538;-0,241;-0,183;26;73,077;2,718;0,574;2,303;10,482;-0,183;False;18,016;0
Ethereum;Cripto;ADX>20 + direzione DI;Solo long;1;163;47,239;-0,035;-0,081;1009;49,95;0,183;-0,183;1,14;27,429;-0,183;False;5,973;0
EUR/USD;Valute;Prezzo vs SMA50;Solo long;40;47;44,681;-0,318;-0,021;32;43,75;0,058;-0,183;1,051;0,276;-0,183;False;5,038;0
Ethereum;Cripto;Breakout Donchian 20;Solo long;3;60;51,667;-0,115;-0,183;480;52,917;0,856;0,743;1,421;60,954;-0,183;False;9,925;0
GBP/USD;Valute;Fine/inizio mese;Long+Short;20;111;51,351;-0,094;0,199;80;48,75;0,001;-0,184;1,001;0,015;-0,184;False;3,643;0
GBP/USD;Valute;Fine/inizio mese;Solo long;20;111;51,351;-0,094;0,199;80;48,75;0,001;-0,184;1,001;0,015;-0,184;False;3,643;0
Argento;Commodities;EMA 10/30;Long+Short;20;116;52,586;0,025;0,101;84;45,238;-0,04;-0,184;0,99;-0,492;-0,184;False;11,63;0
Euro Stoxx 50;Indici;Momentum 20g;Long+Short;60;39;51,282;-0,013;-0,185;27;55,556;0,648;-0,166;1,242;2,594;-0,185;False;14,863;0
GBP/USD;Valute;Momentum 60g;Solo long;20;74;50,0;-0,176;-0,139;61;54,098;0,009;-0,185;1,011;0,081;-0,185;False;3,323;0
Argento;Commodities;EMA 50/200;Solo long;5;149;51,007;0,106;0,208;250;54,4;0,321;-0,186;1,176;11,905;-0,186;False;6,368;0
Petrolio WTI;Commodities;ADX>25 + direzione DI;Long+Short;20;71;46,479;-0,22;-0,186;46;52,174;-0,069;-0,055;0,987;-0,47;-0,186;False;16,676;0
Ethereum;Cripto;Momentum 5g;Long+Short;5;117;43,59;-0,176;-0,186;492;46,545;0,104;-0,036;1,031;7,556;-0,186;False;14,104;0
Bitcoin;Cripto;Reversione RSI2;Solo long;5;92;56,522;0,918;-0,186;145;55,172;0,747;0,015;1,311;16,057;-0,186;False;15,253;0
USD/JPY;Valute;Prezzo vs SMA100;Solo long;5;278;50,0;0,033;-0,068;242;59,504;0,101;-0,186;1,242;3,622;-0,186;False;2,247;0
Euro Stoxx 50;Indici;ADX>20 + direzione DI;Solo long;5;149;58,389;0,125;0,413;100;56,0;0,142;-0,186;1,231;2,11;-0,186;False;3,302;0
EUR/CHF;Valute;Momentum 10g;Solo long;60;38;42,105;-0,651;0,032;26;42,308;-0,522;-0,186;0,487;-2,011;-0,186;False;5,522;0
GBP/USD;Valute;Prezzo vs SMA20;Long+Short;20;121;50,413;-0,031;-0,187;86;52,326;0,046;0,14;1,05;0,59;-0,187;False;3,771;0
GBP/USD;Valute;ADX>20 + direzione DI;Solo long;60;28;50,0;-0,131;0,36;20;45,0;0,063;-0,187;1,047;0,187;-0,187;False;5,96;0
USD/JPY;Valute;Momentum 20g;Long+Short;60;41;56,098;0,339;0,495;28;50,0;-0,046;-0,187;0,973;-0,191;-0,187;False;6,089;0
Gas naturale;Commodities;SMA200 + Momentum20 concordi;Solo long;1;662;45,317;-0,121;-0,189;610;49,016;0,031;0,527;1,02;2,775;-0,189;False;5,225;0
Bitcoin;Cripto;Breakout Donchian 55;Solo long;60;21;61,905;27,26;0,879;29;58,621;8,252;-0,189;1,927;35,489;-0,189;False;36,442;0
EUR/USD;Valute;Reversione RSI2 nel trend SMA200;Solo short;20;34;61,765;0,087;-0,189;26;50,0;-0,006;0,135;0,992;-0,023;-0,189;False;4,05;0
S&P 500;Indici;Reversione RSI2;Solo long;10;86;58,14;0,37;-0,189;72;65,278;0,645;0,189;1,48;6,894;-0,189;False;5,578;0
EUR/USD;Valute;Prezzo vs SMA200 + filtro VIX;Solo long;3;321;49,221;0,01;0,685;284;50,0;-0,002;-0,19;0,992;-0,096;-0,19;False;1,402;0
Petrolio WTI;Commodities;EMA 20/50;Solo short;60;26;46,154;0,32;0,114;20;45,0;-7,016;-0,19;0,505;-20,808;-0,19;False;26,866;0
Argento;Commodities;Momentum 10g;Solo long;60;35;42,857;0,66;-0,063;26;61,538;5,694;-0,19;2,442;21,955;-0,19;False;25,743;0
FTSE MIB;Indici;Momentum 60g + filtro VIX;Long+Short;60;39;56,41;-0,296;-0,19;26;61,538;1,42;-0,165;1,519;5,478;-0,19;False;19,05;0
GBP/USD;Valute;Reversione RSI2;Solo long;3;195;44,103;-0,03;-0,19;124;55,645;0,04;0,371;1,125;0,742;-0,19;False;1,492;0
DAX;Indici;Momentum 10g;Solo short;60;36;41,667;-2,376;-0,19;25;32,0;-2,398;0,428;0,451;-8,892;-0,19;False;12,633;0
Ethereum;Cripto;Prezzo vs SMA20;Solo long;3;88;46,591;-0,121;-0,191;470;52,979;0,724;0,306;1,308;50,456;-0,191;False;10,694;0
EUR/USD;Valute;EMA 10/30;Long+Short;20;121;48,76;-0,022;-0,191;86;47,674;0,044;0,21;1,057;0,564;-0,191;False;3,751;0
Bitcoin;Cripto;EMA 50/200;Solo long;5;224;56,696;1,848;1,015;324;53,704;0,664;-0,191;1,31;31,898;-0,191;False;12,894;0
Petrolio WTI;Commodities;Momentum 5g;Solo long;10;188;51,596;0,147;0,238;139;55,396;0,573;-0,191;1,206;11,805;-0,191;False;11,003;0
Oro;Commodities;ADX>25 + direzione DI;Solo long;20;41;46,341;0,22;-0,156;38;60,526;1,195;-0,191;2,463;6,733;-0,191;False;6,99;0
FTSE MIB;Indici;EMA 50/200 + filtro VIX;Solo short;1;759;49,671;0,03;-0,191;241;44,398;-0,007;-0,139;0,986;-0,235;-0,191;False;2,074;0
Bitcoin;Cripto;Momentum 5g;Solo short;3;310;40,0;-0,33;0,881;480;42,5;-0,485;-0,192;0,767;-34,552;-0,192;False;9,18;0
Gas naturale;Commodities;Prezzo vs SMA20;Solo long;40;53;41,509;-1,022;-0,193;36;52,778;3,267;-0,183;1,395;17,444;-0,193;False;28,963;0
Petrolio WTI;Commodities;Prezzo vs SMA50;Solo short;10;136;50,0;-0,156;-0,193;105;50,476;-0,574;0,125;0,85;-8,942;-0,193;False;12,052;0
Bitcoin;Cripto;ADX>20 + direzione DI;Solo short;20;45;42,222;-5,527;-0,193;71;49,296;-0,759;1,347;0,863;-7,99;-0,193;False;26,535;0
GBP/USD;Valute;Momentum 60g + filtro VIX;Long+Short;20;112;42,857;0,0;-0,033;79;51,899;-0,039;-0,193;0,957;-0,459;-0,193;False;3,319;0
EUR/CHF;Valute;Acquisto su picco VIX;Long+Short;3;102;45,098;-0,072;-0,193;84;48,81;-0,019;0,038;0,936;-0,239;-0,193;False;1,505;0
EUR/CHF;Valute;Acquisto su picco VIX;Solo long;3;102;45,098;-0,072;-0,193;84;48,81;-0,019;0,038;0,936;-0,239;-0,193;False;1,505;0
Gas naturale;Commodities;Prezzo vs SMA20;Solo long;5;271;47,601;-0,13;-0,02;217;49,309;0,293;-0,193;1,082;9,42;-0,193;False;11,716;0
Bitcoin;Cripto;Momentum 5g;Solo long;20;81;55,556;5,956;0,405;115;51,304;2,701;-0,193;1,664;46,069;-0,193;False;24,334;0
USD/JPY;Valute;Momentum 10g;Long+Short;60;41;53,659;-0,11;-0,194;28;42,857;-0,223;-0,149;0,877;-0,926;-0,194;False;6,187;0
USD/JPY;Valute;Momentum 120g + filtro VIX;Solo long;10;127;51,181;0,324;1,463;104;58,654;0,192;-0,194;1,327;2,969;-0,194;False;2,715;0
USD/JPY;Valute;EMA 10/30;Solo long;20;78;43,59;0,103;-0,195;64;56,25;0,484;0,108;1,62;4,593;-0,195;False;3,686;0
EUR/CHF;Valute;EMA 50/200 + filtro VIX;Long+Short;20;112;58,929;0,264;0,849;79;53,165;0,054;-0,195;1,117;0,627;-0,195;False;2,172;0
DAX;Indici;Momentum 60g;Solo short;5;184;42,935;-0,072;0,314;128;42,188;-0,258;-0,195;0,822;-4,895;-0,195;False;4,433;0
Nasdaq 100;Indici;EMA 50/200 + filtro VIX;Solo long;40;55;69,091;2,582;-0,196;32;68,75;3,597;0,28;3,079;17,075;-0,196;False;11,803;0
EUR/USD;Valute;Fine/inizio mese;Long+Short;3;111;57,658;0,012;0,446;80;48,75;-0,012;-0,196;0,964;-0,142;-0,196;False;1,5;0
EUR/USD;Valute;Fine/inizio mese;Solo long;3;111;57,658;0,012;0,446;80;48,75;-0,012;-0,196;0,964;-0,142;-0,196;False;1,5;0
GBP/USD;Valute;ADX>25 + direzione DI;Solo long;1;268;47,015;0,014;0,625;259;45,946;-0,004;-0,196;0,976;-0,159;-0,196;False;0,998;0
Oro;Commodities;Breakout Donchian 20;Solo long;20;68;52,941;0,269;-0,119;62;56,452;1,181;-0,197;1,864;10,863;-0,197;False;6,42;0
EUR/USD;Valute;Momentum 60g;Solo long;40;44;43,182;-0,395;-0,198;32;40,625;0,068;-0,169;1,066;0,324;-0,198;False;4,679;0
EUR/USD;Valute;Momentum 120g + filtro VIX;Solo short;40;39;58,974;0,214;-0,198;24;50,0;0,125;0,451;1,102;0,444;-0,198;False;5,222;0
FTSE MIB;Indici;EMA 50/200 + filtro VIX;Solo long;10;130;56,154;0,153;0,336;121;61,157;0,444;-0,198;1,463;7,965;-0,198;False;5,294;0
Petrolio WTI;Commodities;EMA 50/200;Solo short;40;31;45,161;-0,695;-0,198;26;50,0;-4,301;-0,176;0,559;-16,582;-0,198;False;22,894;0
Petrolio WTI;Commodities;Prezzo vs SMA50;Solo long;5;284;53,169;-0,036;-0,198;194;54,639;0,365;0,121;1,184;10,514;-0,198;False;7,391;0
FTSE MIB;Indici;Momentum 60g;Solo long;40;45;53,333;1,065;0,532;37;72,973;1,9;-0,198;2,041;10,428;-0,198;False;14,043;0
Petrolio WTI;Commodities;Prezzo vs SMA100;Solo short;3;368;48,913;-0,034;-0,199;288;46,875;-0,213;-0,125;0,901;-9,082;-0,199;False;6,497;0
Gas naturale;Commodities;EMA 50/200;Solo long;40;26;46,154;-0,651;0,002;24;45,833;3,169;-0,199;1,468;11,28;-0,199;False;28,717;0
GBP/USD;Valute;ADX>25 + direzione DI;Solo long;3;100;51,0;0,013;0,35;97;50,515;-0,012;-0,199;0,964;-0,167;-0,199;False;1,499;0
FTSE MIB;Indici;Reversione RSI2;Solo long;3;156;55,128;0,281;1,369;97;56,701;0,039;-0,199;1,038;0,565;-0,199;False;4,285;0
Bitcoin;Cripto;Momentum 20g;Solo long;3;365;57,26;0,885;0,644;499;51,703;0,392;-0,199;1,226;29,023;-0,199;False;8,749;0
Oro;Commodities;Momentum 20g;Long+Short;10;232;47,845;-0,036;-0,199;168;48,214;0,097;-0,084;1,084;2,424;-0,199;False;4,88;0
Oro;Commodities;EMA 10/30;Solo short;10;134;46,269;-0,097;0,197;71;42,254;-0,693;-0,2;0,539;-7,301;-0,2;False;4,622;0
Petrolio WTI;Commodities;SMA200 + Momentum20 concordi;Long+Short;5;357;48,459;-0,045;-0,2;266;53,383;0,099;0,238;1,044;3,905;-0,2;False;8,465;0
GBP/USD;Valute;Prezzo vs SMA200 + filtro VIX;Solo long;5;209;49,761;-0,047;-0,2;203;47,291;-0,001;-0,173;0,996;-0,044;-0,2;False;1,689;0
GBP/USD;Valute;EMA 20/50;Solo long;10;130;50,769;-0,096;-0,2;108;51,852;0,1;0,569;1,204;1,603;-0,2;False;2,382;0
Bitcoin;Cripto;Reversione RSI2;Solo short;20;60;40,0;-5,447;-0,2;79;54,43;-2,336;0,394;0,653;-27,363;-0,2;False;38,259;0
Oro;Commodities;Breakout Donchian 55 + filtro VIX;Long+Short;40;56;44,643;-0,114;-0,2;38;65,789;3,043;1,787;3,681;17,146;-0,2;False;8,578;0
EUR/USD;Valute;Prezzo vs SMA200 + filtro VIX;Solo short;20;70;57,143;0,11;-0,2;40;60,0;0,192;0,706;1,246;1,138;-0,2;False;3,339;0
FTSE MIB;Indici;EMA 20/50;Long+Short;60;39;51,282;1,016;0,549;28;64,286;1,437;-0,201;1,496;5,971;-0,201;False;17,186;0
FTSE MIB;Indici;Momentum 60g;Long+Short;60;39;46,154;0,756;0,397;28;64,286;1,437;-0,201;1,496;5,971;-0,201;False;17,015;0
Argento;Commodities;ADX>20 + direzione DI;Solo short;10;102;44,118;-0,12;-0,045;57;49,123;-1,064;-0,201;0,622;-8,993;-0,201;False;7,7;0
FTSE MIB;Indici;Prezzo vs SMA200 + filtro VIX;Solo long;60;28;60,714;1,425;0,649;23;73,913;3,182;-0,201;2,631;10,859;-0,201;False;14,837;0
GBP/USD;Valute;Breakout Donchian 20;Solo short;10;131;45,038;0,036;-0,201;84;50,0;0,045;0,404;1,084;0,563;-0,201;False;2,683;0
Oro;Commodities;Prezzo vs SMA20;Solo short;60;34;61,765;0,483;1,273;24;37,5;-4,36;-0,201;0,251;-15,519;-0,201;False;15,01;0
USD/JPY;Valute;Momentum 60g;Solo long;5;276;53,261;0,108;0,866;245;58,367;0,1;-0,202;1,254;3,647;-0,202;False;2,162;0
GBP/USD;Valute;EMA 10/30;Long+Short;20;121;50,413;0,005;0,011;86;46,512;-0,048;-0,202;0,951;-0,607;-0,202;False;3,771;0
Nasdaq 100;Indici;Momentum 20g;Solo short;10;112;32,143;-0,698;-0,202;79;45,57;-0,107;1,176;0,944;-1,259;-0,202;False;5,962;0
EUR/USD;Valute;Prezzo vs SMA200 + filtro VIX;Solo long;40;33;45,455;-0,422;-0,203;27;55,556;0,49;0,726;1,638;1,961;-0,203;False;3,918;0
Petrolio WTI;Commodities;Prezzo vs SMA200;Long+Short;20;116;46,552;0,119;0,127;84;50,0;-0,331;-0,203;0,931;-4,121;-0,203;False;15,1;0
Petrolio WTI;Commodities;Momentum 60g + filtro VIX;Solo long;40;41;51,22;0,53;0,181;29;51,724;2,962;-0,203;1,821;12,737;-0,203;False;20,638;0
FTSE MIB;Indici;Prezzo vs SMA20;Solo short;20;88;40,909;-0,3;-0,203;61;34,426;-1,223;-0,194;0,546;-11,068;-0,203;False;8,965;0
EUR/USD;Valute;Reversione RSI2;Long+Short;5;277;53,791;0,105;1,509;208;50,0;-0,015;-0,203;0,963;-0,45;-0,203;False;1,848;0
Argento;Commodities;EMA 50/200 + filtro VIX;Solo long;20;37;40,541;1,161;0,822;61;50,82;1,624;-0,203;1,503;14,688;-0,203;False;11,636;0
Nasdaq 100;Indici;Momentum 5g;Solo short;40;52;26,923;-2,417;0,445;39;23,077;-3,494;-0,203;0,357;-20,214;-0,203;False;11,655;0
Oro;Commodities;Reversione RSI2 nel trend SMA200;Long+Short;20;64;46,875;-0,055;-0,204;43;51,163;0,635;0,0;1,394;4,05;-0,204;False;6,959;0
Gas naturale;Commodities;Momentum 5g;Solo long;5;307;46,58;-0,161;-0,114;224;50,446;0,302;-0,204;1,084;10,041;-0,204;False;11,479;0
USD/JPY;Valute;Breakout Donchian 55;Solo long;5;287;52,962;0,104;0,856;225;58,667;0,098;-0,204;1,234;3,282;-0,204;False;2,135;0
EUR/CHF;Valute;ADX>25 + direzione DI;Solo short;5;107;52,336;0,066;0,104;90;51,111;0,021;-0,204;1,069;0,281;-0,204;False;1,398;0
EUR/USD;Valute;Momentum 120g + filtro VIX;Solo long;40;33;48,485;-0,358;-0,093;27;51,852;0,057;-0,204;1,066;0,23;-0,204;False;4,746;0
Nasdaq 100;Indici;Fine/inizio mese;Long+Short;40;54;68,519;2,546;-0,205;40;75,0;3,053;-0,099;2,25;18,115;-0,205;False;12,839;0
Nasdaq 100;Indici;Fine/inizio mese;Solo long;40;54;68,519;2,546;-0,205;40;75,0;3,053;-0,099;2,25;18,115;-0,205;False;12,839;0
Petrolio WTI;Commodities;Fine/inizio mese;Long+Short;40;54;51,852;-0,12;-0,205;39;53,846;3,207;-0,071;1,598;18,546;-0,205;False;21,934;0
Petrolio WTI;Commodities;Fine/inizio mese;Solo long;40;54;51,852;-0,12;-0,205;39;53,846;3,207;-0,071;1,598;18,546;-0,205;False;21,934;0
GBP/USD;Valute;ADX>25 + direzione DI;Long+Short;3;273;50,183;-0,005;-0,207;203;50,246;-0,0;0,003;0,999;-0,008;-0,207;False;1,603;0
EUR/CHF;Valute;Fine/inizio mese;Long+Short;5;111;45,946;-0,055;-0,032;80;43,75;-0,057;-0,207;0,818;-0,679;-0,207;False;1,111;0
EUR/CHF;Valute;Fine/inizio mese;Solo long;5;111;45,946;-0,055;-0,032;80;43,75;-0,057;-0,207;0,818;-0,679;-0,207;False;1,111;0
EUR/USD;Valute;Momentum 20g;Solo long;40;51;52,941;-0,321;-0,027;35;48,571;0,052;-0,207;1,045;0,269;-0,207;False;6,02;0
EUR/USD;Valute;Momentum 120g;Long+Short;40;61;57,377;0,609;1,505;42;50,0;-0,079;-0,207;0,933;-0,493;-0,207;False;4,614;0
USD/JPY;Valute;Momentum 10g;Solo long;60;38;55,263;0,699;0,229;28;64,286;1,318;-0,208;2,839;5,472;-0,208;False;6,687;0
EUR/USD;Valute;Breakout Donchian 55 + filtro VIX;Long+Short;5;425;48,471;-0,01;-0,208;292;52,74;0,024;0,415;1,07;1,048;-0,208;False;1,788;0
USD/JPY;Valute;Reversione RSI2 nel trend SMA200;Long+Short;3;140;56,429;0,052;0,579;89;52,809;-0,019;-0,209;0,958;-0,254;-0,209;False;1,813;0
EUR/USD;Valute;Breakout Donchian 55 + filtro VIX;Long+Short;10;217;49,309;-0,02;-0,209;152;50,0;0,052;0,471;1,112;1,181;-0,209;False;2,575;0
USD/JPY;Valute;Prezzo vs SMA200 + filtro VIX;Solo long;60;27;51,852;1,333;0,878;23;65,217;1,249;-0,21;2,089;4,261;-0,21;False;5,734;0
USD/JPY;Valute;Breakout Donchian 20;Solo long;3;469;49,467;0,038;0,311;397;55,416;0,059;-0,21;1,182;3,471;-0,21;False;1,767;0
Euro Stoxx 50;Indici;Momentum 10g;Solo short;40;51;43,137;-0,849;-0,21;36;38,889;-1,265;0,204;0,651;-6,758;-0,21;False;10,466;0
Ethereum;Cripto;EMA 50/200 + filtro VIX;Solo long;5;20;40,0;-0,298;-0,21;260;53,846;1,376;0,582;1,514;53,035;-0,21;False;14,415;0
EUR/CHF;Valute;Momentum 10g;Solo long;10;167;43,114;-0,101;0,038;111;47,748;-0,092;-0,21;0,762;-1,515;-0,21;False;1,682;0
USD/JPY;Valute;Prezzo vs SMA20;Solo short;60;36;52,778;-0,608;-0,101;24;33,333;-1,658;-0,21;0,366;-5,899;-0,21;False;8,148;0
FTSE MIB;Indici;Momentum 120g;Solo short;10;111;48,649;-0,149;-0,197;43;41,86;-0,73;-0,211;0,734;-4,654;-0,211;False;8,92;0
Argento;Commodities;Reversione RSI2;Solo short;60;32;50,0;-1,141;-0,119;23;34,783;-7,516;-0,211;0,342;-25,635;-0,211;False;26,938;0
Petrolio WTI;Commodities;ADX>20 + direzione DI;Long+Short;20;94;44,681;-0,208;-0,211;60;50,0;-0,746;-0,192;0,887;-6,641;-0,211;False;17,262;0
FTSE MIB;Indici;Momentum 5g;Solo short;60;37;43,243;-0,744;-0,211;26;23,077;-3,594;-0,01;0,379;-13,862;-0,211;False;16,551;0
EUR/USD;Valute;Momentum 120g;Long+Short;60;41;63,415;0,868;1,428;28;57,143;-0,114;-0,211;0,909;-0,475;-0,211;False;5,687;0
Ethereum;Cripto;Momentum 10g;Long+Short;10;59;49,153;0,534;0,294;245;45,306;0,05;-0,211;1,01;1,823;-0,211;False;21,839;0
Petrolio WTI;Commodities;EMA 20/50;Long+Short;10;232;50,0;0,129;0,318;168;46,429;-0,178;-0,212;0,947;-4,425;-0,212;False;11,551;0
Oro;Commodities;EMA 50/200;Long+Short;20;116;43,966;0,164;0,347;84;51,19;0,702;-0,212;1,467;8,743;-0,212;False;6,929;0
Gas naturale;Commodities;Momentum 120g + filtro VIX;Solo long;60;24;58,333;0,679;0,504;21;57,143;4,444;-0,212;1,401;13,84;-0,212;False;32,993;0
EUR/CHF;Valute;EMA 10/30;Solo short;20;87;44,828;0,156;-0,212;63;49,206;0,14;-0,059;1,452;1,305;-0,212;False;2,137;0
Bitcoin;Cripto;Prezzo vs SMA20;Long+Short;5;347;52,738;1,08;2,102;491;46,232;-0,011;-0,213;0,996;-0,809;-0,213;False;11,719;0
USD/JPY;Valute;Reversione RSI2;Solo long;40;49;48,98;0,734;0,64;34;64,706;0,79;-0,213;1,815;3,984;-0,213;False;5,249;0
Gas naturale;Commodities;Momentum 120g;Long+Short;20;116;49,138;0,205;0,158;84;48,81;-0,194;-0,213;0,974;-2,416;-0,213;False;23,923;0
Oro;Commodities;Momentum 120g;Solo short;20;64;51,562;-0,04;0,488;27;40,741;-1,524;-0,213;0,46;-6,102;-0,213;False;7,752;0
FTSE MIB;Indici;EMA 10/30;Solo long;40;48;58,333;0,217;-0,213;38;68,421;1,909;-0,203;2,039;10,763;-0,213;False;14,496;0
Euro Stoxx 50;Indici;Momentum 20g;Long+Short;40;58;53,448;-0,111;-0,214;41;48,78;0,758;0,465;1,357;4,609;-0,214;False;10,817;0
GBP/USD;Valute;Prezzo vs SMA200 + filtro VIX;Solo long;10;111;51,351;-0,099;-0,197;108;46,296;-0,005;-0,214;0,99;-0,083;-0,214;False;2,253;0
Petrolio WTI;Commodities;Reversione RSI2;Long+Short;1;624;47,436;-0,015;-0,214;449;53,007;0,054;0,37;1,055;3,58;-0,214;False;3,58;0
Bitcoin;Cripto;EMA 50/200 + filtro VIX;Long+Short;3;487;54,004;0,593;1,306;669;48,879;0,12;-0,215;1,071;11,894;-0,215;False;8,749;0
DAX;Indici;Prezzo vs SMA20;Solo short;60;34;44,118;-1,317;0,539;24;37,5;-3,253;-0,215;0,209;-11,582;-0,215;False;11,854;0
Gas naturale;Commodities;Momentum 120g;Solo short;40;40;57,5;1,257;0,33;26;42,308;-5,058;-0,216;0,604;-19,501;-0,216;False;48,396;0
USD/JPY;Valute;Fine/inizio mese;Long+Short;20;111;49,55;0,206;0,16;80;61,25;0,385;-0,216;1,507;4,57;-0,216;False;4,237;0
USD/JPY;Valute;Fine/inizio mese;Solo long;20;111;49,55;0,206;0,16;80;61,25;0,385;-0,216;1,507;4,57;-0,216;False;4,237;0
EUR/USD;Valute;Breakout Donchian 55 + filtro VIX;Long+Short;20;112;51,786;-0,035;-0,216;79;55,696;0,141;0,591;1,199;1,65;-0,216;False;3,337;0
Bitcoin;Cripto;Prezzo vs SMA20;Solo short;60;26;42,308;-18,527;-0,216;36;47,222;-8,316;0,235;0,451;-44,395;-0,216;False;71,19;0
FTSE MIB;Indici;Momentum 20g;Solo long;40;51;54,902;0,331;-0,081;38;60,526;1,931;-0,216;2,238;10,888;-0,216;False;12,791;0
GBP/USD;Valute;Momentum 5g;Solo short;20;107;51,402;0,089;-0,217;78;47,436;-0,112;-0,181;0,901;-1,301;-0,217;False;3,752;0
Euro Stoxx 50;Indici;Prezzo vs SMA50;Solo long;40;47;57,447;0,457;-0,217;38;60,526;1,474;-0,097;2,03;8,307;-0,217;False;11,352;0
GBP/USD;Valute;Prezzo vs SMA100;Solo long;60;29;51,724;-0,39;-0,014;23;52,174;0,088;-0,217;1,078;0,301;-0,217;False;6,314;0
Gas naturale;Commodities;Breakout Donchian 55 + filtro VIX;Solo short;20;60;48,333;0,422;0,148;41;41,463;-2,552;-0,217;0,695;-15,518;-0,217;False;23,731;0
Oro;Commodities;Momentum 60g + filtro VIX;Long+Short;3;666;49,55;-0,013;-0,218;463;51,188;0,123;0,907;1,202;8,471;-0,218;False;2,546;0
Ethereum;Cripto;Momentum 10g;Solo short;1;320;51,562;0,23;0,931;1125;44,0;-0,235;-0,218;0,851;-39,27;-0,218;False;5,895;0
GBP/USD;Valute;Momentum 60g + filtro VIX;Solo long;10;126;48,413;-0,099;-0,203;104;47,115;-0,007;-0,219;0,988;-0,1;-0,219;False;2,534;0
Argento;Commodities;Prezzo vs SMA20;Solo long;10;148;49,324;0,443;0,776;124;53,226;0,765;-0,219;1,343;14,072;-0,219;False;7,973;0
Petrolio WTI;Commodities;EMA 20/50;Solo short;3;362;49,724;-0,041;-0,219;289;46,021;-0,064;0,274;0,968;-2,737;-0,219;False;6,763;0
EUR/USD;Valute;Momentum 60g;Solo long;20;77;50,649;-0,149;0,063;55;43,636;-0,005;-0,219;0,994;-0,043;-0,219;False;3,428;0
Nasdaq 100;Indici;Momentum 10g;Solo long;60;38;76,316;3,956;0,033;26;73,077;4,693;-0,219;4,596;18,101;-0,219;False;14,198;0
Oro;Commodities;Momentum 10g;Solo long;40;53;50,943;0,52;-0,219;38;71,053;3,104;0,46;4,266;17,49;-0,219;False;8,021;0
Oro;Commodities;EMA 20/50;Solo long;10;128;50,781;0,087;-0,219;119;59,664;0,699;0,267;1,73;12,341;-0,219;False;4,941;0
USD/JPY;Valute;Momentum 120g;Solo short;20;71;47,887;-0,168;0,003;36;41,667;-0,525;-0,219;0,514;-2,801;-0,219;False;4,239;0
FTSE MIB;Indici;Prezzo vs SMA20;Solo short;60;35;31,429;-0,809;-0,22;25;20,0;-3,917;-0,179;0,344;-14,53;-0,22;False;15,449;0
USD/JPY;Valute;Prezzo vs SMA20;Solo long;20;100;54,0;0,111;-0,22;74;56,757;0,469;0,08;1,691;5,152;-0,22;False;4,358;0
Petrolio WTI;Commodities;Momentum 20g;Solo long;5;277;55,235;-0,04;-0,22;208;58,173;0,676;0,866;1,362;20,838;-0,22;False;7,752;0
USD/JPY;Valute;SMA200 + Momentum20 concordi;Solo long;60;27;44,444;1,141;0,672;23;60,87;1,25;-0,22;2,108;4,262;-0,22;False;6,19;0
Nasdaq 100;Indici;Reversione RSI2 nel trend SMA200;Long+Short;3;118;52,542;0,077;-0,221;83;61,446;0,268;0,602;1,339;3,298;-0,221;False;3,201;0
Petrolio WTI;Commodities;Reversione RSI2;Solo long;1;290;49,31;-0,051;-0,221;180;56,667;0,254;0,894;1,252;6,78;-0,221;False;4,15;0
FTSE MIB;Indici;Breakout Donchian 20;Solo long;40;44;59,091;0,5;0,071;35;74,286;1,961;-0,221;2,612;10,181;-0,221;False;13,181;0
Oro;Commodities;Reversione RSI2 nel trend SMA200;Long+Short;40;42;47,619;0,296;0,277;26;57,692;0,941;-0,221;1,418;3,628;-0,221;False;11,432;0
FTSE MIB;Indici;ADX>25 + direzione DI;Solo short;1;486;49,383;0,024;-0,222;193;40,415;-0,018;-0,147;0,972;-0,51;-0,222;False;2,482;0
FTSE MIB;Indici;Momentum 120g + filtro VIX;Solo short;5;173;48,555;-0,003;-0,007;48;43,75;-0,33;-0,222;0,788;-2,352;-0,222;False;5,23;0
Gas naturale;Commodities;Prezzo vs SMA200 + filtro VIX;Long+Short;60;39;51,282;-0,34;-0,177;26;53,846;-0,001;-0,222;1,0;-0,003;-0,222;False;38,43;0
USD/JPY;Valute;Momentum 120g + filtro VIX;Solo long;5;234;53,846;0,134;1,113;196;57,653;0,095;-0,222;1,229;2,767;-0,222;False;2,128;0
DAX;Indici;Prezzo vs SMA200;Solo long;5;344;56,395;0,12;-0,222;275;55,273;0,183;-0,087;1,286;7,474;-0,222;False;3,617;0
Argento;Commodities;Fine/inizio mese;Long+Short;10;111;45,946;-0,02;-0,222;80;57,5;1,757;0,858;1,718;20,844;-0,222;False;8,68;0
Argento;Commodities;Fine/inizio mese;Solo long;10;111;45,946;-0,02;-0,222;80;57,5;1,757;0,858;1,718;20,844;-0,222;False;8,68;0
Petrolio WTI;Commodities;ADX>25 + direzione DI;Solo short;20;47;51,064;0,431;0,35;26;53,846;-2,619;-0,223;0,656;-10,097;-0,223;False;18,308;0
EUR/CHF;Valute;Prezzo vs SMA20;Solo long;40;52;40,385;-0,409;0,072;35;42,857;-0,357;-0,223;0,58;-1,853;-0,223;False;3,662;0
USD/JPY;Valute;Breakout Donchian 55 + filtro VIX;Long+Short;40;58;51,724;0,625;1,183;41;56,098;0,157;-0,223;1,11;0,957;-0,223;False;5,531;0
EUR/USD;Valute;Breakout Donchian 20;Long+Short;3;801;48,939;-0,005;-0,176;584;49,658;-0,007;-0,223;0,977;-0,619;-0,223;False;1,494;0
GBP/USD;Valute;Prezzo vs SMA50;Solo long;20;82;54,878;-0,154;-0,071;60;53,333;-0,004;-0,223;0,995;-0,035;-0,223;False;3,33;0
USD/JPY;Valute;ADX>25 + direzione DI;Solo short;40;26;46,154;-0,551;-0,224;22;31,818;-0,556;0,363;0,717;-1,813;-0,224;False;6,232;0
USD/JPY;Valute;Reversione RSI2;Solo long;5;144;54,861;0,209;1,632;85;54,118;0,081;-0,224;1,164;1,026;-0,224;False;2,333;0
EUR/USD;Valute;ADX>20 + direzione DI;Long+Short;60;36;47,222;0,101;0,231;24;50,0;-0,175;-0,225;0,884;-0,621;-0,225;False;6,762;0
Gas naturale;Commodities;Reversione RSI2 nel trend SMA200;Solo long;5;45;42,222;0,548;0,741;40;42,5;0,144;-0,225;1,047;0,857;-0,225;False;10,384;0
Oro;Commodities;Momentum 60g + filtro VIX;Long+Short;10;209;50,718;-0,042;-0,225;149;55,705;0,439;0,765;1,413;9,695;-0,225;False;4,614;0
Petrolio WTI;Commodities;Prezzo vs SMA50;Solo long;20;84;48,81;-0,071;-0,226;56;53,571;2,416;0,481;1,727;20,066;-0,226;False;15,359;0
Argento;Commodities;EMA 50/200;Solo long;20;40;40,0;0,626;0,27;66;46,97;1,677;-0,226;1,618;16,417;-0,226;False;11,654;0
USD/JPY;Valute;Reversione RSI2;Solo short;60;34;50,0;-0,707;-0,226;26;42,308;-0,862;0,695;0,595;-3,325;-0,226;False;8,347;0
EUR/CHF;Valute;Momentum 120g + filtro VIX;Solo short;40;44;61,364;0,537;0,178;32;56,25;0,222;-0,226;1,377;1,055;-0,226;False;2,848;0
EUR/CHF;Valute;Fine/inizio mese;Long+Short;40;56;39,286;-0,521;-0,226;39;38,462;-0,308;-0,064;0,545;-1,78;-0,226;False;3,796;0
EUR/CHF;Valute;Fine/inizio mese;Solo long;40;56;39,286;-0,521;-0,226;39;38,462;-0,308;-0,064;0,545;-1,78;-0,226;False;3,796;0
GBP/USD;Valute;Breakout Donchian 20;Long+Short;5;481;48,649;-0,012;-0,228;350;50,286;0,008;0,1;1,017;0,394;-0,228;False;1,923;0
EUR/CHF;Valute;Prezzo vs SMA200;Solo short;40;43;60,465;0,627;0,453;35;54,286;0,234;-0,228;1,498;1,212;-0,228;False;2,517;0
Argento;Commodities;Breakout Donchian 55;Solo short;20;67;47,761;-0,445;-0,217;34;35,294;-2,237;-0,228;0,492;-11,281;-0,228;False;13,076;0
Petrolio WTI;Commodities;Breakout Donchian 20;Solo short;60;30;50,0;0,058;0,025;20;50,0;-7,805;-0,228;0,527;-23,147;-0,228;False;26,786;0
EUR/CHF;Valute;Momentum 60g + filtro VIX;Solo short;60;32;56,25;0,643;-0,043;23;60,87;0,364;-0,228;1,712;1,242;-0,228;False;3,753;0
S&P 500;Indici;Reversione RSI2;Solo long;1;224;52,679;0,011;-0,228;167;56,287;0,235;1,822;1,619;5,812;-0,228;False;1,908;0
Petrolio WTI;Commodities;Prezzo vs SMA50;Solo short;5;243;47,737;-0,082;-0,229;188;45,745;-0,091;0,351;0,967;-2,533;-0,229;False;8,68;0
USD/JPY;Valute;EMA 50/200;Long+Short;20;121;51,24;-0,032;-0,229;86;55,814;0,243;0,251;1,295;3,095;-0,229;False;4,004;0
EUR/USD;Valute;Momentum 60g + filtro VIX;Long+Short;40;58;53,448;-0,075;-0,229;41;46,341;0,14;0,298;1,132;0,853;-0,229;False;5,463;0
EUR/USD;Valute;Momentum 120g;Solo short;20;77;57,143;0,157;-0,031;49;55,102;-0,136;-0,229;0,863;-0,986;-0,229;False;3,543;0
Nasdaq 100;Indici;Momentum 5g;Solo short;60;37;16,216;-4,148;-0,229;26;23,077;-4,866;0,111;0,165;-18,771;-0,229;False;13,573;0
Ethereum;Cripto;Momentum 10g;Solo long;3;103;49,515;-0,118;-0,231;506;50,198;0,745;0,396;1,333;55,914;-0,231;False;10,459;0
GBP/USD;Valute;Breakout Donchian 20;Solo long;20;67;55,224;-0,199;-0,231;56;57,143;0,076;0,084;1,107;0,629;-0,231;False;3,333;0
DAX;Indici;Momentum 60g;Solo short;40;33;27,273;-1,881;-0,231;25;32,0;-2,128;-0,158;0,528;-7,892;-0,231;False;14,421;0
Gas naturale;Commodities;Prezzo vs SMA20;Solo short;10;166;49,398;0,01;-0,231;115;49,565;-1,147;-0,175;0,808;-19,56;-0,231;False;20,424;0
EUR/CHF;Valute;EMA 10/30;Solo short;60;33;51,515;0,523;-0,231;24;62,5;0,432;-0,042;1,7;1,536;-0,231;False;3,499;0
Petrolio WTI;Commodities;EMA 20/50;Solo short;20;63;46,032;-0,417;-0,231;50;52,0;-1,921;-0,108;0,685;-14,245;-0,231;False;18,595;0
GBP/USD;Valute;Momentum 60g;Long+Short;20;121;56,198;0,29;1,454;86;45,349;-0,062;-0,231;0,936;-0,794;-0,231;False;3,738;0
Nasdaq 100;Indici;EMA 50/200 + filtro VIX;Solo long;60;37;83,784;3,661;-0,232;22;77,273;5,507;0,298;6,599;17,974;-0,232;False;14,966;0
EUR/USD;Valute;Breakout Donchian 55;Solo long;20;62;41,935;-0,231;-0,232;49;51,02;0,127;0,243;1,176;0,926;-0,232;False;3,326;0
Nasdaq 100;Indici;Momentum 5g;Solo long;40;57;68,421;2,548;-0,232;40;77,5;3,24;0,033;2,945;19,23;-0,232;False;10,281;0
GBP/USD;Valute;Momentum 5g;Solo long;60;39;48,718;-0,508;-0,232;27;55,556;0,45;0,289;1,344;1,802;-0,232;False;6,777;0
Oro;Commodities;Prezzo vs SMA200 + filtro VIX;Long+Short;5;407;50,614;-0,011;-0,154;287;50,523;0,104;-0,233;1,127;4,427;-0,233;False;3,42;0
FTSE MIB;Indici;Momentum 20g;Solo long;60;36;47,222;-0,017;-0,233;25;72,0;4,03;0,305;3,98;14,948;-0,233;False;14,944;0
Euro Stoxx 50;Indici;Momentum 10g;Solo short;20;89;43,82;-0,44;-0,233;66;42,424;-0,62;0,267;0,69;-6,068;-0,233;False;7,776;0
EUR/CHF;Valute;EMA 50/200 + filtro VIX;Long+Short;5;424;47,406;0,012;-0,233;292;55,822;0,015;-0,158;1,065;0,641;-0,233;False;1,178;0
Gas naturale;Commodities;Reversione RSI2;Solo short;1;278;53,237;0,098;-0,018;230;50,435;-0,021;-0,233;0,988;-0,7;-0,233;False;5,01;0
Argento;Commodities;Breakout Donchian 55 + filtro VIX;Solo long;3;339;47,198;-0,037;-0,212;316;52,215;0,132;-0,233;1,104;6,176;-0,233;False;4,618;0
Petrolio WTI;Commodities;Prezzo vs SMA200;Solo short;40;38;47,368;-0,774;-0,233;28;39,286;-3,13;0,088;0,606;-12,996;-0,233;False;26,608;0
Ethereum;Cripto;Momentum 5g;Solo long;3;112;48,214;-0,117;-0,233;539;49,907;0,558;-0,206;1,248;44,57;-0,233;False;10,558;0
Gas naturale;Commodities;Reversione RSI2 nel trend SMA200;Solo short;10;52;48,077;-0,068;-0,234;27;55,556;-1,331;-0,181;0,752;-5,33;-0,234;False;15,555;0
GBP/USD;Valute;EMA 20/50;Solo short;20;71;54,93;0,067;-0,235;44;54,545;0,033;0,244;1,035;0,215;-0,235;False;3,407;0
USD/JPY;Valute;Prezzo vs SMA20;Solo long;10;173;50,867;0,062;-0,128;136;56,618;0,191;-0,235;1,34;3,848;-0,235;False;3,003;0
GBP/USD;Valute;EMA 50/200 + filtro VIX;Solo long;20;48;47,917;-0,108;0,088;56;51,786;-0,001;-0,235;0,999;-0,006;-0,235;False;3,289;0
Argento;Commodities;Prezzo vs SMA20;Solo long;3;404;50,743;0,21;1,51;349;50,716;0,132;-0,235;1,099;6,85;-0,235;False;4,459;0
Gas naturale;Commodities;SMA200 + Momentum20 concordi;Solo long;20;51;39,216;-0,652;-0,235;42;54,762;1,519;-0,128;1,205;9,464;-0,235;False;23,464;0
Gas naturale;Commodities;Momentum 10g;Solo long;10;158;45,57;-0,105;0,062;122;52,459;0,657;-0,235;1,144;11,884;-0,235;False;16,527;0
EUR/USD;Valute;Breakout Donchian 20;Long+Short;10;241;47,718;-0,023;-0,235;174;49,425;0,018;0,139;1,032;0,455;-0,235;False;2,389;0
FTSE MIB;Indici;Prezzo vs SMA20;Solo long;60;38;52,632;0,005;-0,236;26;76,923;3,836;0,184;3,745;14,798;-0,236;False;16,353;0
DAX;Indici;Reversione RSI2;Solo long;60;31;54,839;2,282;0,102;22;68,182;2,552;-0,236;2,111;8,328;-0,236;False;17,293;0
GBP/USD;Valute;EMA 10/30;Solo short;40;49;46,939;0,155;-0,236;31;41,935;-0,151;-0,042;0,89;-0,693;-0,236;False;4,574;0
Bitcoin;Cripto;ADX>20 + direzione DI;Solo long;3;291;61,168;1,055;1,061;347;50,432;0,368;-0,236;1,198;18,958;-0,236;False;8,917;0
Petrolio WTI;Commodities;Momentum 60g;Long+Short;5;463;53,78;0,084;0,422;338;47,041;-0,101;-0,236;0,958;-5,051;-0,236;False;8,731;0
Petrolio WTI;Commodities;Prezzo vs SMA20;Solo short;60;35;45,714;-0,672;-0,236;25;44,0;-4,111;0,257;0,6;-15,241;-0,236;False;28,721;0
EUR/USD;Valute;Prezzo vs SMA100;Solo long;60;28;35,714;-0,615;-0,237;20;50,0;0,437;0,255;1,377;1,296;-0,237;False;5,83;0
Petrolio WTI;Commodities;Prezzo vs SMA20;Solo long;60;36;52,778;-0,631;-0,237;25;56,0;6,019;0,166;2,427;22,315;-0,237;False;25,52;0
EUR/CHF;Valute;Prezzo vs SMA50;Solo short;20;88;47,727;0,177;-0,14;67;55,224;0,116;-0,237;1,33;1,154;-0,237;False;2,286;0
GBP/USD;Valute;EMA 10/30;Solo long;60;33;51,515;-0,524;-0,237;22;45,455;0,088;-0,223;1,079;0,286;-0,237;False;6,701;0
Ethereum;Cripto;Momentum 10g;Solo short;10;43;60,465;1,49;0,856;171;46,784;-2,371;-0,237;0,616;-60,135;-0,237;False;23,201;0
Nasdaq 100;Indici;Prezzo vs SMA50;Solo long;40;53;71,698;2,556;-0,237;35;71,429;3,628;0,338;3,444;18,839;-0,237;False;9,189;0
FTSE MIB;Indici;Prezzo vs SMA50;Solo long;60;35;45,714;0,051;-0,238;26;76,923;3,841;0,197;3,955;14,816;-0,238;False;15,078;0
Ethereum;Cripto;Breakout Donchian 55;Long+Short;3;195;50,256;0,448;0,86;820;49,634;0,1;-0,239;1,04;12,191;-0,239;False;10,643;0
Gas naturale;Commodities;Momentum 60g;Solo long;20;73;41,096;0,526;0,603;59;45,763;1,314;-0,239;1,2;11,495;-0,239;False;19,73;0
Ethereum;Cripto;Breakout Donchian 55;Long+Short;20;30;70,0;3,228;0,897;122;46,721;0,739;-0,239;1,099;13,369;-0,239;False;33,446;0
EUR/CHF;Valute;Reversione RSI2;Long+Short;10;162;51,235;-0,043;-0,24;118;55,085;0,061;0,725;1,189;1,062;-0,24;False;1,853;0
USD/JPY;Valute;EMA 10/30;Solo long;5;258;50,388;0,038;-0,007;226;56,637;0,096;-0,24;1,24;3,23;-0,24;False;2,173;0
EUR/CHF;Valute;Reversione RSI2;Solo long;20;70;45,714;-0,279;-0,24;56;48,214;-0,074;0,42;0,862;-0,617;-0,24;False;3,552;0
USD/JPY;Valute;EMA 20/50;Long+Short;5;481;49,688;-0,012;-0,24;350;53,143;0,046;0,162;1,099;2,407;-0,24;False;2,175;0
Gas naturale;Commodities;Momentum 20g;Solo long;5;260;44,615;-0,214;-0,241;217;53,456;0,644;0,315;1,195;20,71;-0,241;False;11,099;0
EUR/CHF;Valute;Momentum 120g + filtro VIX;Solo short;60;29;68,966;0,942;0,482;24;62,5;0,364;-0,241;1,691;1,296;-0,241;False;3,262;0
USD/JPY;Valute;Momentum 20g;Long+Short;20;121;43,802;-0,049;-0,242;86;52,326;0,31;0,942;1,392;3,95;-0,242;False;4,004;0
Ethereum;Cripto;Reversione RSI2;Solo long;1;81;53,086;-0,158;-0,242;248;58,871;0,502;0,766;1,295;18,469;-0,242;False;9,191;0
Oro;Commodities;Momentum 120g;Long+Short;5;463;52,052;0,086;0,812;338;54,142;0,109;-0,243;1,125;5,478;-0,243;False;3,638;0
Petrolio WTI;Commodities;Momentum 20g;Solo long;3;444;50,676;-0,04;-0,243;327;54,128;0,368;0,786;1,25;17,827;-0,243;False;6,498;0
GBP/USD;Valute;Reversione RSI2 nel trend SMA200;Solo long;10;46;45,652;-0,042;0,108;41;53,659;-0,025;-0,243;0,951;-0,155;-0,243;False;2,412;0
Oro;Commodities;Momentum 120g;Solo long;60;31;51,613;0,778;-0,243;24;62,5;3,953;-0,038;3,153;14,069;-0,243;False;10,49;0
FTSE MIB;Indici;Prezzo vs SMA200;Long+Short;20;117;47,863;-0,117;-0,244;85;57,647;0,582;-0,007;1,368;7,337;-0,244;False;9,895;0
Petrolio WTI;Commodities;Momentum 60g + filtro VIX;Solo short;20;65;46,154;-0,389;-0,245;49;53,061;-1,648;-0,011;0,634;-11,976;-0,245;False;17,818;0
Oro;Commodities;Prezzo vs SMA200 + filtro VIX;Long+Short;20;108;53,704;0,156;0,39;76;53,947;0,56;-0,245;1,311;6,316;-0,245;False;6,752;0
Nasdaq 100;Indici;Reversione RSI2;Solo long;1;226;50,0;0,009;-0,245;157;50,318;0,141;0,727;1,288;3,291;-0,245;False;1,988;0
FTSE MIB;Indici;Prezzo vs SMA200;Solo long;3;462;53,896;-0,04;-0,245;441;54,875;0,111;0,061;1,197;7,27;-0,245;False;3,054;0
Oro;Commodities;ADX>25 + direzione DI;Long+Short;20;61;45,902;0,236;0,385;49;55,102;0,221;-0,246;1,153;1,603;-0,246;False;7,094;0
FTSE MIB;Indici;Momentum 5g;Solo long;60;38;63,158;0,892;0,296;27;74,074;3,113;-0,246;2,411;12,468;-0,246;False;15,383;0
Argento;Commodities;SMA200 + Momentum20 concordi;Solo short;3;361;49,861;0,156;1,261;128;40,625;-0,272;-0,246;0,823;-5,154;-0,246;False;3,605;0
Bitcoin;Cripto;Prezzo vs SMA20;Long+Short;3;578;52,422;0,618;1,952;820;49,634;-0,008;-0,247;0,996;-0,988;-0,247;False;8,327;0
EUR/USD;Valute;Prezzo vs SMA200;Long+Short;10;241;54,357;0,025;0,165;174;47,701;-0,026;-0,247;0,955;-0,672;-0,247;False;2,629;0
Gas naturale;Commodities;Momentum 120g;Solo long;10;121;47,107;0,196;0,475;108;50,0;0,608;-0,247;1,13;9,732;-0,247;False;15,141;0
Petrolio WTI;Commodities;Prezzo vs SMA50;Long+Short;3;772;50,648;-0,031;-0,247;563;50,266;0,041;0,17;1,022;3,434;-0,247;False;6,296;0
Petrolio WTI;Commodities;Breakout Donchian 20;Solo long;5;265;52,83;-0,049;-0,247;170;53,529;0,711;0,892;1,391;17,929;-0,247;False;7,48;0
EUR/USD;Valute;EMA 50/200 + filtro VIX;Long+Short;5;425;48,0;-0,001;-0,119;292;51,712;-0,012;-0,248;0,968;-0,508;-0,248;False;1,833;0
DAX;Indici;Fine/inizio mese;Long+Short;20;100;59,0;0,606;-0,248;75;64,0;0,954;0,096;1,662;10,612;-0,248;False;9,199;0
DAX;Indici;Fine/inizio mese;Solo long;20;100;59,0;0,606;-0,248;75;64,0;0,954;0,096;1,662;10,612;-0,248;False;9,199;0
EUR/USD;Valute;Prezzo vs SMA100;Solo short;40;44;54,545;0,183;-0,248;32;46,875;-0,266;-0,204;0,812;-1,262;-0,248;False;5,402;0
EUR/USD;Valute;EMA 20/50;Solo short;40;41;48,78;0,194;-0,249;29;51,724;-0,158;-0,014;0,866;-0,677;-0,249;False;5,142;0
Argento;Commodities;Prezzo vs SMA200;Solo short;3;497;49,698;-0,01;-0,113;189;43,915;-0,254;-0,249;0,828;-7,107;-0,249;False;4,026;0
GBP/USD;Valute;Momentum 60g + filtro VIX;Solo short;20;77;48,052;0,134;-0,005;47;48,936;-0,136;-0,25;0,855;-0,945;-0,25;False;3,355;0
Argento;Commodities;Momentum 60g + filtro VIX;Solo long;10;117;43,59;-0,026;-0,25;102;52,941;0,713;-0,231;1,284;10,791;-0,25;False;7,917;0
USD/JPY;Valute;Momentum 60g + filtro VIX;Long+Short;3;688;50,291;0,041;1,083;484;50,826;0,014;-0,25;1,04;1,023;-0,25;False;1,685;0
DAX;Indici;Prezzo vs SMA20;Solo short;10;140;42,857;-0,415;-0,251;101;41,584;-0,339;0,2;0,784;-5,079;-0,251;False;5,365;0
Ethereum;Cripto;Breakout Donchian 55 + filtro VIX;Solo short;1;375;53,067;0,088;0,393;549;46,448;-0,246;-0,251;0,82;-20,061;-0,251;False;5,464;0
FTSE MIB;Indici;Momentum 120g + filtro VIX;Solo short;3;271;47,232;-0,016;-0,202;78;42,308;-0,18;-0,251;0,836;-2,077;-0,251;False;4,049;0
Bitcoin;Cripto;Breakout Donchian 55 + filtro VIX;Solo long;3;352;58,239;1,122;1,24;441;50,113;0,381;-0,251;1,244;24,892;-0,251;False;9,16;0
Gas naturale;Commodities;Fine/inizio mese;Long+Short;60;37;37,838;-1,382;-0,184;26;53,846;4,612;-0,251;1,483;17,783;-0,251;False;32,332;0
Gas naturale;Commodities;Fine/inizio mese;Solo long;60;37;37,838;-1,382;-0,184;26;53,846;4,612;-0,251;1,483;17,783;-0,251;False;32,332;0
Petrolio WTI;Commodities;SMA200 + Momentum20 concordi;Solo short;40;36;47,222;-0,874;-0,252;24;41,667;-3,265;0,043;0,595;-11,621;-0,252;False;27,07;0
Nasdaq 100;Indici;Momentum 120g;Solo short;20;29;24,138;-1,511;-0,252;21;52,381;-0,953;0,343;0,765;-2,968;-0,252;False;8,993;0
Petrolio WTI;Commodities;EMA 20/50;Solo short;5;220;48,636;-0,099;-0,252;177;48,588;-0,096;0,413;0,959;-2,511;-0,252;False;8,608;0
FTSE MIB;Indici;Momentum 120g;Solo long;60;29;65,517;1,299;0,556;25;72,0;3,142;-0,253;2,711;11,655;-0,253;False;14,344;0
EUR/USD;Valute;EMA 10/30;Solo short;40;47;51,064;0,206;-0,253;32;50,0;-0,238;-0,163;0,813;-1,13;-0,253;False;5,023;0
GBP/USD;Valute;Momentum 60g;Solo long;3;410;48,293;-0,022;-0,085;344;47,965;-0,006;-0,253;0,981;-0,288;-0,253;False;1,48;0
Oro;Commodities;Breakout Donchian 20;Long+Short;40;58;46,552;-0,226;-0,253;42;59,524;2,094;1,353;2,312;13,042;-0,253;False;10,52;0
Gas naturale;Commodities;EMA 20/50;Solo long;40;37;40,541;-1,249;-0,253;29;51,724;4,607;0,122;1,546;19,812;-0,253;False;31,357;0
Argento;Commodities;Prezzo vs SMA20;Solo short;60;34;55,882;2,139;1,544;24;41,667;-7,644;-0,253;0,334;-27,206;-0,253;False;26,997;0
USD/JPY;Valute;EMA 50/200 + filtro VIX;Long+Short;60;39;46,154;-0,057;-0,253;27;59,259;0,529;-0,083;1,386;2,119;-0,253;False;7,085;0
FTSE MIB;Indici;Breakout Donchian 55 + filtro VIX;Solo long;60;27;55,556;1,753;0,907;23;82,609;3,128;-0,254;2,681;10,673;-0,254;False;13,161;0
Oro;Commodities;Momentum 120g;Solo long;40;43;53,488;0,496;-0,255;35;60,0;2,862;0,148;2,928;14,856;-0,255;False;8,52;0
Petrolio WTI;Commodities;Momentum 10g;Solo long;40;53;58,491;1,052;0,55;39;61,538;2,579;-0,255;1,416;14,917;-0,255;False;21,184;0
Argento;Commodities;Prezzo vs SMA200 + filtro VIX;Long+Short;20;108;45,37;0,37;0,651;77;50,649;0,517;-0,256;1,134;5,905;-0,256;False;12,477;0
Gas naturale;Commodities;Momentum 120g;Solo long;5;229;48,035;-0,066;0,142;204;50,98;0,233;-0,256;1,061;7,037;-0,256;False;12,755;0
Oro;Commodities;SMA200 + Momentum20 concordi;Solo long;20;59;45,763;0,178;-0,256;62;59,677;1,28;-0,036;2,198;11,771;-0,256;False;6,554;0
Euro Stoxx 50;Indici;Reversione RSI2;Solo long;10;98;55,102;0,69;1,399;72;59,722;0,22;-0,256;1,147;2,354;-0,256;False;6,18;0
GBP/USD;Valute;Momentum 60g;Solo long;40;42;54,762;-0,146;0,236;33;48,485;0,015;-0,256;1,014;0,072;-0,256;False;4,346;0
Gas naturale;Commodities;EMA 50/200 + filtro VIX;Solo long;3;270;48,148;-0,178;-0,257;228;51,316;0,642;0,885;1,265;21,707;-0,257;False;8,166;0
Gas naturale;Commodities;Prezzo vs SMA20;Long+Short;60;39;51,282;-0,997;-0,257;27;40,741;3,155;0,35;1,254;12,634;-0,257;False;40,934;0
Oro;Commodities;Momentum 60g;Solo short;5;240;47,917;-0,028;0,222;124;40,323;-0,343;-0,258;0,694;-6,305;-0,258;False;3,285;0
USD/JPY;Valute;Momentum 120g + filtro VIX;Solo short;5;220;47,273;-0,05;-0,146;108;44,444;-0,144;-0,258;0,73;-2,313;-0,258;False;2,058;0
USD/JPY;Valute;Reversione RSI2;Solo long;20;78;48,718;0,34;0,583;49;57,143;0,347;-0,258;1,46;2,525;-0,258;False;4,192;0
USD/JPY;Valute;EMA 20/50;Long+Short;10;241;48,548;-0,026;-0,259;174;57,471;0,187;0,876;1,323;4,833;-0,259;False;2,913;0
Ethereum;Cripto;Breakout Donchian 20;Long+Short;1;583;49,4;-0,005;-0,033;2462;47,766;0,01;-0,259;1,007;3,502;-0,259;False;5,942;0
EUR/CHF;Valute;SMA200 + Momentum20 concordi;Solo short;20;69;49,275;0,446;0,857;56;55,357;0,107;-0,26;1,268;0,888;-0,26;False;2,321;0
Nasdaq 100;Indici;Momentum 5g;Long+Short;10;232;54,741;0,095;-0,26;168;54,167;0,172;0,082;1,115;4,289;-0,26;False;5,592;0
FTSE MIB;Indici;Prezzo vs SMA20;Solo short;3;421;46,318;0,007;-0,086;260;39,615;-0,149;-0,26;0,841;-5,736;-0,26;False;3,617;0
Petrolio WTI;Commodities;EMA 20/50;Long+Short;20;116;54,31;0,995;1,193;84;51,19;-0,374;-0,26;0,922;-4,664;-0,26;False;16,028;0
EUR/USD;Valute;Prezzo vs SMA200;Solo long;5;229;46,725;-0,033;0,096;197;50,254;-0,009;-0,261;0,978;-0,259;-0,261;False;1,884;0
Ethereum;Cripto;Momentum 10g;Solo short;5;74;54,054;1,493;1,507;291;43,986;-1,189;-0,261;0,7;-51,3;-0,261;False;13,922;0
Euro Stoxx 50;Indici;Momentum 5g;Long+Short;40;58;50,0;-0,152;-0,262;41;58,537;1,991;1,371;2,323;12,108;-0,262;False;10,579;0
EUR/USD;Valute;Momentum 5g;Solo long;60;39;35,897;-0,501;-0,104;27;37,037;0,02;-0,262;1,014;0,081;-0,262;False;7,26;0
Gas naturale;Commodities;Momentum 60g + filtro VIX;Solo long;20;67;40,299;0,168;0,332;54;42,593;1,199;-0,262;1,171;9,599;-0,262;False;21,455;0
Nasdaq 100;Indici;Prezzo vs SMA20;Solo short;60;34;17,647;-4,196;-0,263;23;26,087;-5,141;-0,061;0,285;-17,542;-0,263;False;13,821;0
Petrolio WTI;Commodities;Momentum 20g;Solo short;10;143;49,65;-0,193;-0,263;108;49,074;-0,411;0,257;0,89;-6,578;-0,263;False;11,616;0
Bitcoin;Cripto;Momentum 5g;Solo short;60;28;35,714;-18,775;-0,264;39;41,026;-10,268;-0,147;0,392;-59,384;-0,264;False;74,354;0
Euro Stoxx 50;Indici;Prezzo vs SMA50;Long+Short;60;39;48,718;-0,224;-0,264;27;66,667;1,779;0,532;1,846;7,125;-0,264;False;15,016;0
Argento;Commodities;EMA 10/30;Solo long;40;42;47,619;0,172;-0,264;33;57,576;3,685;-0,163;1,808;18,035;-0,264;False;16,811;0
EUR/USD;Valute;Prezzo vs SMA200 + filtro VIX;Solo short;40;39;51,282;0,191;-0,265;23;65,217;0,355;0,95;1,409;1,21;-0,265;False;5,124;0
Petrolio WTI;Commodities;EMA 50/200;Solo short;10;110;41,818;-0,208;-0,265;95;42,105;-0,79;-0,051;0,79;-11,133;-0,265;False;12,364;0
FTSE MIB;Indici;Momentum 120g;Solo long;10;146;54,11;0,108;0,199;138;61,594;0,416;-0,265;1,371;8,526;-0,265;False;5,862;0
Petrolio WTI;Commodities;Prezzo vs SMA200;Solo long;40;40;50,0;0,836;0,383;27;55,556;2,638;-0,265;1,531;10,561;-0,265;False;18,065;0
Gas naturale;Commodities;Momentum 10g;Solo long;1;1119;47,096;-0,121;-0,266;894;47,539;-0,038;0,182;0,976;-5,021;-0,266;False;4,97;0
Gas naturale;Commodities;Reversione RSI2;Solo long;60;32;56,25;0,923;0,57;22;59,091;4,571;-0,266;1,556;14,911;-0,266;False;32,686;0
FTSE MIB;Indici;Fine/inizio mese;Long+Short;20;102;54,902;-0,003;-0,267;75;57,333;1,088;0,042;1,746;12,102;-0,267;False;11,189;0
FTSE MIB;Indici;Fine/inizio mese;Solo long;20;102;54,902;-0,003;-0,267;75;57,333;1,088;0,042;1,746;12,102;-0,267;False;11,189;0
Argento;Commodities;Fine/inizio mese;Long+Short;20;98;47,959;0,018;-0,267;71;53,521;2,287;0,256;1,791;24,085;-0,267;False;12,279;0
Argento;Commodities;Fine/inizio mese;Solo long;20;98;47,959;0,018;-0,267;71;53,521;2,287;0,256;1,791;24,085;-0,267;False;12,279;0
Petrolio WTI;Commodities;ADX>20 + direzione DI;Solo long;40;37;48,649;-0,264;-0,267;25;44,0;5,746;0,562;2,27;21,303;-0,267;False;20,815;0
Ethereum;Cripto;EMA 50/200;Solo long;3;35;51,429;-0,206;-0,207;462;51,082;0,526;-0,267;1,219;36,02;-0,267;False;11,531;0
FTSE MIB;Indici;Prezzo vs SMA100;Solo long;20;86;53,488;0,225;0,121;71;61,972;0,875;-0,267;1,607;9,211;-0,267;False;8,659;0
Argento;Commodities;EMA 50/200;Solo long;40;22;45,455;1,038;0,157;35;51,429;3,544;-0,267;1,972;18,396;-0,267;False;15,799;0
DAX;Indici;Reversione RSI2;Solo long;40;45;62,222;1,228;-0,268;29;65,517;2,398;0,431;2,557;10,317;-0,268;False;11,105;0
Petrolio WTI;Commodities;Fine/inizio mese;Long+Short;60;37;48,649;-0,669;-0,268;26;53,846;7,068;0,222;2,038;27,251;-0,268;False;24,832;0
Petrolio WTI;Commodities;Fine/inizio mese;Solo long;60;37;48,649;-0,669;-0,268;26;53,846;7,068;0,222;2,038;27,251;-0,268;False;24,832;0
Bitcoin;Cripto;ADX>20 + direzione DI;Long+Short;1;1364;50,806;0,016;-0,267;1883;46,787;-0,015;-0,268;0,986;-4,247;-0,268;False;5,102;0
GBP/USD;Valute;Momentum 60g;Long+Short;10;241;51,037;0,12;1,096;174;48,276;-0,034;-0,268;0,947;-0,877;-0,268;False;2,639;0
Oro;Commodities;Reversione RSI2;Solo long;40;44;43,182;0,445;-0,269;28;64,286;2,604;-0,063;2,491;10,812;-0,269;False;10,61;0
USD/JPY;Valute;Breakout Donchian 55;Solo long;3;477;50,943;0,054;0,688;373;56,3;0,055;-0,269;1,16;3,059;-0,269;False;1,759;0
Gas naturale;Commodities;Fine/inizio mese;Long+Short;40;54;46,296;-1,187;-0,27;40;50,0;4,137;0,036;1,623;24,537;-0,27;False;27,716;0
Gas naturale;Commodities;Fine/inizio mese;Solo long;40;54;46,296;-1,187;-0,27;40;50,0;4,137;0,036;1,623;24,537;-0,27;False;27,716;0
Oro;Commodities;Prezzo vs SMA200 + filtro VIX;Solo long;3;364;51,374;0,004;-0,27;354;51,412;0,156;0,052;1,263;8,165;-0,27;False;2,51;0
EUR/CHF;Valute;Prezzo vs SMA100;Solo short;20;88;50,0;0,135;-0,27;66;51,515;0,161;0,097;1,442;1,572;-0,27;False;2,265;0
EUR/CHF;Valute;Prezzo vs SMA100;Solo short;60;32;53,125;0,663;-0,008;25;64,0;0,335;-0,27;1,487;1,242;-0,27;False;3,785;0
Petrolio WTI;Commodities;Momentum 5g;Solo short;1;1134;47,531;0,006;-0,27;783;46,616;-0,008;0,029;0,992;-0,961;-0,27;False;3,659;0
GBP/USD;Valute;Momentum 120g + filtro VIX;Long+Short;60;39;53,846;0,144;0,295;27;59,259;-0,165;-0,271;0,902;-0,661;-0,271;False;6,58;0
Oro;Commodities;Momentum 60g + filtro VIX;Solo short;3;347;48,703;-0,048;-0,271;170;47,059;-0,111;0,29;0,846;-2,797;-0,271;False;2,434;0
Ethereum;Cripto;Breakout Donchian 55;Solo long;3;38;50,0;0,363;0,234;520;51,154;0,535;-0,271;1,237;41,293;-0,271;False;11,079;0
FTSE MIB;Indici;Breakout Donchian 55 + filtro VIX;Solo short;3;237;45,57;-0,029;-0,272;82;40,244;-0,178;-0,269;0,822;-2,161;-0,272;False;3,602;0
Nasdaq 100;Indici;EMA 50/200;Long+Short;40;58;72,414;2,242;-0,272;42;66,667;3,03;0,803;2,544;18,881;-0,272;False;12,037;0
EUR/CHF;Valute;Momentum 10g;Solo long;20;99;46,465;-0,238;-0,095;69;46,377;-0,19;-0,272;0,682;-1,949;-0,272;False;2,315;0
EUR/USD;Valute;Reversione RSI2 nel trend SMA200;Solo long;40;22;59,091;0,596;1,569;20;45,0;-0,032;-0,272;0,973;-0,095;-0,272;False;4,509;0
Gas naturale;Commodities;Prezzo vs SMA200;Solo long;20;58;41,379;-0,686;-0,272;51;56,863;2,234;0,119;1,338;16,898;-0,272;False;27,606;0
USD/JPY;Valute;EMA 20/50;Solo short;10;125;45,6;-0,12;-0,273;65;46,154;-0,017;0,992;0,975;-0,16;-0,273;False;2,765;0
EUR/CHF;Valute;Prezzo vs SMA20;Solo short;40;54;53,704;0,32;-0,246;41;53,659;0,225;-0,273;1,448;1,371;-0,273;False;3,08;0
Petrolio WTI;Commodities;Breakout Donchian 20;Solo long;20;75;46,667;-0,127;-0,273;48;56,25;2,861;0,757;1,989;20,364;-0,273;False;14,665;0
GBP/USD;Valute;Prezzo vs SMA200;Long+Short;40;61;54,098;0,088;0,247;42;42,857;-0,104;-0,273;0,922;-0,65;-0,273;False;5,027;0
USD/JPY;Valute;EMA 20/50;Long+Short;20;121;51,24;-0,059;-0,273;86;59,302;0,46;1,282;1,644;5,864;-0,273;False;4,159;0
Petrolio WTI;Commodities;Reversione RSI2;Solo short;40;46;45,652;-0,658;-0,274;33;48,485;-3,975;-0,117;0,583;-19,454;-0,274;False;21,27;0
EUR/USD;Valute;Breakout Donchian 55;Solo long;40;33;42,424;-0,425;-0,275;25;48,0;0,349;0,378;1,417;1,294;-0,275;False;3,809;0
DAX;Indici;Prezzo vs SMA200;Solo short;5;146;42,466;-0,187;-0,145;82;41,463;-0,326;-0,275;0,8;-3,961;-0,275;False;5,345;0
Argento;Commodities;Momentum 120g + filtro VIX;Solo long;3;328;50,61;0,092;0,576;324;50,617;0,123;-0,276;1,095;5,898;-0,276;False;4,539;0
Gas naturale;Commodities;EMA 20/50;Solo short;40;44;52,273;0,063;-0,276;25;48,0;-4,785;-0,159;0,589;-17,741;-0,276;False;32,182;0
EUR/USD;Valute;Momentum 20g;Long+Short;60;41;53,659;0,415;0,774;28;46,429;-0,235;-0,276;0,822;-0,975;-0,276;False;5,481;0
Petrolio WTI;Commodities;Breakout Donchian 20;Long+Short;3;772;50,518;-0,034;-0,277;563;52,22;0,106;0,49;1,059;8,81;-0,277;False;6,242;0
Petrolio WTI;Commodities;Prezzo vs SMA200 + filtro VIX;Long+Short;40;56;42,857;-0,464;-0,277;39;48,718;0,606;0,238;1,097;3,506;-0,277;False;21,023;0
FTSE MIB;Indici;Momentum 20g;Solo long;20;91;57,143;0,33;0,28;70;57,143;0,927;-0,278;1,794;9,626;-0,278;False;8,815;0
EUR/USD;Valute;EMA 50/200 + filtro VIX;Solo short;10;127;51,181;0,039;-0,278;64;48,438;-0,046;-0,118;0,918;-0,436;-0,278;False;2,876;0
Petrolio WTI;Commodities;Momentum 120g + filtro VIX;Solo short;40;33;39,394;-0,854;-0,278;24;62,5;-1,466;0,465;0,811;-5,217;-0,278;False;22,418;0
Euro Stoxx 50;Indici;ADX>20 + direzione DI;Solo long;20;53;50,943;0,158;-0,278;38;63,158;0,916;0,232;1,811;5,162;-0,278;False;6,941;0
USD/JPY;Valute;Momentum 60g;Solo long;3;438;52,283;0,072;1,011;400;54,5;0,056;-0,278;1,173;3,313;-0,278;False;1,773;0
FTSE MIB;Indici;SMA200 + Momentum20 concordi;Long+Short;40;55;47,273;-0,221;-0,279;39;61,538;1,171;0,008;1,572;6,774;-0,279;False;13,975;0
USD/JPY;Valute;Momentum 5g;Long+Short;5;481;50,52;0,009;0,117;350;47,429;-0,006;-0,279;0,988;-0,295;-0,279;False;2,1;0
Argento;Commodities;ADX>20 + direzione DI;Solo short;40;41;48,78;-1,012;-0,279;26;42,308;-1,799;1,0;0,676;-6,937;-0,279;False;22,086;0
Argento;Commodities;Prezzo vs SMA200;Solo short;10;159;49,057;-0,06;0,112;61;45,902;-1,137;-0,28;0,639;-10,281;-0,28;False;8,583;0
Oro;Commodities;Prezzo vs SMA50;Solo short;10;140;42,857;-0,125;0,075;82;45,122;-0,721;-0,28;0,525;-8,773;-0,28;False;4,783;0
EUR/CHF;Valute;Momentum 60g;Solo short;60;33;51,515;0,513;-0,28;26;61,538;0,421;-0,085;1,844;1,622;-0,28;False;3,547;0
Bitcoin;Cripto;Fine/inizio mese;Long+Short;3;57;64,912;2,282;1,845;80;52,5;0,29;-0,28;1,183;3,445;-0,28;False;7,595;0
Bitcoin;Cripto;Fine/inizio mese;Solo long;3;57;64,912;2,282;1,845;80;52,5;0,29;-0,28;1,183;3,445;-0,28;False;7,595;0
EUR/USD;Valute;Breakout Donchian 20;Solo long;60;28;42,857;-0,625;-0,281;21;42,857;0,223;0,013;1,159;0,695;-0,281;False;6,595;0
Gas naturale;Commodities;Momentum 60g;Solo short;10;148;50,676;0,053;-0,156;95;46,316;-1,304;-0,281;0,78;-18,368;-0,281;False;19,833;0
Petrolio WTI;Commodities;Prezzo vs SMA100;Long+Short;20;116;49,138;-0,065;-0,099;84;52,381;-0,366;-0,282;0,924;-4,565;-0,282;False;17,015;0
Gas naturale;Commodities;Breakout Donchian 55 + filtro VIX;Solo long;5;220;45,909;-0,084;0,09;144;49,306;0,205;-0,283;1,06;4,383;-0,283;False;10,968;0
USD/JPY;Valute;Momentum 120g;Long+Short;60;41;43,902;-0,14;-0,166;28;53,571;0,188;-0,284;1,117;0,783;-0,284;False;6,036;0
DAX;Indici;Prezzo vs SMA50;Solo short;60;28;39,286;-2,505;-0,212;23;21,739;-3,583;-0,284;0,36;-12,225;-0,284;False;14,321;0
Bitcoin;Cripto;Momentum 20g;Solo short;1;712;45,225;-0,128;0,537;1117;45,658;-0,175;-0,285;0,852;-28,941;-0,285;False;4,715;0
Gas naturale;Commodities;Reversione RSI2 nel trend SMA200;Solo long;10;36;41,667;-0,252;-0,082;30;43,333;0,281;-0,285;1,061;1,248;-0,285;False;14,539;0
FTSE MIB;Indici;Prezzo vs SMA50;Solo long;40;48;58,333;0,593;0,178;37;67,568;1,776;-0,285;1,896;9,751;-0,285;False;12,643;0
EUR/USD;Valute;Breakout Donchian 55;Solo long;5;229;46,725;-0,062;-0,286;186;51,613;-0,009;-0,266;0,976;-0,247;-0,286;False;1,839;0
Argento;Commodities;Prezzo vs SMA200 + filtro VIX;Solo short;5;261;50,958;0,004;0,152;90;45,556;-0,53;-0,287;0,747;-7,08;-0,287;False;5,641;0
Oro;Commodities;Momentum 120g;Solo long;3;448;48,661;0,02;-0,068;429;51,748;0,122;-0,287;1,18;7,783;-0,287;False;2,598;0
GBP/USD;Valute;Breakout Donchian 55;Solo short;40;39;48,718;0,201;-0,105;21;42,857;-0,36;-0,287;0,749;-1,12;-0,287;False;5,08;0
FTSE MIB;Indici;Momentum 120g;Solo long;40;42;54,762;0,172;-0,189;36;66,667;1,801;-0,287;2,019;9,619;-0,287;False;14,265;0
Gas naturale;Commodities;Momentum 120g;Long+Short;5;463;50,324;-0,067;-0,287;339;49,263;-0,096;-0,256;0,974;-4,848;-0,287;False;12,372;0
Gas naturale;Commodities;Momentum 20g;Solo long;60;36;47,222;-1,303;-0,156;26;50,0;4,318;-0,288;1,399;16,648;-0,288;False;33,174;0
Petrolio WTI;Commodities;EMA 10/30;Long+Short;10;232;49,138;-0,11;-0,288;168;48,81;-0,151;-0,268;0,955;-3,75;-0,288;False;11,519;0
S&P 500;Indici;Reversione RSI2 nel trend SMA200;Solo long;40;37;70,27;1,605;-0,289;24;79,167;2,232;-0,038;2,329;7,949;-0,289;False;8,202;0
Petrolio WTI;Commodities;EMA 50/200 + filtro VIX;Long+Short;20;108;49,074;-0,216;-0,289;77;45,455;-0,585;-0,286;0,871;-6,678;-0,289;False;15,866;0
Petrolio WTI;Commodities;Prezzo vs SMA50;Solo short;60;33;48,485;0,359;0,145;22;45,455;-8,428;-0,289;0,48;-27,497;-0,289;False;26,994;0
USD/JPY;Valute;Reversione RSI2;Long+Short;1;617;51,216;-0,006;-0,233;481;50,104;-0,014;-0,289;0,938;-1,033;-0,289;False;1,186;0
EUR/USD;Valute;Momentum 10g;Solo short;60;38;52,632;0,258;-0,289;26;53,846;-0,07;0,195;0,95;-0,271;-0,289;False;6,252;0
EUR/USD;Valute;SMA200 + Momentum20 concordi;Solo long;5;171;45,614;-0,066;-0,289;150;54,0;0,036;0,29;1,092;0,797;-0,289;False;1,835;0
EUR/CHF;Valute;Momentum 60g + filtro VIX;Long+Short;60;39;48,718;0,311;0,468;27;40,741;0,028;-0,29;1,034;0,112;-0,29;False;3,818;0
Oro;Commodities;EMA 10/30;Solo short;20;73;46,575;-0,063;0,602;40;42,5;-1,53;-0,29;0,435;-9,076;-0,29;False;6,717;0
Argento;Commodities;Momentum 20g;Long+Short;10;232;53,017;0,03;0,097;168;48,214;-0,05;-0,29;0,982;-1,236;-0,29;False;8,823;0
Nasdaq 100;Indici;Momentum 60g + filtro VIX;Solo long;60;35;80,0;3,606;-0,29;24;75,0;4,763;-0,168;4,992;16,958;-0,29;False;11,756;0
USD/JPY;Valute;Prezzo vs SMA200;Solo long;40;40;50,0;0,835;0,863;34;61,765;0,717;-0,29;1,594;3,616;-0,29;False;5,578;0
Petrolio WTI;Commodities;Momentum 20g;Solo long;10;150;53,333;-0,085;-0,29;121;58,678;0,852;0,157;1,347;15,279;-0,29;False;11,457;0
EUR/CHF;Valute;Prezzo vs SMA20;Solo short;60;38;57,895;0,477;-0,29;26;65,385;0,465;0,049;2,146;1,791;-0,29;False;3,708;0
GBP/USD;Valute;Momentum 120g + filtro VIX;Solo short;40;38;57,895;0,401;0,291;25;40,0;-0,302;-0,291;0,777;-1,12;-0,291;False;4,547;0
EUR/USD;Valute;Fine/inizio mese;Long+Short;40;56;46,429;-0,426;-0,291;39;35,897;0,177;0,055;1,173;1,023;-0,291;False;5,136;0
EUR/USD;Valute;Fine/inizio mese;Solo long;40;56;46,429;-0,426;-0,291;39;35,897;0,177;0,055;1,173;1,023;-0,291;False;5,136;0
FTSE MIB;Indici;Reversione RSI2;Solo short;40;44;38,636;-0,773;-0,291;34;41,176;-1,791;0,302;0,511;-9,032;-0,291;False;11,938;0
Ethereum;Cripto;Reversione RSI2 nel trend SMA200;Long+Short;10;21;71,429;4,582;1,66;94;50,0;-0,18;-0,291;0,96;-2,508;-0,291;False;22,038;0
USD/JPY;Valute;Breakout Donchian 55;Solo short;3;328;48,171;-0,005;0,339;215;41,395;-0,09;-0,291;0,786;-2,879;-0,291;False;1,76;0
GBP/USD;Valute;Breakout Donchian 20;Long+Short;40;61;55,738;0,083;0,257;42;47,619;-0,138;-0,292;0,898;-0,859;-0,292;False;5,025;0
Gas naturale;Commodities;Momentum 5g;Solo long;40;56;44,643;-1,167;-0,292;39;53,846;4,597;0,139;1,547;26,587;-0,292;False;27,896;0
Nasdaq 100;Indici;Prezzo vs SMA200;Solo long;20;108;62,963;1,216;-0,293;70;67,143;1,485;-0,146;1,966;15,421;-0,293;False;7,168;0
GBP/USD;Valute;Momentum 10g;Solo long;40;56;50,0;-0,375;-0,293;37;62,162;0,451;0,776;1,532;2,474;-0,293;False;5,211;0
Argento;Commodities;Momentum 120g + filtro VIX;Long+Short;20;108;45,37;-0,237;-0,293;77;51,948;0,544;-0,131;1,141;6,215;-0,293;False;12,704;0
Petrolio WTI;Commodities;Prezzo vs SMA20;Solo short;3;407;49,877;-0,051;-0,293;306;49,673;-0,006;0,475;0,997;-0,26;-0,293;False;6,424;0
EUR/CHF;Valute;Prezzo vs SMA200 + filtro VIX;Long+Short;20;112;51,786;0,211;0,849;79;50,633;0,01;-0,294;1,022;0,122;-0,294;False;2,053;0
EUR/CHF;Valute;Momentum 10g;Solo short;60;38;63,158;0,52;-0,294;27;66,667;0,42;-0,082;1,836;1,681;-0,294;False;3,487;0
Ethereum;Cripto;Momentum 10g;Solo long;20;24;41,667;-0,295;-0,294;104;50,0;4,242;-0,026;1,742;65,42;-0,294;False;26,633;0
Gas naturale;Commodities;Breakout Donchian 55;Long+Short;20;116;46,552;-0,321;-0,295;84;46,429;0,039;0,018;1,005;0,489;-0,295;False;24,443;0
USD/JPY;Valute;Momentum 5g;Solo long;10;196;51,02;0,087;0,061;146;54,795;0,184;-0,295;1,321;3,976;-0,295;False;2,874;0
Nasdaq 100;Indici;Momentum 5g;Solo short;20;96;34,375;-1,05;0,659;72;27,778;-1,772;-0,296;0,448;-18,929;-0,296;False;7,81;0
EUR/USD;Valute;Momentum 120g;Long+Short;5;481;51,143;0,001;-0,082;350;51,714;-0,016;-0,297;0,959;-0,85;-0,297;False;1,846;0
FTSE MIB;Indici;Momentum 20g;Solo short;60;34;38,235;-0,944;-0,297;23;34,783;-3,122;0,257;0,358;-10,652;-0,297;False;16,266;0
Petrolio WTI;Commodities;EMA 50/200;Solo short;20;58;48,276;-0,508;-0,298;49;51,02;-2,12;-0,187;0,639;-15,407;-0,298;False;16,734;0
FTSE MIB;Indici;Prezzo vs SMA50;Solo short;20;76;50,0;-0,379;-0,298;48;35,417;-1,239;-0,183;0,56;-8,826;-0,298;False;10,099;0
DAX;Indici;EMA 10/30;Long+Short;60;39;56,41;0,433;0,037;28;67,857;0,628;-0,299;1,236;2,608;-0,299;False;16,578;0
Petrolio WTI;Commodities;Momentum 60g + filtro VIX;Solo short;60;29;44,828;-0,914;-0,299;20;55,0;-5,812;-0,091;0,42;-17,238;-0,299;False;26,635;0
USD/JPY;Valute;Prezzo vs SMA100;Solo short;5;248;46,774;-0,061;-0,299;132;43,182;-0,083;0,272;0,852;-1,629;-0,299;False;2,104;0
Petrolio WTI;Commodities;EMA 10/30;Solo short;5;227;48,899;-0,028;-0,062;178;43,82;-0,501;-0,299;0,82;-13,217;-0,299;False;9,494;0
USD/JPY;Valute;EMA 10/30;Solo long;10;137;45,985;0,031;-0,3;121;59,504;0,256;0,188;1,478;4,602;-0,3;False;2,839;0
GBP/USD;Valute;EMA 20/50;Long+Short;60;41;43,902;-0,146;-0,3;28;60,714;0,212;0,251;1,156;0,881;-0,3;False;5,653;0
FTSE MIB;Indici;Prezzo vs SMA200;Long+Short;10;234;49,145;0,053;0,172;171;53,801;0,166;-0,3;1,123;4,214;-0,3;False;6,751;0
Petrolio WTI;Commodities;Prezzo vs SMA20;Solo long;3;456;51,974;-0,046;-0,3;331;51,36;0,163;-0,009;1,103;8,021;-0,3;False;5,787;0
Euro Stoxx 50;Indici;Prezzo vs SMA200;Solo short;10;100;45,0;-0,27;-0,301;53;33,962;-0,521;-0,186;0,764;-4,097;-0,301;False;6,73;0
Gas naturale;Commodities;Momentum 5g;Solo long;10;188;44,681;-0,325;-0,301;137;51,825;1,269;0,26;1,275;25,791;-0,301;False;15,779;0
Euro Stoxx 50;Indici;Momentum 20g;Solo short;60;33;45,455;-1,204;-0,301;23;30,435;-2,961;-0,294;0,265;-10,105;-0,301;False;12,671;0
GBP/USD;Valute;Momentum 120g;Solo long;40;37;51,351;-0,411;-0,301;29;44,828;0,084;-0,1;1,099;0,362;-0,301;False;4,839;0
GBP/USD;Valute;Breakout Donchian 20;Solo short;20;70;47,143;0,051;-0,301;45;44,444;-0,137;-0,22;0,866;-0,915;-0,301;False;3,907;0
Bitcoin;Cripto;Breakout Donchian 20;Solo short;1;670;45,672;-0,254;-0,301;923;44,962;-0,171;-0,215;0,861;-23,404;-0,301;False;5,01;0
FTSE MIB;Indici;EMA 50/200;Solo long;40;37;54,054;0,625;0,166;35;68,571;1,802;-0,302;2,129;9,357;-0,302;False;12,427;0
Argento;Commodities;Momentum 60g;Solo long;40;40;42,5;0,122;-0,274;34;55,882;3,32;-0,302;1,804;16,739;-0,302;False;16,996;0
USD/JPY;Valute;Prezzo vs SMA20;Solo short;5;284;48,592;-0,06;-0,302;177;42,373;-0,101;0,138;0,822;-2,641;-0,302;False;2,025;0
USD/JPY;Valute;Breakout Donchian 55 + filtro VIX;Long+Short;3;688;50,436;0,037;0,889;484;51,446;0,007;-0,302;1,02;0,508;-0,302;False;1,711;0
GBP/USD;Valute;SMA200 + Momentum20 concordi;Long+Short;60;39;48,718;-0,165;-0,302;27;48,148;0,322;0,463;1,308;1,288;-0,302;False;6,776;0
GBP/USD;Valute;Prezzo vs SMA50;Long+Short;20;121;51,24;0,02;0,107;86;46,512;-0,086;-0,302;0,913;-1,101;-0,302;False;3,769;0
USD/JPY;Valute;Reversione RSI2 nel trend SMA200;Solo short;10;45;44,444;0,193;0,99;28;42,857;-0,327;-0,303;0,607;-1,356;-0,303;False;2,706;0
Euro Stoxx 50;Indici;Momentum 20g;Solo long;60;37;56,757;0,273;-0,303;25;60,0;2,541;-0,047;2,318;9,425;-0,303;False;14,383;0
USD/JPY;Valute;Momentum 10g;Solo long;20;103;51,456;0,167;-0,009;76;55,263;0,355;-0,303;1,454;4,002;-0,303;False;4,032;0
Gas naturale;Commodities;Momentum 120g;Solo long;60;25;56,0;0,136;0,332;21;57,143;4,231;-0,303;1,454;13,176;-0,303;False;28,675;0
Oro;Commodities;Prezzo vs SMA50;Solo long;40;45;44,444;0,435;-0,304;35;65,714;2,757;0,051;2,567;14,308;-0,304;False;9,672;0
EUR/USD;Valute;SMA200 + Momentum20 concordi;Long+Short;40;57;45,614;-0,04;-0,305;42;45,238;-0,074;-0,161;0,939;-0,463;-0,305;False;5,774;0
GBP/USD;Valute;Reversione RSI2;Solo short;20;77;48,052;0,056;-0,305;59;47,458;0,137;0,734;1,184;1,203;-0,305;False;3,167;0
Gas naturale;Commodities;Prezzo vs SMA100;Long+Short;40;58;50,0;0,088;-0,001;42;50,0;-0,787;-0,305;0,931;-4,9;-0,305;False;36,302;0
EUR/USD;Valute;Breakout Donchian 20;Solo short;3;417;52,998;0,011;-0,271;280;48,571;-0,021;-0,305;0,936;-0,887;-0,305;False;1,622;0
Nasdaq 100;Indici;Momentum 120g;Solo long;20;106;69,811;1,205;-0,302;73;61,644;1,376;-0,307;1,856;14,9;-0,307;False;9,072;0
Oro;Commodities;Prezzo vs SMA50;Long+Short;5;463;47,732;-0,028;-0,265;338;50,592;0,013;-0,307;1,014;0,657;-0,307;False;3,593;0
USD/JPY;Valute;EMA 50/200;Solo long;60;26;46,154;1,066;0,581;21;66,667;1,057;-0,307;1,584;3,291;-0,307;False;6,748;0
DAX;Indici;Breakout Donchian 20;Solo short;60;28;42,857;-2,148;-0,026;23;34,783;-3,43;-0,307;0,236;-11,704;-0,307;False;12,881;0
EUR/USD;Valute;Fine/inizio mese;Long+Short;60;37;37,838;-0,632;-0,308;26;46,154;0,23;0,024;1,176;0,886;-0,308;False;6,551;0
EUR/USD;Valute;Fine/inizio mese;Solo long;60;37;37,838;-0,632;-0,308;26;46,154;0,23;0,024;1,176;0,886;-0,308;False;6,551;0
GBP/USD;Valute;Prezzo vs SMA20;Solo long;40;54;48,148;-0,378;-0,308;37;56,757;0,244;0,26;1,245;1,34;-0,308;False;5,139;0
Bitcoin;Cripto;SMA200 + Momentum20 concordi;Long+Short;1;1174;52,215;0,225;1,428;1561;47,662;0,004;-0,308;1,004;0,922;-0,308;False;4,941;0
Gas naturale;Commodities;Momentum 120g + filtro VIX;Long+Short;5;407;51,351;-0,085;-0,308;288;49,306;0,168;0,231;1,048;7,186;-0,308;False;12,367;0
DAX;Indici;Momentum 120g + filtro VIX;Solo short;20;36;36,111;-1,041;-0,308;27;37,037;-1,074;-0,159;0,593;-4,303;-0,308;False;8,422;0
Ethereum;Cripto;ADX>25 + direzione DI;Solo short;1;270;50,741;-0,084;-0,308;730;46,575;-0,106;0,571;0,935;-11,468;-0,308;False;6,363;0
USD/JPY;Valute;Breakout Donchian 55;Long+Short;3;801;51,061;0,032;0,831;584;50,514;0,006;-0,309;1,015;0,492;-0,309;False;1,77;0
Nasdaq 100;Indici;Momentum 10g;Solo short;20;87;31,034;-1,411;-0,213;62;33,871;-1,808;-0,309;0,457;-16,628;-0,309;False;8,529;0
DAX;Indici;Momentum 120g;Solo short;20;46;43,478;-0,931;-0,212;31;41,935;-1,22;-0,309;0,566;-5,612;-0,309;False;8,715;0
GBP/USD;Valute;Momentum 10g;Solo short;20;102;50,0;0,066;-0,309;68;45,588;0,023;0,278;1,026;0,229;-0,309;False;3,773;0
EUR/CHF;Valute;Momentum 60g + filtro VIX;Long+Short;40;58;56,897;-0,043;-0,31;41;56,098;0,14;0,119;1,224;0,85;-0,31;False;3,578;0
DAX;Indici;Momentum 20g;Solo short;40;47;34,043;-1,903;-0,31;33;27,273;-1,876;-0,031;0,516;-9,183;-0,31;False;11,282;0
Petrolio WTI;Commodities;Momentum 60g;Long+Short;10;232;50,431;0,192;0,475;168;45,238;-0,27;-0,31;0,921;-6,72;-0,31;False;11,518;0
Bitcoin;Cripto;Fine/inizio mese;Long+Short;20;57;57,895;6,834;0,691;80;53,75;2,43;-0,311;1,55;28,83;-0,311;False;25,677;0
Bitcoin;Cripto;Fine/inizio mese;Solo long;20;57;57,895;6,834;0,691;80;53,75;2,43;-0,311;1,55;28,83;-0,311;False;25,677;0
Ethereum;Cripto;Momentum 120g;Long+Short;1;583;50,257;0,044;0,232;2462;48,863;0,002;-0,311;1,001;0,749;-0,311;False;6,166;0
Petrolio WTI;Commodities;Momentum 5g;Solo short;5;306;46,405;-0,086;-0,311;207;46,377;-0,331;-0,027;0,878;-10,153;-0,311;False;7,731;0
Gas naturale;Commodities;Momentum 120g + filtro VIX;Solo short;40;38;55,263;0,281;-0,17;25;44,0;-5,674;-0,312;0,588;-21,037;-0,312;False;49,598;0
S&P 500;Indici;Momentum 20g;Solo long;5;347;62,248;0,186;-0,312;254;59,055;0,24;-0,117;1,399;9,029;-0,312;False;2,814;0
Oro;Commodities;Momentum 20g;Solo short;5;277;45,487;-0,085;-0,208;166;40,964;-0,346;-0,313;0,683;-8,518;-0,313;False;3,461;0
EUR/USD;Valute;SMA200 + Momentum20 concordi;Solo short;10;115;52,174;0,046;-0,247;78;51,282;-0,081;-0,313;0,868;-0,936;-0,313;False;2,607;0
Oro;Commodities;Breakout Donchian 20;Solo long;40;40;55,0;1,284;0,64;34;55,882;2,326;-0,313;2,405;11,727;-0,313;False;9,383;0
Oro;Commodities;Momentum 10g;Solo short;10;160;43,75;-0,211;-0,266;110;41,818;-0,724;-0,314;0,555;-11,805;-0,314;False;5,747;0
USD/JPY;Valute;Momentum 120g;Solo short;40;37;43,243;-0,362;-0,015;21;38,095;-1,125;-0,314;0,36;-3,504;-0,314;False;6,048;0
Oro;Commodities;EMA 10/30;Solo long;40;44;50,0;0,436;-0,314;36;58,333;2,459;-0,189;2,24;13,127;-0,314;False;10,15;0
S&P 500;Indici;Breakout Donchian 20;Solo long;40;48;68,75;1,652;-0,314;34;73,529;2,612;0,363;3,576;13,175;-0,314;False;7,384;0
GBP/USD;Valute;Momentum 120g;Long+Short;40;61;55,738;0,117;0,408;42;50,0;-0,156;-0,314;0,886;-0,969;-0,314;False;5,176;0
USD/JPY;Valute;Prezzo vs SMA200;Long+Short;60;41;51,22;0,425;0,473;28;57,143;0,268;-0,315;1,171;1,112;-0,315;False;6,036;0
Euro Stoxx 50;Indici;Prezzo vs SMA200 + filtro VIX;Solo short;3;213;44,601;-0,083;-0,291;93;41,935;-0,176;-0,315;0,82;-2,43;-0,315;False;3,386;0
Gas naturale;Commodities;Prezzo vs SMA200 + filtro VIX;Long+Short;20;108;51,852;-0,264;-0,316;77;48,052;0,634;0,219;1,088;7,235;-0,316;False;23,799;0
Euro Stoxx 50;Indici;Prezzo vs SMA200;Solo short;5;189;40,741;-0,143;-0,316;97;44,33;-0,295;-0,268;0,814;-4,241;-0,316;False;5,279;0
GBP/USD;Valute;Momentum 20g;Solo short;20;84;50,0;0,048;-0,316;63;55,556;-0,075;-0,082;0,913;-0,705;-0,316;False;3,904;0
FTSE MIB;Indici;Momentum 120g;Long+Short;60;39;43,59;-0,492;-0,316;28;67,857;1,575;-0,268;1,557;6,544;-0,316;False;17,186;0
Gas naturale;Commodities;Momentum 20g;Solo long;1;1082;46,211;-0,125;-0,316;928;48,384;-0,071;-0,05;0,954;-9,732;-0,316;False;5,003;0
Petrolio WTI;Commodities;Prezzo vs SMA200;Solo short;10;124;49,194;-0,252;-0,316;102;46,078;-0,872;-0,128;0,765;-13,186;-0,316;False;12,499;0
Oro;Commodities;Prezzo vs SMA200;Long+Short;10;232;47,414;-0,047;-0,317;168;49,405;0,302;-0,062;1,284;7,514;-0,317;False;4,817;0
USD/JPY;Valute;Momentum 120g;Solo short;10;133;48,12;-0,092;-0,088;67;44,776;-0,284;-0,317;0,614;-2,825;-0,317;False;2,882;0
EUR/USD;Valute;Prezzo vs SMA50;Solo long;20;82;52,439;-0,237;-0,317;60;53,333;0,06;-0,0;1,079;0,53;-0,317;False;3,561;0
Gas naturale;Commodities;Prezzo vs SMA20;Solo short;60;37;62,162;-0,05;-0,317;27;44,444;-6,736;-0,099;0,556;-26,971;-0,317;False;63,826;0
Ethereum;Cripto;EMA 50/200;Long+Short;3;195;50,769;0,228;0,468;820;49,146;-0,003;-0,317;0,999;-0,311;-0,317;False;10,991;0
USD/JPY;Valute;EMA 50/200 + filtro VIX;Solo short;20;51;43,137;-0,279;-0,317;26;46,154;-0,503;-0,132;0,555;-1,94;-0,317;False;4,347;0
FTSE MIB;Indici;Prezzo vs SMA20;Solo short;40;51;43,137;-0,773;-0,318;35;22,857;-2,09;0,046;0,476;-10,853;-0,318;False;13,226;0
GBP/USD;Valute;Momentum 20g;Solo short;40;51;41,176;0,121;-0,318;35;54,286;0,098;0,474;1,091;0,506;-0,318;False;4,646;0
FTSE MIB;Indici;Prezzo vs SMA200;Solo long;5;282;52,837;-0,047;-0,318;267;55,805;0,268;0,352;1,362;10,63;-0,318;False;4,028;0
Oro;Commodities;EMA 50/200 + filtro VIX;Solo long;60;23;56,522;0,957;-0,112;22;59,091;3,379;-0,319;2,429;11,025;-0,319;False;9,564;0
Petrolio WTI;Commodities;Momentum 120g;Solo short;20;62;41,935;-0,54;-0,32;52;46,154;-2,64;-0,31;0,592;-20,359;-0,32;False;17,344;0
Petrolio WTI;Commodities;Breakout Donchian 20;Solo long;3;426;50,469;-0,052;-0,32;282;56,738;0,384;0,778;1,263;16,054;-0,32;False;6,254;0
Oro;Commodities;Breakout Donchian 20;Solo short;5;255;48,235;-0,058;0,007;123;43,089;-0,356;-0,32;0,671;-6,49;-0,32;False;3,397;0
Argento;Commodities;Momentum 20g;Solo long;10;145;46,897;-0,046;-0,32;119;57,983;1,022;0,181;1,469;18,031;-0,32;False;8,809;0
EUR/USD;Valute;EMA 50/200;Solo short;20;73;53,425;0,125;-0,157;40;52,5;-0,169;-0,32;0,813;-1,0;-0,32;False;3,803;0
Oro;Commodities;Breakout Donchian 20;Solo long;60;29;58,621;1,16;0,084;23;65,217;3,469;-0,321;2,857;11,832;-0,321;False;9,565;0
Nasdaq 100;Indici;Momentum 20g;Solo long;20;99;66,667;1,205;-0,321;68;63,235;1,411;-0,233;1,813;14,23;-0,321;False;7,396;0
Oro;Commodities;Momentum 20g;Solo short;3;430;47,209;-0,041;-0,209;261;46,36;-0,189;-0,322;0,767;-7,329;-0,322;False;2,679;0
EUR/USD;Valute;Momentum 60g + filtro VIX;Long+Short;20;112;50,893;-0,06;-0,322;79;50,633;0,019;0,08;1,025;0,222;-0,322;False;3,337;0
S&P 500;Indici;Reversione RSI2;Solo long;20;61;65,574;0,771;-0,323;50;68,0;0,916;-0,269;1,632;6,798;-0,323;False;7,688;0
EUR/USD;Valute;EMA 10/30;Long+Short;60;41;53,659;-0,111;-0,298;28;50,0;-0,251;-0,323;0,811;-1,043;-0,323;False;6,375;0
Bitcoin;Cripto;Momentum 60g;Long+Short;3;578;53,633;0,668;1,861;820;48,902;0,002;-0,324;1,001;0,275;-0,324;False;8,802;0
EUR/USD;Valute;Breakout Donchian 20;Solo long;5;238;44,538;-0,064;-0,324;189;49,735;-0,008;-0,231;0,981;-0,21;-0,324;False;1,692;0
Nasdaq 100;Indici;EMA 50/200 + filtro VIX;Solo long;20;104;68,269;1,204;-0,325;63;73,016;1,474;-0,158;2,103;13,781;-0,325;False;6,981;0
Petrolio WTI;Commodities;Prezzo vs SMA20;Solo long;10;161;56,522;0,098;0,114;122;56,557;0,444;-0,325;1,151;8,025;-0,325;False;10,797;0
Argento;Commodities;Prezzo vs SMA200 + filtro VIX;Long+Short;40;56;50,0;0,822;0,72;39;43,59;0,84;-0,325;1,177;4,857;-0,325;False;17,241;0
GBP/USD;Valute;Prezzo vs SMA50;Solo short;40;51;45,098;0,12;-0,325;32;43,75;-0,298;-0,295;0,8;-1,412;-0,325;False;4,984;0
Ethereum;Cripto;Breakout Donchian 55;Long+Short;10;59;54,237;2,15;1,231;245;46,531;0,261;-0,326;1,053;9,499;-0,326;False;20,209;0
Bitcoin;Cripto;Reversione RSI2 nel trend SMA200;Solo long;10;40;60,0;1,591;-0,326;56;57,143;2,634;0,876;2,27;21,871;-0,326;False;20,995;0
EUR/USD;Valute;Breakout Donchian 55;Solo short;20;67;52,239;0,109;-0,198;44;52,273;-0,175;-0,326;0,825;-1,142;-0,326;False;3,926;0
Argento;Commodities;Fine/inizio mese;Long+Short;40;54;48,148;0,168;-0,326;40;55,0;4,037;-0,049;1,903;23,947;-0,326;False;16,53;0
Argento;Commodities;Fine/inizio mese;Solo long;40;54;48,148;0,168;-0,326;40;55,0;4,037;-0,049;1,903;23,947;-0,326;False;16,53;0
Bitcoin;Cripto;Momentum 10g;Solo short;3;284;42,606;-0,385;0,65;438;41,324;-0,524;-0,326;0,761;-34,057;-0,326;False;9,27;0
GBP/USD;Valute;Momentum 60g;Long+Short;3;801;49,938;-0,01;-0,326;584;48,801;-0,003;-0,079;0,992;-0,229;-0,326;False;1,587;0
Oro;Commodities;EMA 20/50;Solo short;20;65;46,154;-0,498;-0,328;33;48,485;-0,851;0,537;0,617;-4,164;-0,328;False;7,536;0
Euro Stoxx 50;Indici;Prezzo vs SMA20;Solo short;20;84;41,667;-0,493;-0,328;60;43,333;-0,824;-0,069;0,68;-7,333;-0,328;False;8,068;0
EUR/USD;Valute;EMA 10/30;Solo long;10;131;49,618;-0,131;-0,328;98;53,061;0,022;-0,014;1,043;0,32;-0,328;False;2,815;0
Argento;Commodities;EMA 10/30;Solo long;60;28;32,143;-0,092;-0,328;24;50,0;6,175;-0,068;2,544;21,976;-0,328;False;24,321;0
GBP/USD;Valute;Prezzo vs SMA20;Solo short;10;167;52,096;0,027;-0,307;119;50,42;-0,076;-0,328;0,891;-1,344;-0,328;False;2,765;0
Gas naturale;Commodities;EMA 50/200 + filtro VIX;Long+Short;40;56;48,214;-0,481;-0,329;39;53,846;0,293;-0,003;1,028;1,697;-0,329;False;33,929;0
GBP/USD;Valute;Prezzo vs SMA50;Solo long;10;149;47,651;-0,114;-0,329;111;55,856;-0,011;-0,207;0,981;-0,185;-0,329;False;2,615;0
FTSE MIB;Indici;Prezzo vs SMA100;Solo long;60;32;50,0;1,305;0,541;25;72,0;2,965;-0,33;2,534;10,997;-0,33;False;17,176;0
Bitcoin;Cripto;Momentum 60g;Long+Short;20;87;58,621;5,617;2,133;122;47,541;-0,127;-0,33;0,977;-2,298;-0,33;False;24,146;0
Argento;Commodities;Prezzo vs SMA200;Solo long;5;197;48,223;-0,071;-0,33;242;52,893;0,291;-0,299;1,169;10,433;-0,33;False;6,101;0
Euro Stoxx 50;Indici;Momentum 5g;Solo short;20;100;40,0;-0,457;-0,33;68;48,529;-0,425;0,464;0,793;-4,286;-0,33;False;7,16;0
EUR/USD;Valute;Prezzo vs SMA100;Solo long;40;42;47,619;-0,447;-0,331;29;44,828;0,398;0,505;1,477;1,711;-0,331;False;4,58;0
EUR/USD;Valute;Momentum 120g + filtro VIX;Long+Short;60;39;56,41;0,687;1,29;27;62,963;-0,196;-0,331;0,865;-0,786;-0,331;False;5,619;0
Oro;Commodities;Momentum 120g + filtro VIX;Solo long;60;28;50,0;0,711;-0,332;22;63,636;4,165;0,073;3,006;13,59;-0,332;False;9,686;0
Petrolio WTI;Commodities;Momentum 60g;Solo short;10;126;48,413;-0,235;-0,289;102;41,176;-1,136;-0,332;0,735;-17,18;-0,332;False;12,795;0
Oro;Commodities;Momentum 5g;Solo long;40;55;50,909;0,527;-0,211;40;65,0;2,346;-0,332;2,342;13,913;-0,332;False;9,737;0
Ethereum;Cripto;Prezzo vs SMA50;Solo long;1;200;46,5;-0,108;-0,332;1355;49,52;0,196;-0,096;1,153;39,476;-0,332;False;5,775;0
Ethereum;Cripto;ADX>25 + direzione DI;Solo short;20;20;55,0;-3,053;-0,333;55;50,909;-2,298;0,597;0,761;-18,745;-0,333;False;38,702;0
EUR/USD;Valute;Breakout Donchian 55 + filtro VIX;Solo long;3;334;48,503;-0,039;-0,333;269;50,558;0,004;-0,043;1,016;0,163;-0,333;False;1,392;0
FTSE MIB;Indici;EMA 50/200;Long+Short;20;117;46,154;-0,152;-0,316;85;57,647;0,397;-0,333;1,237;5,005;-0,333;False;9,895;0
EUR/USD;Valute;EMA 50/200 + filtro VIX;Solo short;40;38;57,895;0,54;0,471;20;40,0;-0,383;-0,333;0,747;-1,135;-0,333;False;5,29;0
GBP/USD;Valute;Breakout Donchian 55 + filtro VIX;Solo short;40;38;50,0;0,081;-0,334;20;45,0;0,015;0,219;1,014;0,045;-0,334;False;5,08;0
Petrolio WTI;Commodities;EMA 50/200 + filtro VIX;Solo long;3;382;50,262;-0,035;-0,2;214;52,804;0,061;-0,334;1,037;1,944;-0,334;False;5,92;0
Argento;Commodities;Prezzo vs SMA200;Solo short;20;83;54,217;-0,077;0,261;33;42,424;-2,431;-0,334;0,501;-11,897;-0,334;False;12,877;0
Petrolio WTI;Commodities;Momentum 5g;Solo long;40;55;54,545;0,136;-0,049;39;48,718;2,532;-0,335;1,499;14,643;-0,335;False;21,418;0
FTSE MIB;Indici;Prezzo vs SMA50;Long+Short;60;39;46,154;0,153;0,07;28;67,857;1,459;-0,335;1,505;6,06;-0,335;False;16,95;0
Gas naturale;Commodities;Reversione RSI2 nel trend SMA200;Long+Short;10;88;45,455;-0,151;-0,237;57;49,123;-0,483;-0,335;0,903;-4,082;-0,335;False;15,118;0
EUR/CHF;Valute;Momentum 5g;Solo long;20;104;42,308;-0,204;0,051;75;46,667;-0,202;-0,336;0,684;-2,252;-0,336;False;2,292;0
Petrolio WTI;Commodities;Prezzo vs SMA200;Long+Short;60;39;51,282;-0,941;-0,336;27;55,556;0,537;0,335;1,069;2,149;-0,336;False;27,986;0
EUR/CHF;Valute;EMA 20/50;Solo short;20;83;43,373;0,131;-0,336;60;48,333;0,179;0,221;1,536;1,594;-0,336;False;2,273;0
Gas naturale;Commodities;EMA 20/50;Solo long;20;64;39,062;-0,767;-0,336;51;52,941;3,802;0,589;1,54;28,753;-0,336;False;22,816;0
EUR/USD;Valute;Prezzo vs SMA200;Solo short;20;76;53,947;0,081;-0,336;46;58,696;-0,009;0,157;0,99;-0,06;-0,336;False;3,917;0
EUR/CHF;Valute;Momentum 5g;Solo short;40;58;53,448;0,314;-0,336;40;50,0;0,335;0,154;1,762;1,987;-0,336;False;2,798;0
FTSE MIB;Indici;Breakout Donchian 20;Solo long;60;32;43,75;-0,252;-0,337;25;76,0;3,648;0,06;4,009;13,529;-0,337;False;16,505;0
Petrolio WTI;Commodities;SMA200 + Momentum20 concordi;Long+Short;10;190;48,947;-0,15;-0,338;146;52,055;-0,243;-0,23;0,928;-5,257;-0,338;False;12,243;0
Oro;Commodities;Prezzo vs SMA100;Solo long;20;76;51,316;0,167;-0,338;67;62,687;1,432;0,237;2,241;14,229;-0,338;False;6,34;0
Ethereum;Cripto;Momentum 60g;Long+Short;1;583;51,286;0,247;1,316;2462;48,375;0,007;-0,338;1,005;2,723;-0,338;False;5,979;0
GBP/USD;Valute;Momentum 60g;Solo short;5;277;50,903;0,007;-0,339;180;48,333;-0,018;-0,086;0,962;-0,488;-0,339;False;1,942;0
EUR/USD;Valute;Prezzo vs SMA20;Long+Short;20;121;44,628;-0,058;-0,339;86;50,0;0,115;0,551;1,157;1,471;-0,339;False;3,692;0
Oro;Commodities;Fine/inizio mese;Long+Short;40;54;53,704;0,824;0,155;40;62,5;2,301;-0,339;2,218;13,648;-0,339;False;8,893;0
Oro;Commodities;Fine/inizio mese;Solo long;40;54;53,704;0,824;0,155;40;62,5;2,301;-0,339;2,218;13,648;-0,339;False;8,893;0
GBP/USD;Valute;Momentum 20g;Solo long;60;36;47,222;-0,586;-0,339;26;53,846;0,14;-0,124;1,107;0,541;-0,339;False;6,927;0
Oro;Commodities;ADX>20 + direzione DI;Solo short;40;38;55,263;0,059;0,895;28;42,857;-3,203;-0,339;0,315;-13,299;-0,339;False;12,817;0
Nasdaq 100;Indici;Acquisto su picco VIX;Long+Short;10;41;68,293;1,095;0,658;34;58,824;0,45;-0,34;1,237;2,268;-0,34;False;8,445;0
Nasdaq 100;Indici;Acquisto su picco VIX;Solo long;10;41;68,293;1,095;0,658;34;58,824;0,45;-0,34;1,237;2,268;-0,34;False;8,445;0
Oro;Commodities;ADX>20 + direzione DI;Long+Short;40;50;48,0;-0,247;-0,34;35;51,429;0,197;-0,284;1,071;1,02;-0,34;False;11,131;0
Petrolio WTI;Commodities;Momentum 120g;Long+Short;60;39;46,154;-0,954;-0,34;27;55,556;3,772;0,88;1,616;15,105;-0,34;False;26,307;0
Oro;Commodities;EMA 50/200;Long+Short;60;39;43,59;0,39;0,26;27;44,444;2,206;-0,34;1,751;8,833;-0,34;False;10,734;0
Gas naturale;Commodities;EMA 10/30;Long+Short;40;58;50,0;0,05;0,002;42;40,476;-1,324;-0,34;0,886;-8,243;-0,34;False;36,409;0
Gas naturale;Commodities;Momentum 60g + filtro VIX;Solo long;60;29;44,828;-1,877;-0,34;21;66,667;7,607;0,277;2,129;23,69;-0,34;False;32,113;0
Argento;Commodities;Prezzo vs SMA50;Solo long;60;28;28,571;0,201;-0,232;24;58,333;5,247;-0,341;2,438;18,676;-0,341;False;24,047;0
Ethereum;Cripto;Acquisto su picco VIX;Long+Short;3;22;45,455;1,09;0,443;120;53,333;0,356;-0,341;1,121;6,34;-0,341;False;14,805;0
Ethereum;Cripto;Acquisto su picco VIX;Solo long;3;22;45,455;1,09;0,443;120;53,333;0,356;-0,341;1,121;6,34;-0,341;False;14,805;0
Bitcoin;Cripto;EMA 50/200;Long+Short;3;578;52,941;0,473;1,039;820;50,854;0,07;-0,342;1,037;8,456;-0,342;False;9,224;0
EUR/USD;Valute;Momentum 60g;Solo long;10;135;52,593;-0,054;0,218;105;47,619;-0,023;-0,342;0,959;-0,354;-0,342;False;2,482;0
Bitcoin;Cripto;Momentum 10g;Solo short;40;37;32,432;-9,649;0,205;55;40,0;-7,408;-0,342;0,452;-60,42;-0,342;False;48,725;0
EUR/USD;Valute;Breakout Donchian 20;Long+Short;60;41;46,341;-0,217;-0,294;28;53,571;-0,25;-0,342;0,812;-1,036;-0,342;False;6,017;0
Oro;Commodities;Momentum 60g + filtro VIX;Long+Short;20;108;47,222;-0,119;-0,343;76;57,895;0,838;0,45;1,504;9,443;-0,343;False;6,684;0
GBP/USD;Valute;Reversione RSI2;Solo long;40;49;57,143;-0,172;0,203;32;53,125;-0,066;-0,343;0,946;-0,314;-0,343;False;5,969;0
Oro;Commodities;Fine/inizio mese;Long+Short;20;98;53,061;0,162;-0,343;71;54,93;1,269;-0,052;2,004;13,366;-0,343;False;7,579;0
Oro;Commodities;Fine/inizio mese;Solo long;20;98;53,061;0,162;-0,343;71;54,93;1,269;-0,052;2,004;13,366;-0,343;False;7,579;0
GBP/USD;Valute;Prezzo vs SMA200;Solo long;20;64;51,562;-0,177;-0,155;61;52,459;-0,03;-0,344;0,965;-0,268;-0,344;False;3,141;0
Gas naturale;Commodities;ADX>25 + direzione DI;Long+Short;40;34;47,059;-1,014;-0,344;29;55,172;0,871;-0,142;1,096;3,745;-0,344;False;39,526;0
DAX;Indici;Prezzo vs SMA20;Solo short;3;366;45,082;-0,11;-0,344;270;43,333;-0,098;0,023;0,878;-3,918;-0,344;False;3,194;0
FTSE MIB;Indici;SMA200 + Momentum20 concordi;Solo long;60;27;55,556;-0,288;-0,344;21;80,952;4,854;1,05;8,643;15,123;-0,344;False;13,396;0
DAX;Indici;Prezzo vs SMA100;Long+Short;60;39;53,846;0,188;-0,344;28;67,857;1,14;-0,245;1,473;4,734;-0,344;False;17,898;0
FTSE MIB;Indici;Breakout Donchian 55;Solo short;20;51;47,059;-0,263;-0,101;25;36,0;-1,637;-0,345;0,593;-6,073;-0,345;False;11,044;0
GBP/USD;Valute;EMA 50/200;Solo long;40;28;53,571;-0,348;-0,176;32;50,0;-0,02;-0,346;0,978;-0,096;-0,346;False;4,28;0
DAX;Indici;Momentum 60g;Solo short;20;58;34,483;-0,992;-0,346;40;42,5;-1,096;-0,21;0,611;-6,501;-0,346;False;8,55;0
EUR/CHF;Valute;EMA 20/50;Solo short;10;157;48,408;0,057;-0,346;113;57,522;0,049;-0,284;1,136;0,815;-0,346;False;1,76;0
Gas naturale;Commodities;Reversione RSI2;Solo short;10;106;52,83;-0,148;-0,346;79;50,633;0,637;1,205;1,148;7,457;-0,346;False;19,217;0
Argento;Commodities;Prezzo vs SMA50;Solo long;5;230;47,391;-0,065;-0,346;212;55,66;0,307;-0,218;1,171;9,663;-0,346;False;6,149;0
S&P 500;Indici;Momentum 10g;Solo short;20;86;38,372;-1,03;-0,347;60;33,333;-1,303;-0,287;0,493;-11,595;-0,347;False;6,001;0
EUR/USD;Valute;EMA 10/30;Solo long;20;74;47,297;-0,254;-0,347;54;59,259;0,15;0,361;1,223;1,2;-0,347;False;3,421;0
GBP/USD;Valute;EMA 50/200 + filtro VIX;Solo long;5;174;51,149;-0,008;0,291;206;49,029;-0,013;-0,348;0,964;-0,387;-0,348;False;1,711;0
Argento;Commodities;ADX>25 + direzione DI;Long+Short;10;106;50,0;0,192;0,427;64;42,188;-0,168;-0,348;0,946;-1,595;-0,348;False;9,125;0
EUR/USD;Valute;ADX>20 + direzione DI;Long+Short;5;294;51,361;0,045;0,614;224;45,089;-0,024;-0,348;0,942;-0,791;-0,348;False;1,782;0
EUR/USD;Valute;SMA200 + Momentum20 concordi;Solo short;5;214;50,467;0,013;-0,348;141;50,355;-0,027;-0,177;0,936;-0,568;-0,348;False;1,96;0
Nasdaq 100;Indici;Momentum 10g;Solo long;40;55;69,091;2,522;-0,288;38;65,789;2,669;-0,348;2,004;15,046;-0,348;False;12,55;0
EUR/USD;Valute;Breakout Donchian 55;Long+Short;40;61;45,902;-0,105;-0,349;42;50,0;-0,088;-0,226;0,926;-0,546;-0,349;False;5,525;0
USD/JPY;Valute;Momentum 120g + filtro VIX;Solo long;3;364;50,824;0,103;1,571;323;53,251;0,05;-0,349;1,152;2,387;-0,349;False;1,726;0
DAX;Indici;Prezzo vs SMA100;Solo short;40;33;36,364;-2,112;-0,349;20;30,0;-2,121;-0,124;0,541;-6,292;-0,349;False;13,732;0
USD/JPY;Valute;Reversione RSI2;Long+Short;3;345;51,014;-0,019;-0,35;261;52,107;0,035;0,805;1,094;1,348;-0,35;False;1,857;0
EUR/CHF;Valute;EMA 50/200 + filtro VIX;Solo long;3;206;45,631;-0,029;0,045;115;46,957;-0,037;-0,35;0,789;-0,627;-0,35;False;0,93;0
Argento;Commodities;Prezzo vs SMA100;Solo long;5;227;48,018;-0,056;-0,336;221;53,394;0,269;-0,351;1,156;8,822;-0,351;False;6,379;0
Ethereum;Cripto;Momentum 120g;Solo long;1;183;46,448;-0,059;-0,176;1399;50,536;0,166;-0,351;1,118;34,394;-0,351;False;6,463;0
Nasdaq 100;Indici;Momentum 20g;Solo short;5;191;39,267;-0,369;-0,352;137;45,985;-0,157;0,644;0,897;-3,201;-0,352;False;5,138;0
Petrolio WTI;Commodities;Reversione RSI2;Solo short;5;150;48,0;-0,107;-0,352;119;46,218;-0,383;-0,114;0,837;-6,767;-0,352;False;7,125;0
USD/JPY;Valute;Momentum 60g;Solo short;1;1157;46,24;-0,012;-0,237;599;44,908;-0,032;-0,353;0,87;-2,864;-0,353;False;1,147;0
DAX;Indici;Reversione RSI2 nel trend SMA200;Long+Short;5;101;51,485;0,011;-0,147;76;53,947;-0,028;-0,353;0,974;-0,311;-0,353;False;4,714;0
GBP/USD;Valute;EMA 20/50;Long+Short;20;121;51,24;-0,069;-0,354;86;51,163;0,125;0,422;1,142;1,599;-0,354;False;3,748;0
Euro Stoxx 50;Indici;EMA 10/30;Long+Short;40;58;53,448;0,114;-0,053;41;51,22;0,271;-0,354;1,114;1,647;-0,354;False;12,557;0
S&P 500;Indici;Momentum 5g;Solo short;60;36;22,222;-2,903;-0,34;26;19,231;-4,186;-0,354;0,255;-16,148;-0,354;False;10,254;0
EUR/CHF;Valute;Momentum 20g;Solo short;10;170;50,588;0,132;0,199;122;56,557;0,047;-0,354;1,159;0,855;-0,354;False;1,739;0
GBP/USD;Valute;Breakout Donchian 55;Solo short;10;142;47,183;0,029;-0,253;81;44,444;-0,096;-0,356;0,861;-1,156;-0,356;False;2,854;0
GBP/USD;Valute;Momentum 60g;Solo long;60;28;50,0;-0,338;0,062;22;54,545;-0,017;-0,357;0,985;-0,057;-0,357;False;6,884;0
Argento;Commodities;Prezzo vs SMA200 + filtro VIX;Solo long;5;180;52,778;0,136;0,376;210;49,524;0,266;-0,357;1,162;8,284;-0,357;False;6,096;0
EUR/USD;Valute;Momentum 5g;Solo short;20;109;52,294;0,102;-0,284;79;51,899;-0,14;-0,357;0,836;-1,639;-0,357;False;3,737;0
USD/JPY;Valute;EMA 50/200 + filtro VIX;Solo long;20;67;53,731;0,397;0,733;58;56,897;0,319;-0,357;1,354;2,742;-0,357;False;4,279;0
Bitcoin;Cripto;Prezzo vs SMA100;Solo short;1;697;44,046;-0,178;0,251;1048;45,515;-0,184;-0,358;0,847;-28,562;-0,358;False;4,769;0
Oro;Commodities;Prezzo vs SMA200;Solo long;5;259;52,896;0,065;0,047;269;53,532;0,229;-0,359;1,266;9,118;-0,359;False;3,666;0
EUR/CHF;Valute;Momentum 120g + filtro VIX;Solo long;5;185;38,919;-0,054;-0,048;121;46,281;-0,057;-0,359;0,775;-1,024;-0,359;False;1,157;0
Gas naturale;Commodities;SMA200 + Momentum20 concordi;Solo long;10;87;43,678;-0,487;-0,36;76;57,895;0,894;-0,017;1,199;10,076;-0,36;False;16,127;0
S&P 500;Indici;Acquisto su picco VIX;Long+Short;10;41;63,415;0,652;0,348;34;64,706;0,171;-0,36;1,089;0,862;-0,36;False;6,835;0
S&P 500;Indici;Acquisto su picco VIX;Solo long;10;41;63,415;0,652;0,348;34;64,706;0,171;-0,36;1,089;0,862;-0,36;False;6,835;0
GBP/USD;Valute;EMA 50/200 + filtro VIX;Solo short;20;71;46,479;0,139;0,014;30;53,333;-0,25;-0,361;0,811;-1,114;-0,361;False;3,765;0
FTSE MIB;Indici;Momentum 60g + filtro VIX;Solo long;10;146;50,685;-0,067;-0,361;128;57,812;0,454;-0,166;1,452;8,622;-0,361;False;6,265;0
FTSE MIB;Indici;Momentum 120g + filtro VIX;Solo long;10;141;51,773;0,008;-0,118;127;58,268;0,398;-0,361;1,389;7,492;-0,361;False;5,757;0
Euro Stoxx 50;Indici;Fine/inizio mese;Long+Short;20;99;55,556;0,248;-0,12;72;55,556;0,554;-0,362;1,361;5,92;-0,362;False;9,665;0
Euro Stoxx 50;Indici;Fine/inizio mese;Solo long;20;99;55,556;0,248;-0,12;72;55,556;0,554;-0,362;1,361;5,92;-0,362;False;9,665;0
Bitcoin;Cripto;Momentum 5g;Solo short;5;201;41,791;-0,498;1,072;314;41,401;-0,871;-0,362;0,698;-40,572;-0,362;False;11,142;0
Petrolio WTI;Commodities;Momentum 60g;Long+Short;20;116;51,724;0,759;0,904;84;53,571;-0,598;-0,362;0,878;-7,455;-0,362;False;16,173;0
FTSE MIB;Indici;SMA200 + Momentum20 concordi;Solo long;3;325;54,462;-0,029;-0,11;327;54,74;0,076;-0,362;1,145;3,672;-0,362;False;2,846;0
Argento;Commodities;Prezzo vs SMA50;Solo long;40;43;46,512;0,073;-0,363;32;53,125;3,61;-0,212;1,974;17,129;-0,363;False;17,223;0
Gas naturale;Commodities;Prezzo vs SMA200;Solo long;1;964;46,473;-0,131;-0,363;874;48,856;-0,039;0,167;0,975;-5,082;-0,363;False;5,161;0
EUR/USD;Valute;Breakout Donchian 20;Solo long;3;394;47,208;-0,032;-0,181;315;48,571;-0,01;-0,363;0,966;-0,451;-0,363;False;1,379;0
Gas naturale;Commodities;Momentum 60g;Solo long;3;385;48,312;-0,192;-0,324;321;49,533;0,03;-0,363;1,01;1,407;-0,363;False;9,337;0
EUR/USD;Valute;EMA 50/200 + filtro VIX;Long+Short;20;112;57,143;0,132;0,515;79;53,165;-0,073;-0,363;0,911;-0,852;-0,363;False;3,388;0
Gas naturale;Commodities;Momentum 5g;Solo short;60;37;62,162;-0,08;-0,363;27;51,852;-7,244;-0,162;0,588;-29,005;-0,363;False;58,168;0
EUR/CHF;Valute;Reversione RSI2;Long+Short;60;37;62,162;-0,133;-0,364;27;55,556;0,004;0,052;1,005;0,015;-0,364;False;4,101;0
EUR/CHF;Valute;EMA 10/30;Solo short;40;50;56,0;0,255;-0,364;34;55,882;0,304;0,036;1,715;1,53;-0,364;False;3,564;0
Gas naturale;Commodities;Momentum 10g;Long+Short;3;771;50,843;-0,008;-0,081;565;49,912;-0,109;-0,364;0,962;-9,125;-0,364;False;9,191;0
EUR/CHF;Valute;EMA 10/30;Solo long;60;31;41,935;-0,453;0,432;23;43,478;-0,6;-0,364;0,461;-2,046;-0,364;False;4,426;0
EUR/CHF;Valute;EMA 50/200 + filtro VIX;Long+Short;10;216;50,926;0,041;-0,016;152;49,342;0,015;-0,366;1,049;0,345;-0,366;False;1,672;0
Bitcoin;Cripto;Prezzo vs SMA20;Solo long;5;226;58,407;1,98;1,576;318;50,314;0,593;-0,366;1,266;27,96;-0,366;False;10,595;0
S&P 500;Indici;Breakout Donchian 55 + filtro VIX;Long+Short;40;56;62,5;0,978;-0,366;38;63,158;0,813;-0,256;1,368;4,585;-0,366;False;8,903;0
GBP/USD;Valute;Momentum 120g + filtro VIX;Solo long;60;25;52,0;-0,532;-0,201;20;60,0;0,029;-0,367;1,031;0,085;-0,367;False;6,952;0
Oro;Commodities;EMA 10/30;Solo short;40;44;50,0;-1,052;-0,367;25;40,0;-2,321;0,29;0,409;-8,604;-0,367;False;12,779;0
Argento;Commodities;ADX>20 + direzione DI;Solo long;60;27;51,852;-0,007;-0,367;21;52,381;7,461;0,275;3,86;23,236;-0,367;False;13,912;0
DAX;Indici;Momentum 5g;Solo long;40;57;63,158;1,423;-0,153;40;62,5;1,417;-0,367;1,789;8,408;-0,367;False;9,266;0
Ethereum;Cripto;Breakout Donchian 20;Solo long;1;174;45,402;-0,137;-0,361;1418;48,872;0,168;-0,368;1,132;35,348;-0,368;False;5,825;0
Petrolio WTI;Commodities;EMA 20/50;Solo long;5;263;50,19;-0,066;-0,369;174;54,598;0,361;0,101;1,185;9,304;-0,369;False;7,519;0
Nasdaq 100;Indici;Reversione RSI2 nel trend SMA200;Solo long;10;77;67,532;0,834;0,599;47;61,702;0,546;-0,369;1,395;3,808;-0,369;False;6,084;0
Petrolio WTI;Commodities;Prezzo vs SMA20;Solo long;20;91;51,648;0,494;0,482;69;53,623;1,018;-0,37;1,245;10,413;-0,37;False;16,057;0
Petrolio WTI;Commodities;Momentum 60g;Long+Short;40;58;46,552;-0,606;-0,37;42;45,238;0,133;0,044;1,02;0,827;-0,37;False;22,53;0
USD/JPY;Valute;Prezzo vs SMA100;Long+Short;3;801;47,69;-0,011;-0,37;584;49,658;0,006;-0,365;1,017;0,535;-0,37;False;1,775;0
FTSE MIB;Indici;Momentum 10g;Solo long;10;169;55,03;0,035;-0,04;134;52,985;0,391;-0,37;1,347;7,783;-0,37;False;6,397;0
Argento;Commodities;Reversione RSI2;Solo long;20;68;47,059;-0,029;-0,371;47;63,83;2,782;0,635;2,193;19,392;-0,371;False;11,558;0
S&P 500;Indici;Momentum 5g;Solo long;40;57;66,667;1,61;-0,371;40;75,0;2,434;0,158;2,886;14,446;-0,371;False;8,633;0
FTSE MIB;Indici;EMA 10/30;Solo long;60;35;51,429;-0,242;-0,372;25;84,0;3,328;-0,174;3,204;12,343;-0,372;False;15,149;0
EUR/CHF;Valute;Momentum 5g;Solo long;60;39;43,59;-0,663;0,009;27;40,741;-0,579;-0,372;0,471;-2,319;-0,372;False;4,78;0
Gas naturale;Commodities;Prezzo vs SMA200 + filtro VIX;Solo long;3;316;49,051;-0,106;0,016;248;50,0;0,012;-0,372;1,004;0,437;-0,372;False;8,835;0
Petrolio WTI;Commodities;EMA 20/50;Long+Short;60;39;48,718;-1,042;-0,372;27;44,444;-1,276;-0,323;0,853;-5,109;-0,372;False;27,986;0
Petrolio WTI;Commodities;Momentum 120g + filtro VIX;Solo short;20;56;44,643;-0,544;-0,373;46;58,696;0,563;1,422;1,186;3,843;-0,373;False;13,892;0
FTSE MIB;Indici;Momentum 120g + filtro VIX;Long+Short;10;214;47,196;0,091;0,281;149;56,376;0,223;-0,373;1,194;4,928;-0,373;False;6,141;0
FTSE MIB;Indici;Prezzo vs SMA200 + filtro VIX;Long+Short;3;674;49,703;-0,038;-0,373;470;56,383;0,127;0,71;1,211;8,83;-0,373;False;3,252;0
Argento;Commodities;Prezzo vs SMA50;Long+Short;60;39;30,769;-1,002;-0,373;27;37,037;5,409;0,794;1,898;21,659;-0,373;False;21,146;0
GBP/USD;Valute;Prezzo vs SMA20;Solo long;60;39;46,154;-0,608;-0,373;27;44,444;0,087;-0,176;1,058;0,348;-0,373;False;7,992;0
EUR/CHF;Valute;Momentum 20g;Solo short;60;37;59,459;0,423;-0,374;26;65,385;0,542;0,297;2,51;2,091;-0,374;False;3,706;0
Oro;Commodities;Reversione RSI2 nel trend SMA200;Long+Short;60;30;53,333;0,821;0,81;21;52,381;1,843;-0,374;1,722;5,74;-0,374;False;11,362;0
EUR/CHF;Valute;Momentum 120g + filtro VIX;Solo short;10;147;51,701;0,065;-0,374;103;53,398;0,053;-0,256;1,169;0,806;-0,374;False;1,564;0
EUR/CHF;Valute;EMA 20/50;Solo short;60;32;53,125;0,462;-0,375;24;66,667;0,504;0,142;1,925;1,795;-0,375;False;3,937;0
Euro Stoxx 50;Indici;EMA 20/50;Solo long;60;31;58,065;0,9;0,142;24;62,5;2,044;-0,375;2,053;7,278;-0,375;False;13,225;0
EUR/USD;Valute;Breakout Donchian 55;Solo short;10;133;52,632;0,051;-0,213;85;49,412;-0,088;-0,375;0,86;-1,11;-0,375;False;2,883;0
GBP/USD;Valute;Breakout Donchian 20;Solo short;40;40;42,5;0,258;0,001;28;42,857;-0,359;-0,375;0,766;-1,491;-0,375;False;4,848;0
FTSE MIB;Indici;Momentum 20g;Long+Short;60;39;43,59;-0,052;-0,036;28;67,857;0,878;-0,375;1,276;3,648;-0,375;False;16,95;0
Gas naturale;Commodities;Prezzo vs SMA50;Solo short;3;464;51,94;0,036;-0,375;292;50,685;-0,116;0,142;0,959;-5,014;-0,375;False;8,792;0
EUR/USD;Valute;Prezzo vs SMA20;Solo short;20;99;52,525;0,17;0,029;70;45,714;-0,15;-0,376;0,832;-1,557;-0,376;False;3,785;0
EUR/USD;Valute;Prezzo vs SMA200 + filtro VIX;Long+Short;10;217;50,691;-0,036;-0,376;152;48,684;0,021;0,165;1,043;0,466;-0,376;False;2,575;0
USD/JPY;Valute;Prezzo vs SMA200;Solo long;60;28;53,571;1,141;0,673;24;66,667;1,108;-0,376;1,882;3,945;-0,376;False;6,725;0
Argento;Commodities;ADX>25 + direzione DI;Long+Short;40;39;46,154;-0,829;-0,376;27;44,444;-0,867;-0,372;0,871;-3,471;-0,376;False;18,369;0
USD/JPY;Valute;Prezzo vs SMA200 + filtro VIX;Solo long;10;133;51,88;0,265;1,125;108;58,333;0,157;-0,377;1,23;2,514;-0,377;False;2,845;0
Oro;Commodities;EMA 20/50;Solo long;5;246;53,252;0,008;-0,378;235;52,766;0,268;-0,1;1,306;9,323;-0,378;False;3,55;0
EUR/USD;Valute;EMA 20/50;Solo short;20;75;54,667;0,063;-0,378;51;54,902;0,038;0,374;1,056;0,286;-0,378;False;3,973;0
Bitcoin;Cripto;Momentum 20g;Long+Short;60;29;55,172;-5,948;-0,378;40;50,0;5,194;1,384;1,601;30,811;-0,378;False;39,931;0
Petrolio WTI;Commodities;Momentum 60g;Solo short;3;370;47,838;-0,001;-0,031;307;45,603;-0,296;-0,378;0,86;-13,459;-0,378;False;6,616;0
Bitcoin;Cripto;Momentum 5g;Solo long;10;148;59,459;2,981;0,687;208;52,404;1,216;-0,378;1,411;37,499;-0,378;False;16,038;0
GBP/USD;Valute;Momentum 60g;Solo long;5;255;52,157;-0,021;0,128;219;46,575;-0,015;-0,378;0,959;-0,492;-0,378;False;1,854;0
USD/JPY;Valute;Momentum 120g;Solo long;60;28;57,143;1,116;0,651;22;59,091;1,037;-0,378;1,62;3,383;-0,378;False;7,265;0
Petrolio WTI;Commodities;Momentum 20g;Solo short;40;49;44,898;-0,916;-0,378;31;48,387;0,296;1,135;1,055;1,359;-0,378;False;17,488;0
Oro;Commodities;EMA 10/30;Solo short;5;254;47,638;-0,106;-0,378;132;39,394;-0,336;-0,272;0,651;-6,574;-0,378;False;3,303;0
EUR/USD;Valute;Momentum 120g + filtro VIX;Solo short;10;134;52,239;0,023;-0,378;75;52,0;0,004;0,166;1,007;0,043;-0,378;False;2,877;0
GBP/USD;Valute;Reversione RSI2 nel trend SMA200;Long+Short;40;48;54,167;0,102;0,167;30;50,0;-0,192;-0,378;0,853;-0,856;-0,378;False;5,467;0
Argento;Commodities;Momentum 10g;Solo short;3;458;50,437;0,137;1,007;299;46,823;-0,27;-0,379;0,819;-11,956;-0,379;False;4,573;0
Petrolio WTI;Commodities;Momentum 5g;Long+Short;60;39;53,846;-1,062;-0,379;27;44,444;0,899;0,327;1,119;3,6;-0,379;False;27,986;0
Euro Stoxx 50;Indici;EMA 10/30;Solo long;40;46;56,522;0,326;-0,379;34;58,824;1,77;0,22;2,3;8,929;-0,379;False;10,748;0
Gas naturale;Commodities;Momentum 60g + filtro VIX;Solo short;10;131;51,908;-0,1;-0,38;80;46,25;-1,271;-0,249;0,763;-15,084;-0,38;False;19,227;0
Argento;Commodities;Momentum 60g + filtro VIX;Solo long;3;338;50,0;0,078;0,504;299;51,171;0,099;-0,38;1,081;4,407;-0,38;False;4,51;0
Bitcoin;Cripto;Momentum 60g + filtro VIX;Solo long;60;24;62,5;20,528;0,423;31;58,065;7,315;-0,38;1,886;33,626;-0,38;False;37,306;0
USD/JPY;Valute;Momentum 120g + filtro VIX;Solo short;10;117;51,282;-0,117;-0,221;56;39,286;-0,302;-0,381;0,614;-2,509;-0,381;False;3,015;0
Gas naturale;Commodities;Prezzo vs SMA200 + filtro VIX;Solo long;5;200;48,0;-0,285;-0,381;155;52,258;0,366;-0,075;1,096;8,419;-0,381;False;11,689;0
S&P 500;Indici;Momentum 20g;Solo short;60;31;19,355;-3,051;-0,381;22;31,818;-3,996;-0,234;0,247;-13,044;-0,381;False;12,287;0
Euro Stoxx 50;Indici;Prezzo vs SMA20;Solo long;60;37;62,162;0,127;-0,382;25;64,0;2,845;0,157;2,71;10,552;-0,382;False;12,898;0
S&P 500;Indici;Momentum 5g;Solo long;60;38;68,421;2,556;-0,005;27;77,778;3,056;-0,382;2,585;12,239;-0,382;False;11,202;0
FTSE MIB;Indici;Momentum 120g + filtro VIX;Solo long;60;28;64,286;1,055;0,398;24;75,0;2,888;-0,382;2,381;10,283;-0,382;False;14,804;0
GBP/USD;Valute;SMA200 + Momentum20 concordi;Solo long;20;55;52,727;-0,258;-0,383;47;48,936;0,128;0,293;1,201;0,894;-0,383;False;3,157;0
Petrolio WTI;Commodities;Momentum 10g;Solo long;60;37;45,946;-1,141;-0,383;26;46,154;5,048;-0,085;2,075;19,463;-0,383;False;24,749;0
EUR/CHF;Valute;Acquisto su picco VIX;Long+Short;20;30;53,333;0,155;0,732;23;30,435;-0,264;-0,383;0,6;-0,902;-0,383;False;3,804;0
EUR/CHF;Valute;Acquisto su picco VIX;Solo long;20;30;53,333;0,155;0,732;23;30,435;-0,264;-0,383;0,6;-0,902;-0,383;False;3,804;0
Euro Stoxx 50;Indici;Prezzo vs SMA200;Solo long;20;82;59,756;0,176;-0,286;67;62,687;0,505;-0,384;1,352;5,019;-0,384;False;7,321;0
Gas naturale;Commodities;Breakout Donchian 55;Long+Short;40;58;50,0;-0,743;-0,384;42;54,762;1,646;0,327;1,162;10,249;-0,384;False;36,264;0
Euro Stoxx 50;Indici;ADX>20 + direzione DI;Solo long;40;35;57,143;0,255;-0,384;25;64,0;2,431;0,967;4,209;9,017;-0,384;False;9,391;0
FTSE MIB;Indici;Breakout Donchian 55;Solo short;1;911;49,726;0,02;-0,377;432;41,667;-0,026;-0,384;0,951;-1,662;-0,384;False;2,285;0
DAX;Indici;EMA 20/50;Long+Short;60;39;56,41;0,1;-0,331;28;71,429;1,146;-0,384;1,477;4,761;-0,384;False;17,898;0
Ethereum;Cripto;ADX>25 + direzione DI;Solo long;3;39;51,282;-0,454;-0,385;256;54,297;0,891;0,587;1,417;33,839;-0,385;False;11,631;0
DAX;Indici;Acquisto su picco VIX;Long+Short;20;31;70,968;0,412;-0,274;22;68,182;0,379;-0,385;1,191;1,238;-0,385;False;11,045;0
DAX;Indici;Acquisto su picco VIX;Solo long;20;31;70,968;0,412;-0,274;22;68,182;0,379;-0,385;1,191;1,238;-0,385;False;11,045;0
Gas naturale;Commodities;Breakout Donchian 20;Solo long;5;219;43,836;-0,286;-0,385;202;49,01;0,632;0,254;1,167;18,938;-0,385;False;12,01;0
Argento;Commodities;Prezzo vs SMA200;Solo short;5;304;50,0;-0,099;-0,386;116;42,241;-0,561;-0,352;0,741;-9,659;-0,386;False;5,766;0
Petrolio WTI;Commodities;ADX>20 + direzione DI;Solo short;5;179;48,603;-0,165;-0,386;117;46,154;-0,45;-0,206;0,83;-7,807;-0,386;False;9,573;0
Argento;Commodities;Reversione RSI2;Solo long;5;135;50,37;-0,083;-0,387;85;55,294;0,441;0,08;1,259;5,561;-0,387;False;5,893;0
Oro;Commodities;Acquisto su picco VIX;Long+Short;20;29;55,172;0,351;0,025;22;59,091;0,889;-0,387;1,533;2,901;-0,387;False;8,805;0
Oro;Commodities;Acquisto su picco VIX;Solo long;20;29;55,172;0,351;0,025;22;59,091;0,889;-0,387;1,533;2,901;-0,387;False;8,805;0
Petrolio WTI;Commodities;Momentum 60g;Solo short;5;231;49,784;0,033;0,123;188;46,277;-0,55;-0,388;0,81;-15,334;-0,388;False;8,895;0
FTSE MIB;Indici;EMA 50/200;Solo long;5;276;52,536;0,061;0,393;270;55,926;0,157;-0,388;1,188;6,3;-0,388;False;4,417;0
DAX;Indici;Prezzo vs SMA200;Solo long;10;177;60,452;0,237;-0,388;139;53,957;0,42;-0,028;1,558;8,666;-0,388;False;4,794;0
GBP/USD;Valute;Prezzo vs SMA100;Solo short;20;76;53,947;0,138;0,008;49;48,98;-0,201;-0,388;0,817;-1,459;-0,388;False;3,866;0
FTSE MIB;Indici;Prezzo vs SMA20;Long+Short;3;779;50,578;-0,017;-0,186;571;50,263;-0,009;-0,388;0,987;-0,794;-0,388;False;3,451;0
EUR/CHF;Valute;EMA 50/200;Solo short;20;89;49,438;0,216;0,002;71;53,521;0,088;-0,389;1,196;0,93;-0,389;False;2,482;0
GBP/USD;Valute;Momentum 10g;Solo long;60;39;41,026;-0,625;-0,39;26;50,0;0,276;0,055;1,186;1,062;-0,39;False;7,938;0
EUR/USD;Valute;Breakout Donchian 20;Solo long;10;125;44,8;-0,14;-0,39;98;47,959;0,015;-0,06;1,027;0,217;-0,39;False;2,319;0
Petrolio WTI;Commodities;Reversione RSI2;Solo short;1;334;45,808;0,016;-0,072;269;50,558;-0,08;-0,391;0,915;-3,2;-0,391;False;2,877;0
USD/JPY;Valute;Momentum 120g + filtro VIX;Long+Short;3;688;50,0;0,024;0,656;484;50,0;0,005;-0,391;1,013;0,327;-0,391;False;1,694;0
USD/JPY;Valute;Prezzo vs SMA200 + filtro VIX;Solo short;20;60;43,333;-0,292;-0,391;31;51,613;-0,372;0,164;0,675;-1,712;-0,391;False;4,216;0
Oro;Commodities;Breakout Donchian 55 + filtro VIX;Long+Short;60;38;57,895;-0,076;-0,391;26;57,692;3,318;0,865;2,542;12,791;-0,391;False;10,161;0
Petrolio WTI;Commodities;Momentum 5g;Solo short;60;37;51,351;0,459;0,2;26;46,154;-9,107;-0,392;0,423;-35,115;-0,392;False;26,984;0
GBP/USD;Valute;Momentum 20g;Solo short;10;150;47,333;0,016;-0,359;111;47,748;-0,088;-0,392;0,869;-1,456;-0,392;False;2,774;0
Petrolio WTI;Commodities;Momentum 60g;Solo long;20;78;52,564;0,328;0,232;51;50,98;1,096;-0,392;1,347;8,289;-0,392;False;15,394;0
GBP/USD;Valute;EMA 10/30;Long+Short;60;41;48,78;-0,163;-0,392;28;53,571;0,046;0,038;1,032;0,193;-0,392;False;5,798;0
Euro Stoxx 50;Indici;EMA 10/30;Solo long;60;33;60,606;1,032;0,222;25;72,0;1,979;-0,393;1,968;7,342;-0,393;False;11,996;0
EUR/USD;Valute;EMA 50/200 + filtro VIX;Long+Short;3;689;49,347;0,004;0,028;484;47,727;-0,012;-0,393;0,957;-0,869;-0,393;False;1,516;0
Gas naturale;Commodities;Prezzo vs SMA50;Solo long;1;1031;45,684;-0,133;-0,393;880;47,614;-0,063;0,006;0,96;-8,233;-0,393;False;4,909;0
EUR/USD;Valute;Breakout Donchian 55;Long+Short;5;481;49,688;-0,009;-0,213;350;50,0;-0,022;-0,394;0,945;-1,146;-0,394;False;1,864;0
Oro;Commodities;EMA 20/50;Solo short;40;38;47,368;-1,077;-0,394;21;52,381;-1,987;0,458;0,483;-6,188;-0,394;False;13,552;0
EUR/CHF;Valute;Prezzo vs SMA200;Long+Short;20;121;51,24;0,116;0,349;86;51,163;0,019;-0,395;1,041;0,238;-0,395;False;2,423;0
FTSE MIB;Indici;SMA200 + Momentum20 concordi;Solo short;3;244;47,541;-0,059;-0,395;91;45,055;-0,16;-0,126;0,887;-2,167;-0,395;False;5,117;0
Euro Stoxx 50;Indici;Momentum 10g;Solo short;60;35;42,857;-1,303;-0,395;26;30,769;-2,821;-0,119;0,412;-10,882;-0,395;False;13,472;0
USD/JPY;Valute;EMA 50/200;Solo long;10;137;48,175;0,168;0,628;124;59,677;0,158;-0,396;1,238;2,901;-0,396;False;3,04;0
Euro Stoxx 50;Indici;Prezzo vs SMA20;Solo short;40;46;45,652;-0,413;0,272;35;28,571;-2,084;-0,396;0,46;-10,823;-0,396;False;9,823;0
GBP/USD;Valute;Prezzo vs SMA200;Solo long;60;25;44,0;-0,68;-0,397;22;45,455;0,035;-0,304;1,031;0,113;-0,397;False;5,987;0
Petrolio WTI;Commodities;Breakout Donchian 55 + filtro VIX;Long+Short;20;108;50,926;0,606;0,755;77;41,558;-0,44;-0,397;0,901;-5,019;-0,397;False;15,469;0
Argento;Commodities;Momentum 120g;Solo long;5;217;47,005;-0,078;-0,398;233;53,219;0,397;0,015;1,234;13,705;-0,398;False;6,471;0
Petrolio WTI;Commodities;EMA 20/50;Solo short;40;37;43,243;-1,214;-0,398;26;46,154;-2,888;0,153;0,645;-11,137;-0,398;False;23,672;0
EUR/CHF;Valute;Momentum 20g;Solo short;40;52;50,0;0,278;-0,398;39;53,846;0,317;0,1;1,683;1,835;-0,398;False;3,237;0
Bitcoin;Cripto;Momentum 60g;Long+Short;5;347;53,026;0,999;1,602;491;46,232;-0,015;-0,399;0,994;-1,126;-0,399;False;11,847;0
FTSE MIB;Indici;Breakout Donchian 55 + filtro VIX;Solo short;10;78;46,154;0,092;0,255;30;43,333;-0,81;-0,399;0,611;-3,607;-0,399;False;6,677;0
Argento;Commodities;Momentum 120g + filtro VIX;Solo long;60;27;48,148;0,751;-0,03;23;43,478;4,694;-0,4;1,923;16,01;-0,4;False;19,934;0
Bitcoin;Cripto;Acquisto su picco VIX;Long+Short;20;24;45,833;3,111;-0,4;32;68,75;4,883;0,585;2,207;23,171;-0,4;False;23,928;0
Bitcoin;Cripto;Acquisto su picco VIX;Solo long;20;24;45,833;3,111;-0,4;32;68,75;4,883;0,585;2,207;23,171;-0,4;False;23,928;0
Petrolio WTI;Commodities;Momentum 60g + filtro VIX;Solo long;60;31;51,613;0,11;0,035;20;60,0;3,541;-0,4;1,615;10,503;-0,4;False;25,426;0
USD/JPY;Valute;Breakout Donchian 55 + filtro VIX;Solo short;3;271;49,446;-0,028;-0,077;170;44,118;-0,098;-0,4;0,755;-2,479;-0,4;False;1,724;0
GBP/USD;Valute;Momentum 60g;Long+Short;60;41;51,22;-0,186;-0,4;28;53,571;0,159;0,183;1,114;0,661;-0,4;False;6,908;0
Petrolio WTI;Commodities;Momentum 20g;Solo short;60;35;42,857;-1,069;-0,4;23;47,826;-2,124;0,527;0,797;-7,244;-0,4;False;26,04;0
GBP/USD;Valute;Momentum 60g;Solo short;40;48;52,083;0,313;0,123;31;45,161;-0,373;-0,401;0,768;-1,715;-0,401;False;4,942;0
Nasdaq 100;Indici;EMA 10/30;Solo long;20;99;69,697;1,357;0,12;69;65,217;1,312;-0,402;1,877;13,43;-0,402;False;6,867;0
Euro Stoxx 50;Indici;EMA 10/30;Solo short;40;39;28,205;-1,151;-0,402;27;33,333;-2,044;-0,363;0,455;-8,187;-0,402;False;9,645;0
FTSE MIB;Indici;Momentum 5g;Solo long;40;56;58,929;0,815;0,436;40;65,0;1,63;-0,402;1,778;9,671;-0,402;False;13,49;0
EUR/CHF;Valute;Momentum 5g;Solo short;60;39;58,974;0,444;-0,402;28;64,286;0,364;-0,19;1,487;1,51;-0,402;False;3,941;0
Petrolio WTI;Commodities;Momentum 5g;Solo long;1;1179;50,042;-0,044;-0,402;909;50,605;0,008;-0,037;1,009;1,101;-0,402;False;3,444;0
DAX;Indici;SMA200 + Momentum20 concordi;Solo short;3;157;45,86;0,01;0,378;90;44,444;-0,226;-0,402;0,819;-3,015;-0,402;False;4,138;0
DAX;Indici;Prezzo vs SMA100;Solo short;20;58;34,483;-1,061;-0,403;35;37,143;-1,279;-0,269;0,611;-6,642;-0,403;False;8,587;0
USD/JPY;Valute;Reversione RSI2 nel trend SMA200;Solo long;40;26;42,308;0,031;-0,403;21;71,429;1,04;0,14;2,054;3,238;-0,403;False;5,549;0
USD/JPY;Valute;EMA 50/200;Long+Short;60;41;43,902;-0,269;-0,404;28;64,286;0,554;0,043;1,389;2,301;-0,404;False;6,461;0
Nasdaq 100;Indici;EMA 10/30;Solo long;40;53;73,585;2,458;-0,404;34;67,647;3,611;0,3;3,2;18,215;-0,404;False;8,14;0
Oro;Commodities;EMA 20/50;Long+Short;20;116;50,0;-0,171;-0,406;84;60,714;1,341;1,774;2,136;16,7;-0,406;False;6,803;0
FTSE MIB;Indici;Momentum 5g;Long+Short;60;39;46,154;0,25;0,187;28;60,714;-0,196;-0,406;0,947;-0,814;-0,406;False;16,942;0
Oro;Commodities;Prezzo vs SMA200;Long+Short;20;116;45,69;-0,132;-0,406;84;51,19;0,565;-0,238;1,359;7,04;-0,406;False;6,803;0
Oro;Commodities;SMA200 + Momentum20 concordi;Long+Short;10;186;44,624;-0,088;-0,406;141;52,482;0,255;-0,276;1,219;5,34;-0,406;False;5,396;0
Ethereum;Cripto;EMA 10/30;Solo short;1;379;52,507;0,195;0,849;1116;45,251;-0,259;-0,406;0,834;-42,865;-0,406;False;5,94;0
Argento;Commodities;Momentum 120g;Solo long;60;27;44,444;0,665;-0,065;23;43,478;4,666;-0,407;1,925;15,915;-0,407;False;19,934;0
Nasdaq 100;Indici;Momentum 20g;Solo long;60;37;78,378;3,49;-0,407;25;68,0;4,32;-0,359;3,181;16,022;-0,407;False;12,432;0
EUR/CHF;Valute;EMA 50/200 + filtro VIX;Solo long;20;36;52,778;-0,011;0,852;20;40,0;-0,259;-0,407;0,551;-0,768;-0,407;False;2,81;0
EUR/USD;Valute;Prezzo vs SMA200;Long+Short;5;481;50,104;-0,008;-0,216;350;51,429;-0,023;-0,408;0,944;-1,169;-0,408;False;1,864;0
Oro;Commodities;Prezzo vs SMA200;Solo long;20;70;44,286;0,228;-0,191;72;58,333;1,096;-0,408;1,988;11,697;-0,408;False;6,528;0
USD/JPY;Valute;Prezzo vs SMA100;Solo short;3;405;47,16;-0,043;-0,408;211;45,972;-0,079;-0,14;0,815;-2,485;-0,408;False;1,753;0
Argento;Commodities;Breakout Donchian 20;Solo long;40;41;48,78;-0,015;-0,408;33;51,515;4,38;0,052;2,08;21,436;-0,408;False;16,633;0
FTSE MIB;Indici;EMA 50/200 + filtro VIX;Long+Short;10;214;49,533;0,171;0,562;149;57,047;0,193;-0,408;1,166;4,264;-0,408;False;5,977;0
Oro;Commodities;Momentum 5g;Solo short;40;54;55,556;-0,041;0,808;38;39,474;-3,203;-0,408;0,349;-18,052;-0,408;False;12,313;0
Petrolio WTI;Commodities;Reversione RSI2;Solo short;10;111;41,441;-0,274;-0,408;91;49,451;-0,234;0,475;0,931;-3,159;-0,408;False;10,919;0
GBP/USD;Valute;Momentum 60g + filtro VIX;Solo long;40;39;56,41;-0,037;0,454;32;46,875;-0,06;-0,409;0,946;-0,287;-0,409;False;4,416;0
EUR/CHF;Valute;EMA 50/200 + filtro VIX;Solo long;10;65;40,0;-0,006;0,733;35;45,714;-0,142;-0,41;0,672;-0,735;-0,41;False;1,761;0
FTSE MIB;Indici;SMA200 + Momentum20 concordi;Long+Short;3;568;51,585;-0,043;-0,411;417;51,799;0,024;-0,312;1,033;1,489;-0,411;False;3,545;0
Petrolio WTI;Commodities;EMA 50/200;Solo short;5;215;49,302;-0,153;-0,411;189;46,561;-0,401;-0,16;0,848;-11,247;-0,411;False;8,603;0
EUR/CHF;Valute;ADX>20 + direzione DI;Solo short;60;30;53,333;0,378;-0,411;20;55,0;0,589;0,281;2,049;1,748;-0,411;False;3,831;0
GBP/USD;Valute;Momentum 120g + filtro VIX;Solo long;20;64;43,75;-0,025;0,39;53;52,83;-0,052;-0,412;0,937;-0,405;-0,412;False;3,15;0
FTSE MIB;Indici;Prezzo vs SMA200 + filtro VIX;Long+Short;10;214;47,196;-0,11;-0,412;149;56,376;0,19;-0,396;1,163;4,19;-0,412;False;6,252;0
Petrolio WTI;Commodities;Prezzo vs SMA100;Long+Short;3;772;51,554;-0,051;-0,412;563;49,734;-0,054;-0,251;0,971;-4,535;-0,412;False;6,263;0
GBP/USD;Valute;EMA 10/30;Solo short;20;79;49,367;0,022;-0,412;53;52,83;-0,089;-0,106;0,912;-0,702;-0,412;False;3,85;0
DAX;Indici;Reversione RSI2 nel trend SMA200;Long+Short;3;114;49,123;-0,052;-0,412;86;58,14;0,124;0,398;1,202;1,583;-0,412;False;2,91;0
Petrolio WTI;Commodities;ADX>25 + direzione DI;Long+Short;3;356;51,685;-0,083;-0,413;218;53,67;0,216;0,392;1,1;6,992;-0,413;False;7,035;0
FTSE MIB;Indici;ADX>20 + direzione DI;Solo long;5;148;50,676;-0,08;-0,413;109;51,376;0,171;-0,227;1,23;2,767;-0,413;False;3,686;0
Argento;Commodities;Momentum 20g;Solo short;40;49;57,143;0,266;0,622;35;37,143;-5,404;-0,413;0,385;-28,047;-0,413;False;24,415;0
Petrolio WTI;Commodities;EMA 50/200 + filtro VIX;Solo short;20;53;50,943;-0,343;-0,177;43;46,512;-2,298;-0,413;0,542;-14,656;-0,413;False;16,819;0
EUR/USD;Valute;EMA 10/30;Solo long;5;241;48,133;-0,072;-0,413;183;50,82;0,025;0,2;1,071;0,69;-0,413;False;1,844;0
FTSE MIB;Indici;Prezzo vs SMA50;Solo short;40;43;44,186;-0,932;-0,352;28;32,143;-2,929;-0,414;0,446;-12,167;-0,414;False;14,551;0
EUR/USD;Valute;Breakout Donchian 20;Solo long;40;37;43,243;-0,491;-0,414;30;43,333;0,276;0,25;1,277;1,229;-0,414;False;5,086;0
Ethereum;Cripto;Fine/inizio mese;Long+Short;20;20;45,0;0,749;-0,072;80;47,5;3,356;-0,414;1,58;39,812;-0,414;False;29,868;0
Ethereum;Cripto;Fine/inizio mese;Solo long;20;20;45,0;0,749;-0,072;80;47,5;3,356;-0,414;1,58;39,812;-0,414;False;29,868;0
EUR/CHF;Valute;ADX>20 + direzione DI;Long+Short;5;314;44,268;0,058;0,718;220;51,364;-0,015;-0,414;0,944;-0,477;-0,414;False;1,271;0
Euro Stoxx 50;Indici;Prezzo vs SMA20;Long+Short;60;39;48,718;-0,176;-0,414;27;59,259;1,058;0,282;1,429;4,237;-0,414;False;13,192;0
Petrolio WTI;Commodities;Prezzo vs SMA200;Solo short;5;233;47,21;-0,149;-0,415;194;46,907;-0,488;-0,306;0,813;-14,05;-0,415;False;8,614;0
EUR/CHF;Valute;Fine/inizio mese;Long+Short;3;111;39,64;-0,061;-0,415;80;46,25;-0,016;0,089;0,931;-0,189;-0,415;False;1,061;0
EUR/CHF;Valute;Fine/inizio mese;Solo long;3;111;39,64;-0,061;-0,415;80;46,25;-0,016;0,089;0,931;-0,189;-0,415;False;1,061;0
USD/JPY;Valute;Momentum 60g;Long+Short;40;61;50,82;0,422;0,924;42;66,667;0,024;-0,415;1,017;0,149;-0,415;False;5,967;0
Euro Stoxx 50;Indici;Reversione RSI2 nel trend SMA200;Solo short;10;34;50,0;0,555;1,133;20;35,0;-0,853;-0,415;0,641;-2,53;-0,415;False;5,111;0
GBP/USD;Valute;Breakout Donchian 55;Long+Short;40;61;49,18;-0,111;-0,415;42;47,619;-0,026;-0,097;0,98;-0,161;-0,415;False;5,027;0
Ethereum;Cripto;Prezzo vs SMA20;Solo long;10;33;39,394;-0,54;-0,415;172;51,163;2,372;0,254;1,589;60,497;-0,415;False;20,111;0
GBP/USD;Valute;Momentum 60g + filtro VIX;Solo long;60;27;51,852;-0,357;0,032;22;54,545;-0,065;-0,415;0,947;-0,213;-0,415;False;7,44;0
EUR/USD;Valute;Momentum 60g + filtro VIX;Long+Short;3;689;48,621;-0,012;-0,416;484;46,694;-0,002;-0,076;0,992;-0,159;-0,416;False;1,482;0
GBP/USD;Valute;Momentum 60g;Solo long;10;138;49,275;-0,123;-0,36;115;47,826;-0,031;-0,416;0,945;-0,528;-0,416;False;2,486;0
Oro;Commodities;EMA 20/50;Solo short;5;236;45,339;-0,117;-0,417;115;43,478;-0,206;0,353;0,791;-3,512;-0,417;False;3,344;0
EUR/USD;Valute;Momentum 20g;Solo long;20;88;52,273;-0,254;-0,417;62;50,0;0,043;-0,063;1,054;0,396;-0,417;False;3,675;0
EUR/USD;Valute;Momentum 120g;Solo long;5;223;47,085;-0,073;-0,417;195;50,256;-0,007;-0,26;0,981;-0,197;-0,417;False;1,786;0
Oro;Commodities;SMA200 + Momentum20 concordi;Solo long;5;182;50,549;0,023;-0,222;209;54,545;0,213;-0,417;1,249;6,606;-0,417;False;3,776;0
Bitcoin;Cripto;Reversione RSI2;Solo long;40;32;65,625;8,533;-0,418;46;60,87;8,103;0,481;2,394;55,277;-0,418;False;30,405;0
EUR/USD;Valute;Prezzo vs SMA50;Solo short;40;49;51,02;0,135;-0,418;33;51,515;-0,018;0,28;0,983;-0,09;-0,418;False;4,792;0
GBP/USD;Valute;Prezzo vs SMA100;Solo long;3;430;51,395;-0,026;-0,168;355;45,915;-0,013;-0,419;0,959;-0,69;-0,419;False;1,478;0
Euro Stoxx 50;Indici;Prezzo vs SMA200;Solo short;3;300;45,333;-0,099;-0,419;156;46,154;-0,136;-0,149;0,883;-3,148;-0,419;False;3,991;0
Oro;Commodities;SMA200 + Momentum20 concordi;Solo short;10;92;48,913;-0,047;0,296;37;32,432;-0,841;-0,42;0,484;-4,613;-0,42;False;4,934;0
EUR/CHF;Valute;ADX>25 + direzione DI;Solo short;20;38;52,632;0,047;-0,42;34;44,118;0,069;-0,411;1,185;0,35;-0,42;False;2,221;0
Ethereum;Cripto;Momentum 60g;Solo long;1;197;48,223;0,234;0,768;1445;49,758;0,16;-0,42;1,119;34,358;-0,42;False;6,216;0
Petrolio WTI;Commodities;EMA 50/200 + filtro VIX;Solo short;40;29;31,034;-1,331;-0,42;24;50,0;-1,583;0,434;0,792;-5,633;-0,42;False;25,24;0
GBP/USD;Valute;Momentum 120g;Solo long;60;26;50,0;-0,633;-0,36;20;50,0;-0,04;-0,42;0,965;-0,118;-0,42;False;6,328;0
EUR/USD;Valute;Prezzo vs SMA100;Solo long;20;73;46,575;-0,271;-0,421;53;54,717;0,23;0,676;1,364;1,811;-0,421;False;3,199;0
EUR/CHF;Valute;Prezzo vs SMA200 + filtro VIX;Long+Short;60;39;51,282;0,376;0,648;27;44,444;0,006;-0,421;1,008;0,025;-0,421;False;4,013;0
Petrolio WTI;Commodities;Prezzo vs SMA50;Solo short;3;387;47,804;-0,077;-0,421;295;48,136;-0,054;0,302;0,974;-2,35;-0,421;False;6,464;0
Petrolio WTI;Commodities;EMA 10/30;Long+Short;5;463;49,676;-0,082;-0,421;338;47,633;-0,032;-0,137;0,987;-1,602;-0,421;False;8,555;0
Nasdaq 100;Indici;Prezzo vs SMA200 + filtro VIX;Solo long;40;54;68,519;2,501;-0,319;34;70,588;2,584;-0,421;2,111;13,032;-0,421;False;10,925;0
DAX;Indici;Momentum 5g;Solo short;10;178;43,258;-0,454;-0,422;128;44,531;-0,375;0,126;0,784;-7,12;-0,422;False;6,022;0
Bitcoin;Cripto;Reversione RSI2 nel trend SMA200;Solo short;3;39;61,538;-0,572;0,088;65;41,538;-0,737;-0,422;0,709;-7,106;-0,422;False;9,0;0
EUR/USD;Valute;Momentum 20g;Solo long;60;35;45,714;-0,723;-0,423;24;50,0;0,267;0,082;1,238;0,951;-0,423;False;6,946;0
GBP/USD;Valute;Breakout Donchian 55;Solo short;20;73;49,315;0,116;-0,069;41;46,341;-0,211;-0,423;0,783;-1,282;-0,423;False;3,557;0
EUR/USD;Valute;Momentum 5g;Solo long;40;56;51,786;-0,455;-0,423;41;51,22;-0,002;-0,325;0,998;-0,014;-0,423;False;5,312;0
Gas naturale;Commodities;Prezzo vs SMA200;Long+Short;40;58;51,724;0,237;0,06;42;50,0;-1,694;-0,424;0,857;-10,549;-0,424;False;36,409;0
FTSE MIB;Indici;Prezzo vs SMA200;Solo short;5;215;48,837;-0,114;-0,424;85;38,824;-0,395;-0,356;0,776;-4,985;-0,424;False;6,16;0
Oro;Commodities;EMA 20/50;Long+Short;10;232;47,414;-0,078;-0,424;168;56,548;0,577;1,486;1,628;14,387;-0,424;False;4,66;0
Argento;Commodities;ADX>25 + direzione DI;Solo long;20;35;40,0;-0,205;-0,424;28;42,857;2,673;0,346;2,172;11,099;-0,424;False;10,769;0
Gas naturale;Commodities;Breakout Donchian 55;Solo short;20;64;51,562;-0,247;-0,42;46;45,652;-3,273;-0,425;0,66;-22,328;-0,425;False;32,184;0
USD/JPY;Valute;Reversione RSI2;Long+Short;20;103;44,66;-0,094;-0,425;74;51,351;0,019;0,4;1,021;0,213;-0,425;False;4,519;0
Oro;Commodities;EMA 20/50;Long+Short;40;58;43,103;-0,314;-0,425;42;69,048;3,097;2,5;3,841;19,289;-0,425;False;10,111;0
GBP/USD;Valute;EMA 10/30;Solo short;10;139;46,763;0,002;-0,425;95;48,421;-0,038;-0,082;0,948;-0,536;-0,425;False;2,891;0
GBP/USD;Valute;Momentum 60g;Solo short;20;83;49,398;0,281;0,571;55;47,273;-0,187;-0,425;0,81;-1,524;-0,425;False;3,779;0
Gas naturale;Commodities;Breakout Donchian 55 + filtro VIX;Solo short;40;35;54,286;0,229;-0,195;22;45,455;-6,791;-0,425;0,561;-22,157;-0,425;False;43,632;0
Petrolio WTI;Commodities;Momentum 20g;Solo short;3;406;47,783;-0,077;-0,426;294;50,68;0,073;0,654;1,038;3,204;-0,426;False;6,27;0
FTSE MIB;Indici;Momentum 10g;Long+Short;3;779;50,321;-0,007;-0,066;571;49,387;-0,017;-0,426;0,977;-1,456;-0,426;False;3,421;0
EUR/USD;Valute;EMA 50/200 + filtro VIX;Solo long;40;26;50,0;-0,123;0,303;27;37,037;-0,038;-0,426;0,955;-0,15;-0,426;False;3,874;0
FTSE MIB;Indici;Prezzo vs SMA200 + filtro VIX;Solo long;20;75;56,0;0,392;0,415;65;64,615;0,767;-0,426;1,516;7,4;-0,426;False;7,774;0
Oro;Commodities;SMA200 + Momentum20 concordi;Solo short;5;169;44,379;-0,119;-0,354;65;38,462;-0,412;-0,426;0,633;-3,969;-0,426;False;3,563;0
EUR/USD;Valute;EMA 50/200;Solo short;5;280;49,286;0,027;-0,184;153;49,673;-0,051;-0,426;0,888;-1,165;-0,426;False;2,107;0
Euro Stoxx 50;Indici;Momentum 5g;Solo short;60;37;40,541;-1,169;-0,427;27;37,037;-2,494;0,075;0,474;-9,991;-0,427;False;12,935;0
EUR/USD;Valute;Prezzo vs SMA20;Long+Short;60;41;60,976;0,752;1,204;28;42,857;-0,322;-0,427;0,764;-1,338;-0,427;False;5,344;0
GBP/USD;Valute;EMA 10/30;Solo long;40;44;47,727;-0,33;-0,149;33;51,515;-0,107;-0,427;0,914;-0,523;-0,427;False;4,482;0
Argento;Commodities;EMA 50/200 + filtro VIX;Long+Short;10;209;55,981;0,522;1,547;149;46,309;0,177;-0,428;1,064;3,914;-0,428;False;9,184;0
GBP/USD;Valute;Prezzo vs SMA20;Solo short;20;100;50,0;0,057;-0,35;68;44,118;-0,172;-0,428;0,825;-1,737;-0,428;False;3,619;0
Gas naturale;Commodities;Prezzo vs SMA100;Solo long;10;126;42,857;-0,462;-0,428;100;50,0;0,82;-0,074;1,167;12,154;-0,428;False;16,269;0
EUR/USD;Valute;Momentum 10g;Solo long;60;38;47,368;-0,7;-0,429;26;46,154;0,194;-0,024;1,153;0,749;-0,429;False;6,916;0
EUR/USD;Valute;Breakout Donchian 55;Solo short;40;37;54,054;0,071;-0,429;23;56,522;-0,321;-0,26;0,784;-1,094;-0,429;False;5,347;0
Ethereum;Cripto;Momentum 20g;Solo short;1;361;50,693;0,008;0,023;1162;44,32;-0,261;-0,429;0,832;-44,889;-0,429;False;5,898;0
FTSE MIB;Indici;Momentum 5g;Solo long;10;195;49,744;-0,092;-0,43;148;57,432;0,686;0,606;1,65;15,07;-0,43;False;6,538;0
GBP/USD;Valute;Breakout Donchian 55 + filtro VIX;Long+Short;20;112;45,536;0,011;-0,066;79;50,633;-0,101;-0,43;0,893;-1,178;-0,43;False;3,319;0
DAX;Indici;Prezzo vs SMA50;Long+Short;60;39;51,282;-0,047;-0,43;28;67,857;0,543;-0,069;1,201;2,255;-0,43;False;17,898;0
USD/JPY;Valute;Momentum 5g;Solo short;5;309;48,544;-0,067;-0,43;211;42,18;-0,144;-0,301;0,75;-4,496;-0,43;False;1,97;0
Argento;Commodities;EMA 50/200 + filtro VIX;Solo long;3;227;54,185;0,188;0,854;350;52,286;0,096;-0,43;1,077;4,959;-0,43;False;4,909;0
EUR/CHF;Valute;Momentum 120g + filtro VIX;Long+Short;60;39;69,231;0,878;1,532;27;40,741;-0,031;-0,43;0,964;-0,124;-0,43;False;3,723;0
GBP/USD;Valute;Momentum 5g;Solo short;10;193;52,85;0,014;-0,431;138;49,275;-0,058;-0,224;0,916;-1,187;-0,431;False;2,676;0
USD/JPY;Valute;Prezzo vs SMA20;Solo long;5;307;47,231;0,008;-0,431;248;53,226;0,087;-0,375;1,212;3,183;-0,431;False;2,04;0
FTSE MIB;Indici;Fine/inizio mese;Long+Short;10;111;54,955;-0,152;-0,431;80;63,75;0,651;0,23;1,431;7,722;-0,431;False;7,99;0
FTSE MIB;Indici;Fine/inizio mese;Solo long;10;111;54,955;-0,152;-0,431;80;63,75;0,651;0,23;1,431;7,722;-0,431;False;7,99;0
Oro;Commodities;Momentum 60g;Long+Short;20;116;50,862;-0,154;-0,432;84;53,571;0,463;0,187;1,285;5,761;-0,432;False;7,765;0
Argento;Commodities;Breakout Donchian 20;Solo short;5;289;50,173;-0,042;-0,075;139;44,604;-0,553;-0,432;0,711;-11,389;-0,432;False;5,109;0
FTSE MIB;Indici;Momentum 120g;Solo short;3;352;45,739;-0,048;-0,432;131;44,275;-0,166;-0,216;0,861;-3,221;-0,432;False;4,447;0
Bitcoin;Cripto;ADX>25 + direzione DI;Long+Short;1;1085;51,982;-0,003;-0,432;1390;47,554;-0,015;-0,322;0,987;-3,034;-0,432;False;5,524;0
FTSE MIB;Indici;ADX>20 + direzione DI;Solo long;60;29;41,379;-0,395;-0,432;20;65,0;3,409;-0,091;2,78;10,114;-0,432;False;12,993;0
Oro;Commodities;Breakout Donchian 20;Solo long;5;231;50,649;0,004;-0,381;228;52,193;0,205;-0,432;1,226;6,935;-0,432;False;3,536;0
Petrolio WTI;Commodities;ADX>20 + direzione DI;Solo long;3;274;48,175;-0,08;-0,433;175;52,0;0,52;0,894;1,346;13,487;-0,433;False;5,831;0
Argento;Commodities;EMA 50/200;Long+Short;20;116;56,034;0,56;0,916;84;52,381;0,397;-0,433;1,11;4,944;-0,433;False;11,65;0
EUR/CHF;Valute;Momentum 10g;Solo short;40;57;56,14;0,341;-0,277;40;50,0;0,187;-0,433;1,364;1,109;-0,433;False;3,064;0
Oro;Commodities;Momentum 60g;Solo long;60;31;61,29;1,315;0,28;25;64,0;3,229;-0,433;2,568;11,972;-0,433;False;9,93;0
Gas naturale;Commodities;Prezzo vs SMA200 + filtro VIX;Solo long;40;33;42,424;-0,086;0,202;27;48,148;1,774;-0,434;1,187;7,104;-0,434;False;34,842;0
FTSE MIB;Indici;SMA200 + Momentum20 concordi;Solo short;5;158;47,468;-0,147;-0,434;59;40,678;-0,44;-0,375;0,741;-3,856;-0,434;False;5,911;0
Oro;Commodities;Momentum 10g;Solo long;5;304;49,671;0,027;-0,273;238;51,681;0,217;-0,434;1,267;7,669;-0,434;False;3,456;0
USD/JPY;Valute;EMA 50/200;Solo long;40;38;50,0;0,714;0,702;33;60,606;0,631;-0,434;1,479;3,089;-0,434;False;5,895;0
Petrolio WTI;Commodities;EMA 50/200;Solo short;3;354;48,305;-0,085;-0,434;314;48,089;-0,163;0,008;0,914;-7,598;-0,434;False;6,579;0
USD/JPY;Valute;Prezzo vs SMA100;Solo long;3;439;49,658;0,014;-0,197;392;54,847;0,048;-0,434;1,147;2,808;-0,434;False;1,784;0
EUR/USD;Valute;EMA 20/50;Solo long;5;237;47,679;-0,074;-0,435;180;48,333;-0,006;-0,211;0,985;-0,155;-0,435;False;1,81;0
Nasdaq 100;Indici;Reversione RSI2 nel trend SMA200;Solo long;40;36;72,222;2,367;-0,435;25;76,0;4,107;0,622;4,005;15,232;-0,435;False;10,843;0
FTSE MIB;Indici;Breakout Donchian 55;Solo short;10;95;51,579;-0,05;-0,005;46;39,13;-0,935;-0,435;0,678;-6,38;-0,435;False;7,786;0
Petrolio WTI;Commodities;Momentum 60g;Solo long;40;43;48,837;0,562;0,203;30;53,333;2,407;-0,436;1,605;10,708;-0,436;False;20,456;0
USD/JPY;Valute;Momentum 120g;Solo long;20;75;53,333;0,431;0,951;62;62,903;0,286;-0,436;1,29;2,63;-0,436;False;4,015;0
Nasdaq 100;Indici;Reversione RSI2;Solo long;5;111;59,459;0,269;-0,11;80;57,5;0,2;-0,436;1,174;2,371;-0,436;False;4,706;0
Gas naturale;Commodities;EMA 20/50;Solo long;5;218;45,413;-0,301;-0,436;177;49,718;0,159;-0,416;1,045;4,184;-0,436;False;11,14;0
Oro;Commodities;Momentum 60g + filtro VIX;Solo long;60;29;51,724;0,555;-0,436;22;63,636;4,157;0,059;2,874;13,562;-0,436;False;9,927;0
EUR/USD;Valute;Momentum 10g;Solo short;40;55;49,091;0,136;-0,437;38;55,263;-0,269;-0,254;0,779;-1,516;-0,437;False;5,317;0
Oro;Commodities;Momentum 60g;Solo long;3;431;53,828;0,04;0,198;398;51,256;0,103;-0,437;1,144;6,1;-0,437;False;2,626;0
GBP/USD;Valute;Prezzo vs SMA50;Solo long;60;35;48,571;-0,662;-0,437;23;52,174;0,051;-0,224;1,036;0,176;-0,437;False;8,696;0
Gas naturale;Commodities;Prezzo vs SMA20;Solo long;10;155;42,581;-0,282;-0,186;121;51,24;0,449;-0,438;1,103;8,056;-0,438;False;16,442;0
Petrolio WTI;Commodities;Momentum 60g;Solo short;20;74;45,946;-0,654;-0,438;55;52,727;-2,13;-0,164;0,678;-17,371;-0,438;False;17,623;0
Bitcoin;Cripto;Momentum 60g;Solo short;1;660;44,697;-0,126;0,66;1075;45,581;-0,191;-0,438;0,837;-30,396;-0,438;False;4,642;0
EUR/CHF;Valute;Momentum 5g;Solo long;10;189;42,857;-0,111;-0,061;135;44,444;-0,11;-0,438;0,738;-2,209;-0,438;False;1,745;0
Ethereum;Cripto;Momentum 10g;Solo long;1;263;45,247;0,009;0,039;1337;47,868;0,159;-0,438;1,122;31,527;-0,438;False;5,77;0
EUR/CHF;Valute;Momentum 60g;Solo short;40;49;55,102;0,368;-0,163;38;55,263;0,184;-0,439;1,38;1,039;-0,439;False;3,083;0
Ethereum;Cripto;EMA 50/200 + filtro VIX;Solo long;1;93;52,688;-0,11;-0,226;1257;50,119;0,156;-0,439;1,114;29,037;-0,439;False;6,518;0
Gas naturale;Commodities;SMA200 + Momentum20 concordi;Solo long;5;160;43,75;-0,361;-0,439;140;54,286;0,562;0,144;1,155;11,663;-0,439;False;12,666;0
Oro;Commodities;Momentum 120g + filtro VIX;Long+Short;40;56;46,429;0,151;0,073;38;44,737;1,107;-0,439;1,524;6,235;-0,439;False;9,059;0
EUR/USD;Valute;ADX>20 + direzione DI;Long+Short;20;87;51,724;0,124;0,514;66;51,515;-0,1;-0,439;0,868;-0,977;-0,439;False;3,415;0
Oro;Commodities;Prezzo vs SMA20;Solo long;60;36;58,333;0,549;-0,44;26;65,385;3,55;-0,272;3,159;13,687;-0,44;False;11,294;0
EUR/USD;Valute;ADX>20 + direzione DI;Long+Short;10;159;49,686;0,021;0,155;120;49,167;-0,061;-0,44;0,897;-1,08;-0,44;False;2,587;0
Gas naturale;Commodities;Momentum 20g;Solo long;20;82;40,244;-0,808;-0,44;63;53,968;1,215;-0,312;1,192;11,35;-0,44;False;20,82;0
Gas naturale;Commodities;Prezzo vs SMA50;Long+Short;60;39;48,718;-1,613;-0,44;27;40,741;-0,239;-0,002;0,983;-0,957;-0,44;False;43,337;0
GBP/USD;Valute;Reversione RSI2 nel trend SMA200;Solo long;1;114;45,614;-0,024;-0,44;92;58,696;0,085;1,956;1,719;1,166;-0,44;False;0,881;0
Nasdaq 100;Indici;Reversione RSI2 nel trend SMA200;Solo long;1;173;50,867;-0,002;-0,44;107;51,402;0,027;-0,135;1,069;0,421;-0,44;False;1,592;0
Oro;Commodities;Acquisto su picco VIX;Long+Short;5;68;48,529;-0,072;-0,441;55;52,727;0,159;-0,279;1,134;1,293;-0,441;False;4,493;0
Oro;Commodities;Acquisto su picco VIX;Solo long;5;68;48,529;-0,072;-0,441;55;52,727;0,159;-0,279;1,134;1,293;-0,441;False;4,493;0
USD/JPY;Valute;Prezzo vs SMA200 + filtro VIX;Long+Short;5;424;48,349;0,018;0,235;292;53,082;0,006;-0,441;1,014;0,279;-0,441;False;2,189;0
Ethereum;Cripto;Prezzo vs SMA20;Solo long;5;59;45,763;-0,434;-0,441;303;52,145;1,384;0,645;1,491;62,204;-0,441;False;13,412;0
Bitcoin;Cripto;EMA 10/30;Long+Short;1;1732;51,617;0,096;0,616;2462;47,319;-0,014;-0,441;0,986;-5,293;-0,441;False;4,798;0
EUR/USD;Valute;Prezzo vs SMA200;Solo long;3;372;48,387;-0,024;0,008;321;50,156;-0,013;-0,441;0,958;-0,598;-0,441;False;1,43;0
EUR/CHF;Valute;Prezzo vs SMA100;Solo short;10;167;49,701;0,073;-0,211;124;55,645;0,042;-0,441;1,142;0,78;-0,441;False;1,904;0
Petrolio WTI;Commodities;EMA 50/200 + filtro VIX;Solo long;5;235;50,213;-0,096;-0,441;132;56,061;0,239;-0,156;1,124;4,682;-0,441;False;8,27;0
Gas naturale;Commodities;Momentum 60g + filtro VIX;Solo long;1;976;46,619;-0,135;-0,442;738;49,051;-0,0;0,452;1,0;-0,01;-0,442;False;4,549;0
Argento;Commodities;Momentum 20g;Long+Short;5;463;46,652;0,028;0,175;338;47,337;-0,081;-0,442;0,959;-4,047;-0,442;False;5,985;0
Oro;Commodities;Reversione RSI2;Solo long;5;132;55,303;-0,023;-0,442;78;56,41;0,232;-0,17;1,277;2,679;-0,442;False;3,327;0
Petrolio WTI;Commodities;Prezzo vs SMA200;Solo long;3;431;48,724;-0,044;-0,292;275;53,455;0,039;-0,443;1,022;1,574;-0,443;False;5,99;0
S&P 500;Indici;ADX>20 + direzione DI;Solo long;40;40;67,5;1,504;-0,443;29;75,862;2,055;-0,217;2,673;8,842;-0,443;False;9,21;0
Petrolio WTI;Commodities;Momentum 5g;Solo long;60;38;55,263;-1,008;-0,443;26;53,846;5,936;0,142;2,529;22,889;-0,443;False;25,872;0
GBP/USD;Valute;Momentum 5g;Solo short;60;39;46,154;0,376;-0,008;27;48,148;-0,536;-0,443;0,676;-2,147;-0,443;False;5,785;0
Argento;Commodities;SMA200 + Momentum20 concordi;Solo long;10;86;45,349;-0,168;-0,443;95;58,947;0,669;-0,314;1,256;9,419;-0,443;False;9,763;0
Oro;Commodities;Prezzo vs SMA50;Solo long;5;254;48,031;0,035;-0,185;228;55,702;0,207;-0,443;1,231;6,994;-0,443;False;3,545;0
Oro;Commodities;ADX>20 + direzione DI;Solo long;10;96;51,042;0,011;-0,444;84;55,952;0,582;-0,098;1,52;7,251;-0,444;False;5,478;0
EUR/USD;Valute;Breakout Donchian 20;Solo long;20;67;44,776;-0,268;-0,444;54;51,852;0,122;0,254;1,175;0,978;-0,444;False;3,075;0
GBP/USD;Valute;EMA 50/200;Solo long;20;53;50,943;-0,196;-0,211;60;53,333;-0,057;-0,444;0,928;-0,506;-0,444;False;3,42;0
Euro Stoxx 50;Indici;Reversione RSI2;Long+Short;1;609;50,575;-0,018;-0,427;426;51,174;-0,032;-0,445;0,917;-2,0;-0,445;False;1,486;0
Euro Stoxx 50;Indici;Reversione RSI2 nel trend SMA200;Long+Short;40;41;46,341;-0,207;-0,445;31;51,613;0,326;-0,254;1,12;1,5;-0,445;False;10,439;0
EUR/USD;Valute;EMA 50/200 + filtro VIX;Solo short;5;246;48,78;0,006;-0,445;119;55,462;0,012;0,231;1,033;0,206;-0,445;False;1,923;0
Euro Stoxx 50;Indici;Momentum 60g;Solo long;60;33;48,485;0,432;-0,272;25;68,0;1,963;-0,445;2,113;7,28;-0,445;False;12,244;0
EUR/USD;Valute;Prezzo vs SMA50;Solo short;20;91;50,549;0,058;-0,446;58;51,724;0,013;0,296;1,017;0,113;-0,446;False;3,484;0
USD/JPY;Valute;Momentum 5g;Solo short;60;39;46,154;-0,897;-0,446;28;25,0;-1,538;-0,112;0,381;-6,387;-0,446;False;7,253;0
Gas naturale;Commodities;Momentum 20g;Solo long;40;49;44,898;-1,596;-0,446;34;58,824;3,8;-0,052;1,5;19,162;-0,446;False;23,637;0
GBP/USD;Valute;Breakout Donchian 20;Solo short;3;412;48,301;-0,004;-0,446;265;51,698;-0,007;-0,028;0,983;-0,257;-0,446;False;1,67;0
Oro;Commodities;Reversione RSI2;Solo short;60;33;42,424;-1,044;0,02;22;27,273;-4,851;-0,446;0,274;-15,825;-0,446;False;17,777;0
Euro Stoxx 50;Indici;Momentum 5g;Long+Short;10;231;50,649;0,066;0,205;168;51,786;-0,082;-0,446;0,94;-2,032;-0,446;False;5,616;0
Euro Stoxx 50;Indici;Prezzo vs SMA20;Solo long;40;54;55,556;0,388;-0,328;39;64,103;1,09;-0,446;1,594;6,308;-0,446;False;11,913;0
EUR/USD;Valute;Reversione RSI2 nel trend SMA200;Long+Short;5;112;53,571;0,112;0,925;86;48,837;-0,05;-0,447;0,875;-0,634;-0,447;False;2,011;0
Oro;Commodities;EMA 10/30;Long+Short;40;58;43,103;-0,38;-0,447;42;59,524;2,111;1,371;2,33;13,149;-0,447;False;10,52;0
USD/JPY;Valute;Prezzo vs SMA200;Solo short;10;122;42,623;-0,089;-0,06;69;43,478;-0,303;-0,447;0,581;-3,104;-0,447;False;2,946;0
Gas naturale;Commodities;Momentum 120g;Solo short;5;276;50,362;-0,023;-0,448;167;50,299;-0,674;-0,368;0,808;-16,683;-0,448;False;11,759;0
Nasdaq 100;Indici;SMA200 + Momentum20 concordi;Solo long;60;36;77,778;3,446;-0,448;23;69,565;4,819;-0,097;3,477;16,444;-0,448;False;11,845;0
FTSE MIB;Indici;Momentum 120g;Long+Short;3;778;49,229;-0,042;-0,448;571;52,715;0,048;-0,124;1,067;4,048;-0,448;False;3,586;0
Argento;Commodities;EMA 50/200 + filtro VIX;Long+Short;40;56;55,357;1,582;1,36;39;41,026;0,761;-0,448;1,159;4,403;-0,448;False;17,241;0
Oro;Commodities;Prezzo vs SMA50;Solo long;60;32;59,375;0,605;-0,449;23;69,565;4,273;0,158;4,35;14,573;-0,449;False;10,351;0
EUR/CHF;Valute;Reversione RSI2;Solo short;10;97;49,485;0,037;-0,449;71;54,93;0,099;0,219;1,301;1,045;-0,449;False;1,878;0
EUR/USD;Valute;Momentum 60g;Solo long;5;250;46,0;-0,073;-0,45;195;46,154;-0,014;-0,345;0,963;-0,407;-0,45;False;1,816;0
Ethereum;Cripto;EMA 20/50;Solo long;1;160;50,625;0,108;0,301;1397;49,32;0,155;-0,45;1,112;32,054;-0,45;False;6,34;0
EUR/CHF;Valute;ADX>25 + direzione DI;Long+Short;5;219;46,119;0,007;0,166;148;47,973;-0,02;-0,45;0,926;-0,446;-0,45;False;1,285;0
Oro;Commodities;Momentum 60g;Solo short;3;388;48,969;-0,031;-0,077;196;45,918;-0,208;-0,451;0,736;-6,041;-0,451;False;2,616;0
Euro Stoxx 50;Indici;Prezzo vs SMA200 + filtro VIX;Solo short;5;139;45,324;-0,113;-0,176;61;44,262;-0,366;-0,451;0,748;-3,309;-0,451;False;4,418;0
Gas naturale;Commodities;Reversione RSI2;Solo short;60;32;53,125;-0,436;-0,452;23;52,174;-2,834;0,503;0,802;-9,666;-0,452;False;56,161;0
GBP/USD;Valute;Momentum 10g;Solo short;60;38;52,632;0,11;-0,452;26;42,308;0,111;0,562;1,098;0,429;-0,452;False;6,161;0
Petrolio WTI;Commodities;Prezzo vs SMA20;Solo short;40;52;46,154;-1,067;-0,453;33;54,545;-0,088;1,235;0,983;-0,431;-0,453;False;19,84;0
Petrolio WTI;Commodities;Prezzo vs SMA200;Long+Short;40;58;51,724;-0,481;-0,293;42;42,857;-1,188;-0,453;0,84;-7,402;-0,453;False;22,56;0
EUR/USD;Valute;Fine/inizio mese;Long+Short;10;111;47,748;-0,157;-0,453;80;53,75;0,039;0,088;1,068;0,468;-0,453;False;2,535;0
EUR/USD;Valute;Fine/inizio mese;Solo long;10;111;47,748;-0,157;-0,453;80;53,75;0,039;0,088;1,068;0,468;-0,453;False;2,535;0
USD/JPY;Valute;Momentum 120g;Solo short;5;254;48,819;-0,03;0,117;131;42,748;-0,166;-0,453;0,711;-3,222;-0,453;False;2,091;0
DAX;Indici;Fine/inizio mese;Long+Short;60;37;67,568;1,617;-0,453;26;65,385;2,704;-0,181;2,235;10,431;-0,453;False;13,99;0
DAX;Indici;Fine/inizio mese;Solo long;60;37;67,568;1,617;-0,453;26;65,385;2,704;-0,181;2,235;10,431;-0,453;False;13,99;0
Argento;Commodities;EMA 50/200 + filtro VIX;Solo long;5;137;54,745;0,313;0,805;218;50,917;0,235;-0,454;1,14;7,583;-0,454;False;6,348;0
Argento;Commodities;Momentum 120g + filtro VIX;Long+Short;3;666;49,399;0,04;0,368;464;50,0;-0,013;-0,454;0,99;-0,917;-0,454;False;4,412;0
Petrolio WTI;Commodities;Prezzo vs SMA100;Solo long;60;29;55,172;1,892;0,879;22;45,455;3,421;-0,454;1,611;11,162;-0,454;False;22,79;0
Nasdaq 100;Indici;Reversione RSI2;Solo long;10;92;71,739;1,321;2,098;66;56,061;0,489;-0,454;1,279;4,787;-0,454;False;6,796;0
EUR/USD;Valute;ADX>20 + direzione DI;Long+Short;3;477;53,459;0,071;1,614;361;45,706;-0,018;-0,454;0,94;-0,963;-0,454;False;1,498;0
Argento;Commodities;Breakout Donchian 20;Solo long;20;62;40,323;-0,177;-0,45;59;50,847;1,207;-0,454;1,332;10,563;-0,454;False;13,017;0
EUR/CHF;Valute;EMA 10/30;Long+Short;60;41;46,341;-0,06;-0,455;28;57,143;0,326;0,709;1,598;1,355;-0,455;False;3,976;0
FTSE MIB;Indici;Fine/inizio mese;Long+Short;60;37;56,757;0,444;0,024;26;73,077;2,686;-0,455;2,052;10,361;-0,455;False;17,203;0
FTSE MIB;Indici;Fine/inizio mese;Solo long;60;37;56,757;0,444;0,024;26;73,077;2,686;-0,455;2,052;10,361;-0,455;False;17,203;0
GBP/USD;Valute;Prezzo vs SMA200;Long+Short;60;41;48,78;-0,236;-0,455;28;50,0;-0,262;-0,378;0,836;-1,089;-0,455;False;7,278;0
Oro;Commodities;Breakout Donchian 55 + filtro VIX;Solo long;20;65;38,462;0,099;-0,456;58;58,621;1,511;0,276;2,048;12,993;-0,456;False;7,371;0
EUR/CHF;Valute;Prezzo vs SMA200;Solo short;20;81;49,383;0,224;0,03;68;55,882;0,077;-0,456;1,175;0,781;-0,456;False;2,517;0
GBP/USD;Valute;Prezzo vs SMA100;Long+Short;60;41;48,78;-0,005;-0,121;28;42,857;-0,257;-0,456;0,84;-1,067;-0,456;False;6,338;0
Gas naturale;Commodities;Reversione RSI2;Long+Short;1;571;50,088;-0,05;-0,456;427;50,117;0,017;0,052;1,011;1,059;-0,456;False;4,799;0
Petrolio WTI;Commodities;Prezzo vs SMA100;Solo long;5;279;51,971;-0,058;-0,293;186;51,075;0,111;-0,456;1,054;3,057;-0,456;False;8,053;0
Ethereum;Cripto;EMA 50/200;Solo long;5;21;38,095;-0,8;-0,456;279;52,688;1,032;-0,019;1,347;42,715;-0,456;False;14,999;0
Gas naturale;Commodities;Breakout Donchian 20;Solo long;60;29;44,828;0,31;0,303;23;47,826;3,177;-0,456;1,282;10,836;-0,456;False;32,926;0
EUR/USD;Valute;Breakout Donchian 55;Solo short;5;260;50,0;0,004;-0,457;169;49,112;-0,034;-0,27;0,923;-0,843;-0,457;False;2,089;0
USD/JPY;Valute;EMA 10/30;Solo short;60;33;48,485;-0,858;-0,457;21;33,333;-1,916;-0,447;0,33;-5,967;-0,457;False;8,933;0
USD/JPY;Valute;Momentum 5g;Solo short;40;57;52,632;-0,585;-0,457;40;37,5;-1,09;-0,289;0,472;-6,468;-0,457;False;7,307;0
EUR/USD;Valute;Momentum 120g;Long+Short;3;801;48,814;-0,011;-0,457;584;50,514;-0,015;-0,444;0,953;-1,269;-0,457;False;1,548;0
Euro Stoxx 50;Indici;Prezzo vs SMA200 + filtro VIX;Solo short;10;78;42,308;-0,208;-0,146;37;40,541;-0,681;-0,457;0,643;-3,739;-0,457;False;5,757;0
DAX;Indici;Momentum 20g;Solo short;5;231;45,022;-0,174;-0,143;170;39,412;-0,308;-0,457;0,751;-7,76;-0,457;False;4,332;0
FTSE MIB;Indici;EMA 20/50;Long+Short;20;117;47,009;-0,24;-0,457;85;54,118;0,317;-0,341;1,185;4,002;-0,457;False;9,834;0
Argento;Commodities;Momentum 120g;Long+Short;60;39;35,897;-0,692;-0,275;27;37,037;0,855;-0,457;1,103;3,424;-0,457;False;25,451;0
GBP/USD;Valute;Reversione RSI2;Long+Short;10;177;46,328;-0,053;-0,457;133;51,88;0,057;0,47;1,107;1,131;-0,457;False;2,509;0
EUR/CHF;Valute;EMA 50/200 + filtro VIX;Solo short;10;153;53,595;0,058;-0,458;118;48,305;0,064;-0,14;1,222;1,119;-0,458;False;1,593;0
Oro;Commodities;EMA 10/30;Solo long;60;30;60,0;0,953;-0,103;25;72,0;3,186;-0,458;2,496;11,813;-0,458;False;10,276;0
S&P 500;Indici;Momentum 20g;Solo long;40;54;72,222;1,555;-0,459;35;65,714;2,878;0,715;4,619;14,945;-0,459;False;9,214;0
Oro;Commodities;Prezzo vs SMA200;Long+Short;40;58;43,103;-0,293;-0,459;42;54,762;1,442;0,159;1,749;8,979;-0,459;False;10,888;0
FTSE MIB;Indici;Prezzo vs SMA200;Solo short;10;115;49,565;-0,277;-0,46;44;40,909;-0,941;-0,419;0,674;-6,145;-0,46;False;8,991;0
Petrolio WTI;Commodities;Momentum 10g;Solo long;20;98;56,122;0,674;0,717;73;52,055;0,94;-0,46;1,231;10,175;-0,46;False;16,353;0
Petrolio WTI;Commodities;ADX>25 + direzione DI;Solo short;1;561;48,841;0,02;-0,024;272;46,324;-0,14;-0,461;0,906;-5,667;-0,461;False;4,368;0
GBP/USD;Valute;Fine/inizio mese;Long+Short;60;37;48,649;-0,661;-0,462;26;53,846;0,034;-0,253;1,021;0,13;-0,462;False;6,795;0
GBP/USD;Valute;Fine/inizio mese;Solo long;60;37;48,649;-0,661;-0,462;26;53,846;0,034;-0,253;1,021;0,13;-0,462;False;6,795;0
Ethereum;Cripto;Fine/inizio mese;Long+Short;1;20;45,0;-0,17;-0,194;81;43,21;0,025;-0,462;1,02;0,297;-0,462;False;5,082;0
Ethereum;Cripto;Fine/inizio mese;Solo long;1;20;45,0;-0,17;-0,194;81;43,21;0,025;-0,462;1,02;0,297;-0,462;False;5,082;0
Ethereum;Cripto;EMA 20/50;Long+Short;1;583;51,973;0,129;0,682;2462;47,766;-0,011;-0,462;0,992;-4,02;-0,462;False;6,092;0
USD/JPY;Valute;Acquisto su picco VIX;Long+Short;20;30;36,667;0,068;-0,194;23;56,522;0,176;-0,462;1,19;0,601;-0,462;False;4,989;0
USD/JPY;Valute;Acquisto su picco VIX;Solo long;20;30;36,667;0,068;-0,194;23;56,522;0,176;-0,462;1,19;0,601;-0,462;False;4,989;0
USD/JPY;Valute;Reversione RSI2 nel trend SMA200;Solo short;3;66;51,515;-0,077;-0,463;39;53,846;0,216;1,653;1,686;1,25;-0,463;False;1,638;0
Oro;Commodities;Prezzo vs SMA50;Solo long;10;142;47,887;0,035;-0,437;119;52,941;0,464;-0,463;1,399;8,193;-0,463;False;4,649;0
Bitcoin;Cripto;Momentum 20g;Long+Short;5;347;53,89;1,01;1,771;491;46,232;-0,06;-0,463;0,976;-4,335;-0,463;False;11,719;0
EUR/USD;Valute;SMA200 + Momentum20 concordi;Solo short;40;39;46,154;0,084;-0,463;25;56,0;-0,331;-0,256;0,773;-1,225;-0,463;False;5,317;0
EUR/USD;Valute;Momentum 5g;Solo long;10;185;45,405;-0,137;-0,463;141;47,518;-0,032;-0,411;0,949;-0,659;-0,463;False;2,471;0
Ethereum;Cripto;Momentum 10g;Long+Short;1;583;48,714;0,13;0,695;2462;46,101;-0,021;-0,463;0,985;-7,743;-0,463;False;5,812;0
USD/JPY;Valute;Momentum 5g;Solo long;5;328;49,39;0,005;-0,464;253;57,312;0,105;-0,131;1,265;3,955;-0,464;False;2,215;0
Euro Stoxx 50;Indici;Breakout Donchian 55 + filtro VIX;Solo long;20;75;56,0;0,097;-0,464;56;66,071;0,98;0,485;2,133;8,144;-0,464;False;6,481;0
USD/JPY;Valute;EMA 10/30;Solo short;20;79;48,101;-0,288;-0,465;46;41,304;-0,602;-0,382;0,575;-4,11;-0,465;False;4,437;0
Argento;Commodities;Momentum 120g + filtro VIX;Solo long;20;60;40,0;-0,134;-0,465;61;52,459;1,741;-0,126;1,521;15,748;-0,465;False;11,141;0
Gas naturale;Commodities;Prezzo vs SMA50;Solo short;60;35;45,714;-0,666;-0,465;23;39,13;-8,998;-0,402;0,478;-30,69;-0,465;False;60,852;0
Gas naturale;Commodities;Momentum 120g + filtro VIX;Long+Short;40;56;48,214;-0,192;-0,134;39;56,41;-1,865;-0,465;0,837;-10,785;-0,465;False;34,044;0
Gas naturale;Commodities;Breakout Donchian 55 + filtro VIX;Solo long;20;62;40,323;-0,857;-0,466;42;57,143;5,492;1,081;2,044;34,209;-0,466;False;20,251;0
Bitcoin;Cripto;Momentum 10g;Long+Short;20;87;50,575;3,628;1,148;122;50,82;-0,321;-0,467;0,943;-5,81;-0,467;False;25,76;0
GBP/USD;Valute;Prezzo vs SMA100;Solo long;10;136;47,059;-0,079;-0,107;116;50,862;-0,05;-0,467;0,913;-0,86;-0,467;False;2,536;0
EUR/USD;Valute;Prezzo vs SMA200;Solo short;10;146;53,425;0,02;-0,467;89;50,562;0,023;0,299;1,042;0,303;-0,467;False;2,642;0
Gas naturale;Commodities;Reversione RSI2;Long+Short;20;96;47,917;-0,534;-0,467;73;50,685;-0,946;-0,325;0,882;-10,245;-0,467;False;23,231;0
Oro;Commodities;Reversione RSI2 nel trend SMA200;Solo long;10;47;48,936;-0,056;-0,467;39;56,41;0,778;0,276;1,889;4,502;-0,467;False;4,457;0
Argento;Commodities;Momentum 120g;Long+Short;3;771;49,805;-0,019;-0,195;565;50,442;-0,024;-0,468;0,983;-1,981;-0,468;False;4,492;0
Bitcoin;Cripto;Breakout Donchian 55 + filtro VIX;Solo short;1;405;43,704;-0,235;-0,191;676;45,71;-0,199;-0,468;0,818;-19,989;-0,468;False;4,201;0
GBP/USD;Valute;Reversione RSI2 nel trend SMA200;Long+Short;5;126;42,857;-0,049;-0,468;81;51,852;0,141;1,217;1,411;1,688;-0,468;False;1,793;0
USD/JPY;Valute;Momentum 10g;Long+Short;20;121;48,76;-0,095;-0,469;86;47,674;0,038;-0,012;1,042;0,488;-0,469;False;4,162;0
GBP/USD;Valute;Prezzo vs SMA200 + filtro VIX;Solo long;60;25;44,0;-0,741;-0,469;22;50,0;0,092;-0,232;1,088;0,302;-0,469;False;6,34;0
DAX;Indici;Acquisto su picco VIX;Long+Short;5;71;57,746;0,293;0,377;56;53,571;-0,093;-0,469;0,942;-0,774;-0,469;False;6,934;0
DAX;Indici;Acquisto su picco VIX;Solo long;5;71;57,746;0,293;0,377;56;53,571;-0,093;-0,469;0,942;-0,774;-0,469;False;6,934;0
EUR/CHF;Valute;Momentum 5g;Solo long;5;308;38,961;-0,049;0,071;220;45,909;-0,06;-0,469;0,798;-1,964;-0,469;False;1,305;0
Petrolio WTI;Commodities;Momentum 5g;Long+Short;1;2313;48,811;-0,019;-0,47;1692;48,759;0,001;-0,004;1,001;0,14;-0,47;False;3,545;0
DAX;Indici;Fine/inizio mese;Long+Short;40;54;61,111;1,099;-0,47;40;67,5;1,877;0,036;2,057;11,14;-0,47;False;12,336;0
DAX;Indici;Fine/inizio mese;Solo long;40;54;61,111;1,099;-0,47;40;67,5;1,877;0,036;2,057;11,14;-0,47;False;12,336;0
EUR/CHF;Valute;Prezzo vs SMA50;Solo long;60;35;28,571;-0,878;-0,374;23;34,783;-0,655;-0,47;0,467;-2,235;-0,47;False;4,501;0
EUR/CHF;Valute;Momentum 20g;Solo short;20;93;49,462;0,262;0,222;68;51,471;0,08;-0,471;1,2;0,81;-0,471;False;2,312;0
Petrolio WTI;Commodities;Prezzo vs SMA200;Solo long;20;74;50,0;-0,119;-0,27;50;54,0;0,829;-0,471;1,189;6,149;-0,471;False;15,302;0
GBP/USD;Valute;Momentum 20g;Solo long;10;156;48,077;-0,129;-0,471;115;49,565;0,019;-0,024;1,035;0,319;-0,471;False;2,554;0
Gas naturale;Commodities;Breakout Donchian 55;Solo short;40;37;56,757;-0,001;-0,309;25;44,0;-6,932;-0,471;0,553;-25,7;-0,471;False;46,108;0
Bitcoin;Cripto;EMA 10/30;Solo long;1;1032;54,748;0,268;0,498;1342;48,286;0,108;-0,471;1,112;21,515;-0,471;False;4,825;0
Nasdaq 100;Indici;EMA 50/200;Long+Short;5;464;59,914;0,215;-0,471;337;53,709;0,255;0,1;1,254;12,768;-0,471;False;4,36;0
EUR/CHF;Valute;Prezzo vs SMA200;Solo short;10;159;50,943;0,105;0,001;130;50,769;0,034;-0,472;1,092;0,653;-0,472;False;1,819;0
USD/JPY;Valute;Momentum 5g;Solo short;3;479;47,599;-0,037;-0,31;307;40,065;-0,098;-0,472;0,783;-4,466;-0,472;False;1,72;0
Oro;Commodities;Momentum 60g;Solo short;10;128;49,219;-0,065;0,279;69;44,928;-0,813;-0,472;0,543;-8,323;-0,472;False;5,491;0
EUR/CHF;Valute;Momentum 20g;Long+Short;40;61;47,541;0,117;0,185;42;35,714;-0,1;-0,473;0,864;-0,623;-0,473;False;3,723;0
Argento;Commodities;Breakout Donchian 20;Solo long;60;29;27,586;-0,392;-0,473;24;58,333;6,205;-0,072;2,983;22,085;-0,473;False;18,804;0
GBP/USD;Valute;EMA 50/200 + filtro VIX;Solo long;40;26;50,0;-0,512;-0,473;31;51,613;0,093;-0,079;1,11;0,43;-0,473;False;4,289;0
GBP/USD;Valute;Momentum 5g;Solo long;5;313;48,882;-0,06;-0,473;234;47,863;-0,014;-0,335;0,966;-0,481;-0,473;False;1,881;0
Gas naturale;Commodities;Momentum 5g;Solo long;3;471;45,86;-0,206;-0,473;343;50,146;0,044;-0,349;1,017;2,258;-0,473;False;9,04;0
Bitcoin;Cripto;Momentum 60g;Solo long;60;24;62,5;20,306;0,395;33;57,576;6,895;-0,473;1,82;33,742;-0,473;False;37,197;0
Oro;Commodities;EMA 50/200;Solo long;10;128;53,906;0,166;0,089;142;53,521;0,48;-0,473;1,453;10,104;-0,473;False;4,951;0
USD/JPY;Valute;Momentum 120g + filtro VIX;Long+Short;20;112;50,893;0,246;1,037;79;58,228;-0,026;-0,473;0,977;-0,3;-0,473;False;4,441;0
Ethereum;Cripto;Momentum 5g;Long+Short;20;30;46,667;-2,094;-0,474;122;47,541;0,336;0,175;1,044;6,078;-0,474;False;32,855;0
Ethereum;Cripto;Prezzo vs SMA200;Solo long;1;141;48,227;0,01;0,033;1404;50,285;0,153;-0,474;1,111;31,861;-0,474;False;6,462;0
Oro;Commodities;Momentum 10g;Solo long;20;97;45,361;0,106;-0,474;72;63,889;1,319;0,037;2,13;14,088;-0,474;False;6,815;0
GBP/USD;Valute;Momentum 10g;Solo short;40;54;48,148;0,069;-0,474;40;45,0;-0,305;-0,34;0,783;-1,809;-0,474;False;4,852;0
GBP/USD;Valute;Momentum 5g;Solo short;5;320;49,688;0,002;-0,474;234;49,573;-0,014;-0,05;0,97;-0,475;-0,474;False;1,924;0
GBP/USD;Valute;SMA200 + Momentum20 concordi;Solo long;40;31;45,161;-0,509;-0,475;28;53,571;0,29;0,331;1,306;1,206;-0,475;False;4,894;0
Petrolio WTI;Commodities;Reversione RSI2;Solo long;40;44;50,0;-0,355;-0,271;30;56,667;1,673;-0,475;1,328;7,441;-0,475;False;22,311;0
GBP/USD;Valute;Momentum 60g + filtro VIX;Long+Short;10;216;49,074;-0,06;-0,476;152;46,711;-0,017;-0,167;0,97;-0,387;-0,476;False;2,517;0
EUR/USD;Valute;Momentum 120g;Solo long;60;26;53,846;-0,419;0,029;22;50,0;-0,09;-0,477;0,918;-0,295;-0,477;False;6,262;0
Nasdaq 100;Indici;Momentum 120g;Solo short;5;87;40,23;-0,465;-0,477;75;48,0;-0,443;-0,164;0,754;-4,934;-0,477;False;5,92;0
DAX;Indici;Momentum 20g;Solo long;20;96;60,417;0,495;-0,477;69;62,319;1,038;0,294;2,043;10,629;-0,477;False;7,453;0
Bitcoin;Cripto;EMA 50/200;Solo long;3;372;55,914;0,991;0,876;538;50,929;0,332;-0,477;1,198;26,494;-0,477;False;10,329;0
EUR/USD;Valute;EMA 50/200;Solo short;3;462;52,814;0,013;-0,246;257;50,584;-0,032;-0,478;0,906;-1,215;-0,478;False;1,654;0
Petrolio WTI;Commodities;Prezzo vs SMA50;Long+Short;5;463;52,052;0,071;0,359;338;46,746;-0,167;-0,478;0,932;-8,346;-0,478;False;8,428;0
Oro;Commodities;Breakout Donchian 20;Long+Short;60;39;35,897;-0,758;-0,478;27;59,259;2,578;0,849;1,94;10,32;-0,478;False;11,695;0
Gas naturale;Commodities;Breakout Donchian 55;Solo long;1;1161;46,253;-0,137;-0,474;839;48,153;-0,126;-0,478;0,916;-15,709;-0,478;False;4,78;0
Gas naturale;Commodities;Prezzo vs SMA200;Solo short;3;464;50,431;0,017;-0,478;287;52,265;-0,337;-0,336;0,883;-14,359;-0,478;False;9,051;0
Ethereum;Cripto;Prezzo vs SMA200;Long+Short;1;583;51,286;0,065;0,338;2462;48,7;-0,011;-0,478;0,992;-4,094;-0,478;False;6,215;0
Gas naturale;Commodities;Momentum 60g;Solo short;20;83;55,422;0,335;0,063;53;41,509;-3,202;-0,479;0,638;-25,163;-0,479;False;26,52;0
Oro;Commodities;Prezzo vs SMA200 + filtro VIX;Solo long;5;229;51,965;0,011;-0,4;222;54,054;0,211;-0,479;1,263;6,939;-0,479;False;3,41;0
S&P 500;Indici;Momentum 20g;Solo long;20;100;69,0;0,751;-0,479;68;67,647;1,31;0,407;2,273;13,218;-0,479;False;5,641;0
FTSE MIB;Indici;Momentum 120g + filtro VIX;Solo short;10;93;44,086;0,016;0,123;28;39,286;-0,866;-0,479;0,597;-3,599;-0,479;False;7,177;0
Oro;Commodities;EMA 10/30;Solo long;5;243;52,675;-0,008;-0,48;229;52,838;0,2;-0,464;1,21;6,785;-0,48;False;3,653;0
Argento;Commodities;Reversione RSI2 nel trend SMA200;Solo long;10;29;37,931;-0,326;-0,48;39;46,154;0,926;0,017;1,526;5,353;-0,48;False;8,925;0
EUR/USD;Valute;Momentum 20g;Solo long;5;266;45,113;-0,075;-0,48;200;48,5;-0,006;-0,205;0,986;-0,171;-0,48;False;1,844;0
Nasdaq 100;Indici;Reversione RSI2;Long+Short;5;273;46,154;0,002;0,612;196;48,469;-0,202;-0,481;0,827;-5,868;-0,481;False;3,614;0
S&P 500;Indici;Reversione RSI2;Solo short;60;34;26,471;-2,081;0,509;23;13,043;-4,32;-0,481;0,165;-14,741;-0,481;False;9,693;0
GBP/USD;Valute;Momentum 20g;Solo long;5;284;46,127;-0,064;-0,481;213;46,948;-0,009;-0,255;0,977;-0,295;-0,481;False;1,928;0
EUR/CHF;Valute;ADX>20 + direzione DI;Long+Short;20;91;47,253;-0,079;-0,291;64;56,25;-0,041;-0,482;0,913;-0,391;-0,482;False;2,211;0
Euro Stoxx 50;Indici;Reversione RSI2;Solo long;20;71;56,338;0,803;0,823;50;56,0;0,322;-0,482;1,16;2,385;-0,482;False;8,214;0
EUR/USD;Valute;EMA 50/200 + filtro VIX;Solo long;5;185;47,027;-0,0;0,514;177;49,718;-0,02;-0,482;0,941;-0,52;-0,482;False;1,578;0
GBP/USD;Valute;ADX>25 + direzione DI;Long+Short;10;95;50,526;0,038;0,139;68;52,941;-0,113;-0,483;0,841;-1,143;-0,483;False;2,717;0
Oro;Commodities;EMA 20/50;Solo short;10;123;41,463;-0,28;-0,483;61;52,459;-0,267;0,852;0,805;-2,412;-0,483;False;5,038;0
Oro;Commodities;Prezzo vs SMA200;Solo short;5;228;46,491;-0,023;0,248;93;41,935;-0,404;-0,484;0,625;-5,576;-0,484;False;3,38;0
Nasdaq 100;Indici;Breakout Donchian 20;Solo long;60;36;77,778;3,491;-0,397;25;76,0;3,99;-0,484;2,546;14,798;-0,484;False;14,274;0
USD/JPY;Valute;Prezzo vs SMA20;Long+Short;40;61;54,098;0,643;1,267;42;57,143;-0,192;-0,484;0,873;-1,193;-0,484;False;5,766;0
EUR/CHF;Valute;Momentum 120g + filtro VIX;Long+Short;20;112;55,357;0,254;0,984;79;49,367;-0,012;-0,485;0,976;-0,137;-0,485;False;2,048;0
USD/JPY;Valute;EMA 50/200 + filtro VIX;Solo short;10;96;46,875;-0,176;-0,474;46;36,957;-0,326;-0,485;0,565;-2,223;-0,485;False;3,072;0
GBP/USD;Valute;EMA 10/30;Solo long;20;76;53,947;-0,259;-0,485;57;61,404;0,081;0,11;1,114;0,686;-0,485;False;3,507;0
FTSE MIB;Indici;Fine/inizio mese;Long+Short;5;111;51,351;-0,158;-0,485;80;58,75;0,375;0,401;1,346;4,447;-0,485;False;5,326;0
FTSE MIB;Indici;Fine/inizio mese;Solo long;5;111;51,351;-0,158;-0,485;80;58,75;0,375;0,401;1,346;4,447;-0,485;False;5,326;0
Argento;Commodities;Momentum 5g;Solo long;10;187;47,594;0,131;0,082;141;52,482;0,613;-0,486;1,261;12,811;-0,486;False;8,743;0
Oro;Commodities;Prezzo vs SMA50;Solo short;5;267;45,318;-0,123;-0,487;150;44,667;-0,327;-0,22;0,681;-7,28;-0,487;False;3,461;0
GBP/USD;Valute;ADX>20 + direzione DI;Solo short;60;30;56,667;1,103;1,126;21;42,857;-0,584;-0,487;0,622;-1,82;-0,487;False;4,387;0
Nasdaq 100;Indici;ADX>25 + direzione DI;Solo short;20;31;35,484;-1,13;0,244;25;24,0;-2,411;-0,487;0,454;-8,943;-0,487;False;8,894;0
Petrolio WTI;Commodities;Prezzo vs SMA200 + filtro VIX;Solo short;60;27;51,852;-1,681;-0,487;20;60,0;-5,121;0,043;0,545;-15,189;-0,487;False;30,746;0
Nasdaq 100;Indici;Momentum 20g;Long+Short;10;232;53,448;0,114;-0,488;168;57,738;0,138;-0,456;1,092;3,449;-0,488;False;5,875;0
Gas naturale;Commodities;ADX>20 + direzione DI;Long+Short;20;81;49,383;-0,666;-0,488;61;47,541;-0,056;-0,257;0,992;-0,508;-0,488;False;23,747;0
Gas naturale;Commodities;EMA 10/30;Solo long;1;1024;45,312;-0,125;-0,296;864;46,759;-0,127;-0,488;0,918;-16,321;-0,488;False;4,896;0
Bitcoin;Cripto;ADX>20 + direzione DI;Solo long;20;55;65,455;9,659;1,521;74;50,0;2,03;-0,489;1,407;22,278;-0,489;False;19,697;0
S&P 500;Indici;Momentum 120g + filtro VIX;Solo short;3;87;35,632;-0,208;-0,435;82;40,244;-0,261;-0,489;0,754;-3,172;-0,489;False;3,042;0
Bitcoin;Cripto;Reversione RSI2;Solo long;1;172;57,558;0,026;-0,489;283;55,124;0,194;0,178;1,152;8,121;-0,489;False;7,132;0
Argento;Commodities;Prezzo vs SMA100;Solo short;3;459;49,673;-0,041;-0,381;245;46,531;-0,297;-0,489;0,795;-10,799;-0,489;False;4,283;0
GBP/USD;Valute;EMA 20/50;Solo long;3;414;48,309;-0,04;-0,489;340;50,0;0,016;0,272;1,056;0,805;-0,489;False;1,434;0
USD/JPY;Valute;Momentum 120g + filtro VIX;Solo short;40;35;51,429;-0,405;-0,08;20;35,0;-1,239;-0,49;0,353;-3,674;-0,49;False;5,989;0
Oro;Commodities;Prezzo vs SMA20;Solo short;40;49;57,143;-0,073;0,878;36;38,889;-3,346;-0,49;0,326;-17,861;-0,49;False;13,074;0
Nasdaq 100;Indici;EMA 50/200;Solo long;5;438;62,1;0,249;-0,49;279;56,989;0,362;-0,065;1,431;14,968;-0,49;False;3,786;0
Petrolio WTI;Commodities;Breakout Donchian 55;Solo short;20;56;50,0;-0,066;0,036;45;46,667;-3,104;-0,49;0,575;-20,711;-0,49;False;19,023;0
Euro Stoxx 50;Indici;EMA 50/200;Long+Short;60;39;46,154;-0,289;-0,349;27;59,259;0,794;-0,491;1,306;3,18;-0,491;False;15,203;0
Ethereum;Cripto;ADX>25 + direzione DI;Solo long;1;112;47,321;-0,261;-0,491;724;50,0;0,187;-0,122;1,133;20,082;-0,491;False;6,629;0
Euro Stoxx 50;Indici;ADX>20 + direzione DI;Solo long;10;88;59,091;-0,027;-0,491;61;57,377;0,548;0,469;1,643;4,96;-0,491;False;5,524;0
FTSE MIB;Indici;Prezzo vs SMA20;Solo long;20;94;54,255;0,47;0,548;75;61,333;0,719;-0,491;1,439;8,0;-0,491;False;9,49;0
FTSE MIB;Indici;Momentum 60g + filtro VIX;Solo long;20;80;58,75;0,134;-0,039;68;60,294;0,743;-0,492;1,509;7,495;-0,492;False;9,06;0
Gas naturale;Commodities;Reversione RSI2 nel trend SMA200;Long+Short;60;33;57,576;-0,789;-0,307;20;45,0;-2,61;-0,492;0,798;-7,74;-0,492;False;38,046;0
Argento;Commodities;Momentum 120g + filtro VIX;Solo long;10;110;46,364;-0,125;-0,492;110;51,818;1,297;0,492;1,586;21,154;-0,492;False;7,836;0
DAX;Indici;EMA 20/50;Solo short;10;86;36,047;-0,57;-0,492;52;38,462;-0,692;-0,352;0,69;-5,342;-0,492;False;6,672;0
EUR/CHF;Valute;Momentum 60g;Long+Short;60;41;43,902;-0,014;-0,492;28;53,571;-0,099;-0,4;0,871;-0,412;-0,492;False;3,602;0
Gas naturale;Commodities;Reversione RSI2;Solo long;10;100;47,0;-0,512;-0,492;75;53,333;2,024;0,727;1,481;22,509;-0,492;False;14,169;0
FTSE MIB;Indici;Momentum 120g + filtro VIX;Long+Short;40;57;56,14;0,885;0,697;40;70,0;0,748;-0,492;1,323;4,441;-0,492;False;14,118;0
FTSE MIB;Indici;Breakout Donchian 55;Solo short;5;186;47,312;0,046;0,161;88;40,909;-0,452;-0,493;0,745;-5,902;-0,493;False;5,938;0
EUR/USD;Valute;Momentum 120g + filtro VIX;Long+Short;3;689;48,621;-0,013;-0,493;484;50,826;0,021;0,606;1,079;1,514;-0,493;False;1,486;0
USD/JPY;Valute;Momentum 120g + filtro VIX;Solo long;40;40;55,0;0,821;0,812;32;56,25;0,578;-0,493;1,431;2,741;-0,493;False;5,918;0
FTSE MIB;Indici;Reversione RSI2;Solo short;10;110;47,273;0,114;0,394;90;45,556;-0,694;-0,494;0,6;-9,271;-0,494;False;5,015;0
EUR/USD;Valute;Prezzo vs SMA200;Long+Short;3;801;48,065;-0,006;-0,266;584;49,829;-0,016;-0,494;0,948;-1,402;-0,494;False;1,494;0
Petrolio WTI;Commodities;SMA200 + Momentum20 concordi;Solo short;20;56;44,643;-0,862;-0,494;44;54,545;0,165;1,041;1,042;1,078;-0,494;False;17,213;0
Petrolio WTI;Commodities;EMA 20/50;Long+Short;5;463;50,54;-0,097;-0,494;338;48,817;0,005;0,026;1,002;0,271;-0,494;False;8,731;0
FTSE MIB;Indici;Prezzo vs SMA20;Solo long;40;53;54,717;0,24;-0,163;40;67,5;1,522;-0,495;1,734;9,033;-0,495;False;14,298;0
FTSE MIB;Indici;Prezzo vs SMA200;Solo short;1;995;48,744;0,014;-0,495;398;43,97;0,033;0,322;1,058;1,952;-0,495;False;2,375;0
Nasdaq 100;Indici;Momentum 60g;Long+Short;60;39;69,231;1,992;-0,496;27;62,963;2,536;0,291;1,944;10,158;-0,496;False;15,239;0
Gas naturale;Commodities;EMA 50/200;Solo long;1;888;44,932;-0,144;-0,496;866;48,961;0,032;0,632;1,02;4,097;-0,496;False;5,096;0
S&P 500;Indici;Momentum 20g;Solo short;40;43;25,581;-2,19;-0,496;29;27,586;-2,814;-0,355;0,419;-12,106;-0,496;False;9,476;0
Oro;Commodities;Momentum 5g;Solo short;10;179;46,927;-0,113;0,138;122;38,525;-0,772;-0,496;0,549;-13,958;-0,496;False;5,587;0
Argento;Commodities;Prezzo vs SMA200 + filtro VIX;Solo long;3;285;51,579;0,091;0,511;335;52,239;0,078;-0,497;1,062;3,897;-0,497;False;4,733;0
Euro Stoxx 50;Indici;ADX>25 + direzione DI;Solo long;10;46;47,826;-0,044;-0,497;38;60,526;0,225;-0,438;1,369;1,269;-0,497;False;4,161;0
USD/JPY;Valute;Prezzo vs SMA200;Solo long;20;76;52,632;0,402;0,839;64;60,938;0,286;-0,497;1,319;2,719;-0,497;False;4,0;0
Euro Stoxx 50;Indici;SMA200 + Momentum20 concordi;Solo long;60;30;46,667;0,075;-0,497;22;59,091;2,472;-0,097;2,494;8,069;-0,497;False;12,872;0
EUR/CHF;Valute;ADX>25 + direzione DI;Solo short;40;26;57,692;0,242;-0,498;21;61,905;0,439;0,403;2,113;1,367;-0,498;False;1,944;0
S&P 500;Indici;Prezzo vs SMA20;Solo long;40;57;71,93;1,543;-0,498;39;71,795;2,114;-0,18;2,435;12,233;-0,498;False;10,756;0
EUR/USD;Valute;ADX>20 + direzione DI;Solo long;40;39;46,154;-0,285;0,058;30;36,667;-0,109;-0,498;0,908;-0,486;-0,498;False;5,459;0
Argento;Commodities;Momentum 10g;Solo long;3;434;50,23;-0,004;-0,01;358;49,441;0,081;-0,498;1,063;4,322;-0,498;False;4,273;0
Nasdaq 100;Indici;Prezzo vs SMA100;Long+Short;60;39;69,231;1,989;-0,499;27;70,37;3,376;-0,094;2,491;13,523;-0,499;False;15,239;0
Nasdaq 100;Indici;Reversione RSI2;Long+Short;10;173;47,399;0,34;2,12;124;43,548;-0,364;-0,5;0,809;-6,703;-0,5;False;5,232;0
DAX;Indici;Prezzo vs SMA200;Solo long;20;92;59,783;0,488;-0,5;71;60,563;0,808;-0,195;1,741;8,51;-0,5;False;7,216;0
GBP/USD;Valute;Breakout Donchian 20;Solo short;60;28;50,0;0,211;-0,225;21;33,333;-0,654;-0,501;0,66;-2,038;-0,501;False;5,629;0
EUR/USD;Valute;Momentum 20g;Solo short;5;296;49,324;0,013;-0,387;206;49,515;-0,048;-0,501;0,888;-1,468;-0,501;False;1,98;0
GBP/USD;Valute;EMA 50/200 + filtro VIX;Long+Short;40;58;53,448;0,038;-0,04;41;43,902;-0,19;-0,501;0,856;-1,153;-0,501;False;5,318;0
EUR/CHF;Valute;EMA 10/30;Solo short;10;155;49,032;0,042;-0,374;110;53,636;0,032;-0,502;1,094;0,517;-0,502;False;1,861;0
Gas naturale;Commodities;Momentum 60g + filtro VIX;Solo long;40;40;42,5;-1,677;-0,502;30;53,333;3,647;-0,07;1,394;16,225;-0,502;False;30,747;0
Bitcoin;Cripto;EMA 20/50;Solo short;1;685;45,547;-0,159;0,39;1075;45,488;-0,197;-0,502;0,833;-31,378;-0,502;False;4,71;0
S&P 500;Indici;Breakout Donchian 55;Solo long;60;35;77,143;2,162;-0,502;22;81,818;3,6;-0,044;4,126;11,75;-0,502;False;8,75;0
DAX;Indici;EMA 10/30;Solo long;20;90;56,667;0,495;-0,502;68;51,471;0,703;-0,38;1,552;7,096;-0,502;False;7,807;0
EUR/CHF;Valute;EMA 50/200;Solo short;40;45;57,778;0,48;0,099;36;38,889;0,156;-0,502;1,276;0,835;-0,502;False;2,876;0
FTSE MIB;Indici;SMA200 + Momentum20 concordi;Long+Short;20;106;51,887;-0,269;-0,503;75;54,667;0,323;-0,307;1,181;3,593;-0,503;False;9,117;0
FTSE MIB;Indici;Prezzo vs SMA200 + filtro VIX;Solo long;3;424;51,415;-0,066;-0,503;390;57,436;0,152;0,607;1,312;8,803;-0,503;False;2,951;0
FTSE MIB;Indici;Momentum 60g;Solo long;20;84;57,143;0,244;0,135;72;63,889;0,724;-0,504;1,459;7,738;-0,504;False;9,108;0
Gas naturale;Commodities;EMA 10/30;Solo long;20;72;37,5;-0,873;-0,504;55;54,545;1,817;-0,042;1,295;14,816;-0,504;False;21,053;0
EUR/USD;Valute;Breakout Donchian 55 + filtro VIX;Solo short;10;119;50,42;-0,003;-0,505;69;50,725;0,079;0,591;1,168;0,806;-0,505;False;2,608;0
EUR/CHF;Valute;Momentum 120g;Solo short;10;160;48,125;0,082;-0,154;126;53,175;0,028;-0,505;1,073;0,517;-0,505;False;1,76;0
Petrolio WTI;Commodities;Prezzo vs SMA100;Solo short;10;124;45,968;-0,358;-0,506;94;48,936;-0,863;-0,101;0,758;-12,035;-0,506;False;13,497;0
Ethereum;Cripto;Momentum 5g;Solo long;20;26;34,615;-1,077;-0,506;112;51,786;4,32;0,011;1,852;71,746;-0,506;False;28,553;0
Oro;Commodities;EMA 10/30;Solo short;3;414;47,585;-0,061;-0,464;214;46,262;-0,219;-0,506;0,727;-6,952;-0,506;False;2,55;0
EUR/CHF;Valute;ADX>20 + direzione DI;Long+Short;40;49;44,898;-0,225;-0,506;35;54,286;0,073;-0,073;1,134;0,381;-0,506;False;3,809;0
DAX;Indici;EMA 20/50;Solo short;5;160;41,25;-0,221;-0,302;100;34,0;-0,393;-0,506;0,739;-5,823;-0,506;False;4,945;0
Bitcoin;Cripto;EMA 50/200 + filtro VIX;Solo long;3;323;58,204;1,188;1,333;459;49,455;0,323;-0,506;1,202;21,959;-0,506;False;9,569;0
USD/JPY;Valute;Prezzo vs SMA50;Solo short;5;270;48,148;-0,076;-0,506;157;40,764;-0,169;-0,503;0,713;-3,924;-0,506;False;2,151;0
USD/JPY;Valute;Prezzo vs SMA200 + filtro VIX;Solo short;10;106;45,283;-0,17;-0,507;56;42,857;-0,244;-0,09;0,644;-2,022;-0,507;False;2,939;0
Argento;Commodities;Momentum 60g;Solo short;20;75;50,667;-0,119;0,186;47;38,298;-2,536;-0,508;0,454;-17,676;-0,508;False;14,008;0
GBP/USD;Valute;Breakout Donchian 55 + filtro VIX;Long+Short;10;216;45,833;-0,039;-0,405;152;48,684;-0,059;-0,508;0,902;-1,33;-0,508;False;2,566;0
FTSE MIB;Indici;Momentum 10g;Solo long;20;100;57,0;0,401;0,456;77;63,636;0,68;-0,508;1,404;7,763;-0,508;False;9,758;0
Nasdaq 100;Indici;ADX>25 + direzione DI;Solo short;10;45;35,556;-0,898;-0,508;38;36,842;-0,985;-0,206;0,675;-5,556;-0,508;False;7,963;0
Oro;Commodities;SMA200 + Momentum20 concordi;Solo short;3;267;47,566;-0,075;-0,509;102;49,02;-0,231;-0,363;0,745;-3,499;-0,509;False;2,659;0
Nasdaq 100;Indici;Reversione RSI2;Solo long;60;31;80,645;4,271;0,291;20;60,0;3,912;-0,509;2,902;11,608;-0,509;False;14,336;0
Argento;Commodities;Prezzo vs SMA200 + filtro VIX;Long+Short;3;666;49,7;-0,009;-0,089;464;50,431;-0,013;-0,509;0,99;-0,914;-0,509;False;4,451;0
Oro;Commodities;EMA 50/200;Solo long;20;65;53,846;0,376;0,089;72;51,389;0,992;-0,51;1,674;10,597;-0,51;False;7,498;0
GBP/USD;Valute;Prezzo vs SMA50;Long+Short;10;241;44,398;-0,058;-0,51;174;51,724;0,046;0,342;1,076;1,182;-0,51;False;2,695;0
FTSE MIB;Indici;Momentum 10g;Solo long;40;55;56,364;0,521;0,088;40;62,5;1,531;-0,51;1,758;9,087;-0,51;False;15,323;0
FTSE MIB;Indici;Prezzo vs SMA20;Solo short;10;156;48,077;-0,066;-0,051;102;35,294;-0,765;-0,51;0,65;-11,57;-0,51;False;6,872;0
Argento;Commodities;Breakout Donchian 55 + filtro VIX;Long+Short;60;38;42,105;-0,98;-0,51;27;51,852;0,436;-0,322;1,067;1,744;-0,51;False;22,63;0
FTSE MIB;Indici;ADX>25 + direzione DI;Solo short;5;112;42,857;-0,022;-0,061;47;36,17;-0,615;-0,511;0,725;-4,287;-0,511;False;5,674;0
FTSE MIB;Indici;Prezzo vs SMA50;Solo short;60;30;40,0;-0,765;-0,171;22;22,727;-4,689;-0,511;0,301;-15,305;-0,511;False;18,231;0
Oro;Commodities;SMA200 + Momentum20 concordi;Solo long;10;102;46,078;-0,021;-0,511;113;55,752;0,563;-0,189;1,564;9,433;-0,511;False;5,407;0
Argento;Commodities;Reversione RSI2 nel trend SMA200;Solo long;1;65;50,769;-0,142;-0,511;80;36,25;-0,085;-0,257;0,878;-1,012;-0,511;False;2,837;0
Gas naturale;Commodities;Breakout Donchian 55;Solo long;20;65;43,077;-0,913;-0,511;46;56,522;5,036;1,063;2,021;34,352;-0,511;False;22,024;0
EUR/USD;Valute;EMA 50/200 + filtro VIX;Solo long;10;95;49,474;-0,0;0,56;91;49,451;-0,034;-0,511;0,927;-0,459;-0,511;False;2,139;0
DAX;Indici;Momentum 60g;Solo short;10;103;40,777;-0,36;-0,055;69;40,58;-0,781;-0,512;0,662;-7,99;-0,512;False;6,312;0
USD/JPY;Valute;Prezzo vs SMA200;Long+Short;10;241;47,718;0,029;0,213;174;53,448;-0,002;-0,512;0,997;-0,055;-0,512;False;2,985;0
EUR/CHF;Valute;Momentum 120g + filtro VIX;Long+Short;10;216;49,074;-0,02;-0,512;152;48,684;0,028;0,136;1,09;0,629;-0,512;False;1,594;0
Oro;Commodities;Momentum 60g;Long+Short;10;232;45,69;-0,091;-0,512;168;51,19;0,096;-0,446;1,083;2,401;-0,512;False;5,086;0
FTSE MIB;Indici;Reversione RSI2;Solo long;1;266;56,015;0,123;1,749;151;54,305;-0,093;-0,513;0,851;-2,087;-0,513;False;2,503;0
Ethereum;Cripto;Momentum 10g;Solo long;10;40;42,5;-0,823;-0,513;181;51,381;2,351;0,228;1,583;63,101;-0,513;False;19,549;0
Bitcoin;Cripto;Prezzo vs SMA50;Long+Short;40;44;52,273;9,082;1,291;60;40,0;-0,431;-0,513;0,953;-3,837;-0,513;False;31,91;0
Oro;Commodities;Momentum 60g;Solo short;40;41;41,463;-0,563;0,168;23;43,478;-3,533;-0,513;0,336;-12,052;-0,513;False;12,845;0
GBP/USD;Valute;EMA 10/30;Long+Short;5;481;49,896;-0,029;-0,514;350;50,571;0,039;0,591;1,093;2,042;-0,514;False;1,949;0
GBP/USD;Valute;ADX>20 + direzione DI;Long+Short;20;91;48,352;0,041;0,079;59;49,153;-0,124;-0,514;0,853;-1,087;-0,514;False;3,422;0
Gas naturale;Commodities;Momentum 120g;Long+Short;3;771;52,659;-0,072;-0,514;564;48,05;-0,138;-0,493;0,952;-11,503;-0,514;False;9,334;0
USD/JPY;Valute;Prezzo vs SMA100;Solo long;10;148;47,973;0,088;0,057;126;56,349;0,14;-0,515;1,225;2,61;-0,515;False;2,913;0
FTSE MIB;Indici;Prezzo vs SMA20;Long+Short;20;117;50,427;0,218;0,335;85;48,235;-0,056;-0,516;0,971;-0,703;-0,516;False;8,808;0
USD/JPY;Valute;EMA 50/200 + filtro VIX;Long+Short;20;112;49,107;0,085;0,282;79;56,962;0,018;-0,516;1,017;0,211;-0,516;False;4,441;0
DAX;Indici;Momentum 20g;Solo long;40;53;62,264;1,091;-0,516;37;72,973;2,287;0,531;3,695;12,553;-0,516;False;10,688;0
FTSE MIB;Indici;Prezzo vs SMA50;Solo long;3;458;52,838;-0,069;-0,516;423;55,083;0,067;-0,471;1,116;4,224;-0,516;False;3,028;0
FTSE MIB;Indici;Momentum 10g;Solo long;5;305;53,443;-0,053;-0,342;244;52,459;0,136;-0,517;1,156;4,936;-0,517;False;4,66;0
EUR/USD;Valute;EMA 20/50;Solo long;10;125;45,6;-0,161;-0,517;92;50,0;0,037;0,084;1,071;0,507;-0,517;False;2,588;0
DAX;Indici;Momentum 10g;Solo short;3;387;44,186;-0,125;-0,517;283;47,35;-0,029;0,565;0,963;-1,202;-0,517;False;2,987;0
GBP/USD;Valute;Prezzo vs SMA100;Solo short;5;256;50,0;-0,01;-0,517;164;53,049;0,016;0,237;1,037;0,398;-0,517;False;2,037;0
Argento;Commodities;Breakout Donchian 55 + filtro VIX;Long+Short;40;56;39,286;-0,688;-0,517;39;46,154;1,004;0,015;1,216;5,805;-0,517;False;18,043;0
EUR/USD;Valute;Momentum 20g;Solo short;20;91;47,253;0,041;-0,518;61;47,541;0,004;0,248;1,004;0,034;-0,518;False;3,916;0
Petrolio WTI;Commodities;Prezzo vs SMA200 + filtro VIX;Long+Short;20;108;43,519;-0,39;-0,518;77;59,74;2,048;1,56;1,638;23,382;-0,518;False;15,056;0
S&P 500;Indici;Reversione RSI2 nel trend SMA200;Solo long;20;53;67,925;0,9;-0,008;37;72,973;0,697;-0,518;1,518;3,824;-0,518;False;7,486;0
Gas naturale;Commodities;Momentum 10g;Solo long;3;435;48,736;-0,119;-0,043;344;49,128;-0,021;-0,518;0,992;-1,06;-0,518;False;8,952;0
Argento;Commodities;Prezzo vs SMA100;Solo short;20;84;50,0;-0,091;0,277;48;43,75;-2,556;-0,519;0,463;-18,194;-0,519;False;15,074;0
Gas naturale;Commodities;Breakout Donchian 20;Solo long;10;118;44,068;-0,114;0,039;106;49,057;0,291;-0,519;1,061;4,576;-0,519;False;16,747;0
Nasdaq 100;Indici;EMA 50/200;Solo long;10;220;64,091;0,532;-0,519;139;64,748;0,774;0,002;1,722;15,957;-0,519;False;5,189;0
S&P 500;Indici;Reversione RSI2;Solo short;3;228;39,912;-0,036;1,193;150;40,667;-0,188;-0,52;0,655;-4,192;-0,52;False;1,544;0
Oro;Commodities;Reversione RSI2 nel trend SMA200;Long+Short;5;107;46,729;-0,092;-0,52;68;52,941;0,117;-0,002;1,115;1,176;-0,52;False;2,999;0
Argento;Commodities;Momentum 5g;Solo long;20;106;47,17;-0,124;-0,52;76;53,947;1,555;-0,369;1,571;17,521;-0,52;False;12,111;0
Argento;Commodities;Momentum 20g;Solo long;60;34;52,941;-0,358;-0,52;25;56,0;6,26;-0,052;2,679;23,21;-0,52;False;19,385;0
Petrolio WTI;Commodities;EMA 10/30;Long+Short;3;772;49,741;-0,064;-0,521;563;51,687;0,006;0,005;1,003;0,519;-0,521;False;6,296;0
FTSE MIB;Indici;Reversione RSI2;Long+Short;3;332;47,892;0,17;1,247;246;48,374;-0,104;-0,521;0,873;-3,795;-0,521;False;3,383;0
Oro;Commodities;Reversione RSI2 nel trend SMA200;Solo long;3;64;48,438;-0,053;-0,371;54;55,556;-0,007;-0,521;0,992;-0,055;-0,521;False;2,654;0
Euro Stoxx 50;Indici;Momentum 20g;Solo long;40;51;62,745;0,186;-0,521;36;61,111;1,791;0,3;2,549;9,566;-0,521;False;9,732;0
Gas naturale;Commodities;Momentum 120g + filtro VIX;Solo short;20;71;49,296;-0,218;-0,401;41;41,463;-3,544;-0,521;0,617;-21,545;-0,521;False;24,094;0
DAX;Indici;Acquisto su picco VIX;Long+Short;1;239;52,72;-0,03;-0,233;201;51,244;-0,048;-0,522;0,915;-1,422;-0,522;False;2,784;0
DAX;Indici;Acquisto su picco VIX;Solo long;1;239;52,72;-0,03;-0,233;201;51,244;-0,048;-0,522;0,915;-1,422;-0,522;False;2,784;0
Bitcoin;Cripto;SMA200 + Momentum20 concordi;Solo short;1;383;43,864;-0,134;0,447;622;45,981;-0,225;-0,523;0,828;-20,728;-0,523;False;4,857;0
Ethereum;Cripto;EMA 50/200 + filtro VIX;Solo short;1;394;53,807;0,001;-0,005;716;45,81;-0,279;-0,524;0,801;-29,635;-0,524;False;5,522;0
Petrolio WTI;Commodities;Momentum 60g;Solo short;60;31;45,161;-1,466;-0,525;21;52,381;-3,243;0,555;0,623;-10,098;-0,525;False;30,639;0
EUR/USD;Valute;EMA 20/50;Solo short;60;30;50,0;0,059;-0,525;21;47,619;0,006;0,303;1,005;0,019;-0,525;False;6,511;0
S&P 500;Indici;Breakout Donchian 20;Solo long;60;35;74,286;2,778;0,231;26;76,923;2,88;-0,525;2,496;11,107;-0,525;False;10,665;0
EUR/CHF;Valute;Reversione RSI2;Solo short;60;33;54,545;0,413;-0,526;23;56,522;0,688;0,596;2,497;2,345;-0,526;False;2,93;0
Ethereum;Cripto;Reversione RSI2;Solo short;10;24;70,833;4,837;1,841;115;43,478;-2,831;-0,526;0,564;-48,278;-0,526;False;23,407;0
Oro;Commodities;Prezzo vs SMA200;Solo long;40;39;51,282;0,251;-0,527;37;59,459;2,337;-0,318;2,588;12,821;-0,527;False;9,429;0
Petrolio WTI;Commodities;EMA 50/200;Solo long;20;68;47,059;-0,403;-0,527;40;55,0;2,001;0,189;1,495;11,87;-0,527;False;14,643;0
USD/JPY;Valute;Prezzo vs SMA50;Solo long;5;285;49,123;-0,0;-0,527;244;56,148;0,078;-0,489;1,185;2,815;-0,527;False;2,13;0
EUR/USD;Valute;EMA 50/200;Solo long;10;106;47,17;-0,087;-0,021;101;45,545;-0,041;-0,527;0,921;-0,618;-0,527;False;2,164;0
FTSE MIB;Indici;Acquisto su picco VIX;Long+Short;20;30;63,333;0,853;0,469;22;63,636;0,249;-0,527;1,103;0,814;-0,527;False;15,317;0
FTSE MIB;Indici;Acquisto su picco VIX;Solo long;20;30;63,333;0,853;0,469;22;63,636;0,249;-0,527;1,103;0,814;-0,527;False;15,317;0
EUR/USD;Valute;Momentum 120g + filtro VIX;Solo short;5;254;51,575;0,001;-0,527;137;54,015;0,042;0,589;1,116;0,856;-0,527;False;1,872;0
DAX;Indici;EMA 20/50;Solo long;60;35;65,714;1,341;-0,528;24;70,833;2,162;-0,511;2,04;7,698;-0,528;False;14,429;0
Petrolio WTI;Commodities;EMA 50/200 + filtro VIX;Solo long;10;122;54,098;-0,226;-0,528;70;52,857;0,591;-0,143;1,21;6,137;-0,528;False;11,299;0
Bitcoin;Cripto;Prezzo vs SMA20;Solo long;20;73;56,164;6,202;0,497;99;47,475;2,199;-0,528;1,506;32,281;-0,528;False;19,93;0
DAX;Indici;ADX>20 + direzione DI;Long+Short;3;410;49,024;0,003;0,002;272;48,529;-0,054;-0,528;0,932;-2,174;-0,528;False;2,975;0
Gas naturale;Commodities;Prezzo vs SMA200;Solo long;3;339;48,378;-0,191;-0,323;305;50,164;-0,055;-0,528;0,981;-2,472;-0,528;False;9,705;0
GBP/USD;Valute;Momentum 120g;Long+Short;60;41;43,902;-0,316;-0,528;28;60,714;-0,105;-0,113;0,931;-0,434;-0,528;False;6,815;0
EUR/USD;Valute;Momentum 60g + filtro VIX;Solo long;3;346;47,11;-0,029;-0,098;272;44,853;-0,017;-0,529;0,941;-0,676;-0,529;False;1,429;0
Petrolio WTI;Commodities;EMA 50/200 + filtro VIX;Long+Short;60;39;51,282;-1,732;-0,529;26;61,538;-2,848;-0,4;0,698;-10,98;-0,529;False;31,829;0
Ethereum;Cripto;Momentum 60g;Long+Short;20;30;73,333;4,069;1,005;122;44,262;-0,239;-0,529;0,97;-4,329;-0,529;False;32,374;0
Petrolio WTI;Commodities;EMA 10/30;Solo long;10;143;53,846;-0,179;-0,53;98;54,082;0,63;-0,113;1,223;9,154;-0,53;False;11,256;0
USD/JPY;Valute;Momentum 5g;Solo long;3;505;48,911;0,005;-0,442;391;53,197;0,043;-0,53;1,13;2,496;-0,53;False;1,736;0
EUR/USD;Valute;ADX>25 + direzione DI;Solo long;10;57;42,105;-0,196;-0,53;49;48,98;0,071;0,246;1,16;0,513;-0,53;False;2,397;0
S&P 500;Indici;Fine/inizio mese;Long+Short;60;37;67,568;2,576;0,018;26;73,077;2,825;-0,531;2,303;10,897;-0,531;False;12,932;0
S&P 500;Indici;Fine/inizio mese;Solo long;60;37;67,568;2,576;0,018;26;73,077;2,825;-0,531;2,303;10,897;-0,531;False;12,932;0
GBP/USD;Valute;Prezzo vs SMA50;Solo short;20;84;48,81;-0,003;-0,531;57;49,123;-0,1;-0,142;0,897;-0,848;-0,531;False;3,759;0
EUR/CHF;Valute;Momentum 120g;Solo short;60;30;63,333;0,812;0,259;26;53,846;0,277;-0,532;1,522;1,066;-0,532;False;3,276;0
FTSE MIB;Indici;Momentum 20g;Solo long;10;165;53,333;-0,009;-0,168;132;53,788;0,336;-0,532;1,291;6,574;-0,532;False;6,465;0
Bitcoin;Cripto;Acquisto su picco VIX;Long+Short;1;190;48,421;0,04;-0,532;293;50,171;0,067;-0,32;1,053;2,917;-0,532;False;6,796;0
Bitcoin;Cripto;Acquisto su picco VIX;Solo long;1;190;48,421;0,04;-0,532;293;50,171;0,067;-0,32;1,053;2,917;-0,532;False;6,796;0
DAX;Indici;EMA 10/30;Solo short;40;39;23,077;-2,271;-0,532;25;28,0;-2,093;-0,154;0,489;-7,763;-0,532;False;12,73;0
Petrolio WTI;Commodities;EMA 10/30;Solo long;20;79;50,633;-0,341;-0,533;53;58,491;2,152;0,314;1,623;16,911;-0,533;False;15,333;0
Oro;Commodities;Prezzo vs SMA100;Solo long;5;261;49,425;-0,01;-0,533;249;54,618;0,219;-0,385;1,24;8,068;-0,533;False;3,626;0
FTSE MIB;Indici;Acquisto su picco VIX;Long+Short;10;42;57,143;0,311;0,317;34;58,824;-0,12;-0,534;0,952;-0,603;-0,534;False;10,309;0
FTSE MIB;Indici;Acquisto su picco VIX;Solo long;10;42;57,143;0,311;0,317;34;58,824;-0,12;-0,534;0,952;-0,603;-0,534;False;10,309;0
GBP/USD;Valute;Momentum 60g;Solo short;3;443;52,37;-0,006;-0,534;285;46,316;-0,032;-0,405;0,921;-1,365;-0,534;False;1,631;0
FTSE MIB;Indici;SMA200 + Momentum20 concordi;Solo short;1;651;48,233;0,002;-0,534;244;40,574;0,007;0,017;1,011;0,242;-0,534;False;2,53;0
EUR/USD;Valute;SMA200 + Momentum20 concordi;Long+Short;5;376;48,936;-0,028;-0,535;282;51,418;-0,001;-0,013;0,998;-0,029;-0,535;False;1,933;0
DAX;Indici;Prezzo vs SMA200 + filtro VIX;Solo long;20;92;60,87;0,476;-0,535;67;62,687;0,808;-0,218;1,857;8,033;-0,535;False;6,745;0
Gas naturale;Commodities;EMA 10/30;Solo short;60;35;48,571;-0,71;-0,536;23;43,478;-8,778;-0,366;0,494;-29,94;-0,536;False;60,596;0
DAX;Indici;Momentum 20g;Solo short;20;74;36,486;-0,774;-0,067;55;30,909;-1,383;-0,536;0,521;-11,284;-0,536;False;8,212;0
FTSE MIB;Indici;Prezzo vs SMA100;Long+Short;3;779;51,091;-0,043;-0,48;571;48,511;0,006;-0,536;1,008;0,508;-0,536;False;3,476;0
Euro Stoxx 50;Indici;ADX>25 + direzione DI;Solo long;20;32;56,25;-0,001;-0,537;24;70,833;0,79;0,038;1,939;2,814;-0,537;False;5,588;0
S&P 500;Indici;Momentum 20g;Long+Short;5;464;54,741;0,025;-0,537;337;54,599;0,04;-0,459;1,048;2,001;-0,537;False;3,319;0
USD/JPY;Valute;Momentum 60g + filtro VIX;Solo short;3;342;47,953;-0,05;-0,538;161;44,099;-0,065;0,058;0,836;-1,544;-0,538;False;1,766;0
S&P 500;Indici;Momentum 5g;Solo short;20;101;31,683;-1,101;-0,538;73;28,767;-1,416;-0,463;0,483;-15,339;-0,538;False;6,637;0
Oro;Commodities;Breakout Donchian 20;Solo short;3;414;48,068;-0,066;-0,538;202;49,01;-0,212;-0,427;0,753;-6,345;-0,538;False;2,671;0
Gas naturale;Commodities;EMA 50/200;Long+Short;60;39;48,718;2,202;0,544;27;51,852;-3,568;-0,538;0,774;-14,287;-0,538;False;39,331;0
FTSE MIB;Indici;Momentum 60g;Solo long;60;33;45,455;-0,713;-0,539;25;72,0;3,761;0,151;3,904;13,948;-0,539;False;16,35;0
FTSE MIB;Indici;EMA 20/50;Solo long;60;31;51,613;1,22;0,543;25;72,0;2,729;-0,539;2,546;10,12;-0,539;False;16,18;0
EUR/CHF;Valute;Momentum 20g;Solo long;40;50;38,0;-0,357;0,229;34;41,176;-0,444;-0,539;0,451;-2,237;-0,539;False;4,06;0
FTSE MIB;Indici;Prezzo vs SMA50;Long+Short;3;779;49,422;-0,048;-0,539;571;48,687;-0,003;-0,48;0,996;-0,226;-0,539;False;3,415;0
Oro;Commodities;SMA200 + Momentum20 concordi;Long+Short;20;101;42,574;-0,203;-0,539;75;56,0;1,039;0,747;1,844;11,558;-0,539;False;6,647;0
EUR/USD;Valute;ADX>25 + direzione DI;Long+Short;10;103;49,515;-0,084;-0,54;83;48,193;0,016;0,093;1,037;0,203;-0,54;False;2,513;0
Bitcoin;Cripto;Reversione RSI2;Solo short;60;26;34,615;-21,306;-0,54;33;48,485;-9,093;0,08;0,429;-44,5;-0,54;False;94,294;0
Argento;Commodities;Prezzo vs SMA20;Solo short;3;459;53,159;0,207;1,541;292;45,205;-0,312;-0,54;0,804;-13,514;-0,54;False;4,406;0
Petrolio WTI;Commodities;Momentum 120g;Solo short;10;119;43,697;-0,383;-0,54;97;47,423;-1,376;-0,508;0,653;-19,792;-0,54;False;12,388;0
Argento;Commodities;Momentum 20g;Solo short;20;90;56,667;0,611;1,344;57;38,596;-2,594;-0,54;0,486;-21,928;-0,54;False;13,395;0
S&P 500;Indici;EMA 50/200 + filtro VIX;Solo long;40;52;73,077;1,548;-0,541;33;78,788;2,248;-0,038;2,926;11,005;-0,541;False;8,399;0
Petrolio WTI;Commodities;Momentum 120g;Solo short;5;223;52,018;-0,135;-0,39;182;45,055;-0,636;-0,541;0,759;-17,175;-0,541;False;8,663;0
Argento;Commodities;ADX>20 + direzione DI;Long+Short;20;88;54,545;0,08;0,148;59;50,847;-0,099;-0,541;0,97;-0,868;-0,541;False;10,807;0
Oro;Commodities;Prezzo vs SMA50;Solo long;20;83;46,988;0,061;-0,541;64;65,625;1,098;-0,35;1,831;10,419;-0,541;False;6,744;0
Argento;Commodities;Breakout Donchian 20;Solo long;10;109;45,872;-0,198;-0,541;111;47,748;0,732;-0,252;1,301;12,046;-0,541;False;9,285;0
USD/JPY;Valute;Momentum 20g;Solo short;60;36;47,222;-0,918;-0,541;22;36,364;-1,539;-0,08;0,434;-5,021;-0,541;False;8,796;0
Oro;Commodities;Reversione RSI2;Long+Short;5;275;52,0;-0,056;-0,415;194;48,969;-0,169;-0,542;0,835;-4,869;-0,542;False;3,964;0
Argento;Commodities;Prezzo vs SMA200 + filtro VIX;Solo long;40;31;41,935;-0,374;-0,543;31;48,387;3,784;-0,14;1,911;17,395;-0,543;False;15,276;0
DAX;Indici;Prezzo vs SMA200;Long+Short;3;777;51,094;-0,001;-0,427;572;51,748;0,012;-0,543;1,018;1,01;-0,543;False;2,951;0
Oro;Commodities;Momentum 5g;Solo short;20;103;45,631;-0,119;0,515;70;41,429;-1,646;-0,543;0,437;-17,091;-0,543;False;8,412;0
Oro;Commodities;Reversione RSI2;Solo long;60;32;50,0;0,843;-0,174;21;61,905;3,135;-0,543;2,727;9,763;-0,543;False;11,469;0
DAX;Indici;Prezzo vs SMA20;Solo long;40;52;63,462;1,419;-0,152;39;69,231;1,288;-0,544;1,807;7,454;-0,544;False;10,898;0
FTSE MIB;Indici;Reversione RSI2 nel trend SMA200;Solo long;40;28;53,571;0,807;0,295;23;73,913;1,257;-0,544;1,622;4,288;-0,544;False;12,393;0
Petrolio WTI;Commodities;ADX>20 + direzione DI;Long+Short;5;320;49,375;-0,141;-0,544;208;50,481;0,148;0,321;1,062;4,572;-0,544;False;8,854;0
Argento;Commodities;Prezzo vs SMA100;Solo long;10;123;44,715;-0,074;-0,358;119;48,739;0,532;-0,544;1,214;9,391;-0,544;False;8,684;0
USD/JPY;Valute;SMA200 + Momentum20 concordi;Long+Short;10;196;46,429;-0,025;-0,252;151;55,629;-0,003;-0,544;0,995;-0,077;-0,544;False;3,008;0
Nasdaq 100;Indici;Fine/inizio mese;Long+Short;60;37;78,378;3,805;-0,125;26;69,231;3,972;-0,544;2,665;15,319;-0,544;False;14,367;0
Nasdaq 100;Indici;Fine/inizio mese;Solo long;60;37;78,378;3,805;-0,125;26;69,231;3,972;-0,544;2,665;15,319;-0,544;False;14,367;0
Nasdaq 100;Indici;Prezzo vs SMA200;Long+Short;60;39;74,359;2,746;-0,544;27;70,37;3,376;-0,094;2,491;13,523;-0,544;False;15,239;0
EUR/USD;Valute;EMA 10/30;Solo long;60;30;30,0;-0,825;-0,545;22;50,0;-0,047;-0,292;0,97;-0,154;-0,545;False;5,791;0
Argento;Commodities;Breakout Donchian 55 + filtro VIX;Solo long;5;209;48,804;-0,021;-0,181;193;49,223;0,184;-0,545;1,106;5,255;-0,545;False;6,276;0
Argento;Commodities;ADX>20 + direzione DI;Solo short;60;31;51,613;-0,669;0,072;20;40,0;-9,484;-0,545;0,218;-28,128;-0,545;False;30,026;0
S&P 500;Indici;Prezzo vs SMA20;Solo short;60;34;20,588;-3,125;-0,545;22;27,273;-3,996;-0,241;0,248;-13,041;-0,545;False;11,665;0
EUR/CHF;Valute;EMA 50/200 + filtro VIX;Solo short;5;300;48,333;0,024;-0,545;226;57,08;0,035;-0,074;1,156;1,169;-0,545;False;1,184;0
Petrolio WTI;Commodities;Momentum 60g;Long+Short;60;39;51,282;-0,942;-0,337;27;40,741;-1,888;-0,546;0,789;-7,561;-0,546;False;27,986;0
Ethereum;Cripto;ADX>25 + direzione DI;Long+Short;1;382;49,738;-0,136;-0,546;1454;48,281;0,04;0,34;1,026;8,614;-0,546;False;6,486;0
Nasdaq 100;Indici;Reversione RSI2 nel trend SMA200;Long+Short;1;199;50,251;0,008;-0,196;141;47,518;-0,028;-0,547;0,934;-0,589;-0,547;False;1,636;0
EUR/CHF;Valute;Prezzo vs SMA100;Solo long;60;26;42,308;-0,31;0,876;20;35,0;-0,74;-0,547;0,472;-2,196;-0,547;False;4,451;0
EUR/USD;Valute;Prezzo vs SMA50;Solo long;5;267;46,816;-0,078;-0,548;187;44,92;-0,004;-0,182;0,99;-0,112;-0,548;False;1,811;0
Gas naturale;Commodities;Momentum 5g;Solo short;40;56;46,429;-0,413;-0,548;38;44,737;-3,099;0,234;0,727;-17,463;-0,548;False;39,346;0
Gas naturale;Commodities;Momentum 20g;Solo short;60;36;52,778;-0,839;-0,548;25;44,0;-6,909;-0,121;0,529;-25,613;-0,548;False;67,563;0
GBP/USD;Valute;ADX>25 + direzione DI;Long+Short;20;58;48,276;-0,109;-0,548;41;46,341;-0,115;-0,251;0,891;-0,701;-0,548;False;3,586;0
Euro Stoxx 50;Indici;Reversione RSI2 nel trend SMA200;Solo long;10;51;54,902;0,354;0,446;48;60,417;0,054;-0,548;1,043;0,382;-0,548;False;5,563;0
Argento;Commodities;Prezzo vs SMA50;Solo long;20;72;47,222;-0,233;-0,548;62;53,226;1,337;-0,39;1,371;12,296;-0,548;False;12,613;0
GBP/USD;Valute;Prezzo vs SMA200 + filtro VIX;Solo long;3;340;51,471;-0,037;-0,351;331;48,338;-0,017;-0,548;0,942;-0,811;-0,548;False;1,439;0
Petrolio WTI;Commodities;EMA 20/50;Solo long;3;430;51,395;-0,08;-0,548;285;54,386;0,168;0,011;1,108;7,116;-0,548;False;5,964;0
USD/JPY;Valute;EMA 50/200;Solo long;20;70;51,429;0,379;0,749;63;55,556;0,254;-0,548;1,273;2,369;-0,548;False;4,102;0
Ethereum;Cripto;Breakout Donchian 55 + filtro VIX;Solo long;1;112;50,893;0,149;0,336;1424;50,0;0,148;-0,548;1,109;31,181;-0,548;False;6,371;0
USD/JPY;Valute;Momentum 20g;Solo short;40;49;48,98;-0,624;-0,548;33;36,364;-1,245;-0,454;0,455;-6,094;-0,548;False;5,972;0
EUR/CHF;Valute;Prezzo vs SMA50;Solo short;10;163;47,853;0,023;-0,549;119;52,101;0,044;-0,377;1,141;0,772;-0,549;False;1,75;0
Nasdaq 100;Indici;ADX>25 + direzione DI;Solo short;3;114;44,737;-0,284;-0,549;97;39,175;-0,387;-0,528;0,751;-5,565;-0,549;False;4,334;0
EUR/CHF;Valute;SMA200 + Momentum20 concordi;Solo short;10;127;52,756;0,211;0,614;100;56,0;0,029;-0,549;1,095;0,433;-0,549;False;1,868;0
GBP/USD;Valute;Momentum 10g;Long+Short;5;481;49,688;-0,031;-0,55;350;50,0;-0,005;-0,081;0,988;-0,269;-0,55;False;1,956;0
USD/JPY;Valute;Reversione RSI2;Long+Short;60;38;44,737;-0,485;-0,55;27;37,037;-0,759;-0,388;0,683;-3,04;-0,55;False;8,586;0
Nasdaq 100;Indici;Reversione RSI2 nel trend SMA200;Long+Short;20;66;60,606;0,715;-0,55;45;66,667;0,981;0,041;1,604;6,549;-0,55;False;8,988;0
Gas naturale;Commodities;Prezzo vs SMA20;Solo short;40;54;53,704;-0,368;-0,551;36;47,222;-5,69;-0,379;0,597;-30,379;-0,551;False;43,627;0
EUR/USD;Valute;EMA 50/200;Long+Short;60;41;53,659;-0,049;-0,186;28;60,714;-0,345;-0,551;0,748;-1,434;-0,551;False;6,285;0
S&P 500;Indici;EMA 50/200;Solo long;60;37;75,676;2,379;-0,194;23;78,261;2,836;-0,551;2,551;9,677;-0,551;False;11,159;0
Petrolio WTI;Commodities;Prezzo vs SMA50;Solo long;3;449;50,334;-0,08;-0,551;312;52,564;0,282;0,463;1,195;13,037;-0,551;False;5,839;0
EUR/USD;Valute;Momentum 5g;Solo long;20;109;44,954;-0,282;-0,552;76;50,0;0,074;0,066;1,107;0,829;-0,552;False;3,735;0
Gas naturale;Commodities;EMA 50/200 + filtro VIX;Solo long;10;89;51,685;-0,618;-0,552;76;53,947;2,027;0,708;1,461;22,844;-0,552;False;16,553;0
Argento;Commodities;Prezzo vs SMA20;Solo long;5;264;51,894;0,288;1,08;221;55,204;0,203;-0,552;1,118;6,661;-0,552;False;6,012;0
EUR/USD;Valute;EMA 50/200;Long+Short;5;481;50,312;-0,001;-0,13;350;51,143;-0,03;-0,553;0,926;-1,575;-0,553;False;1,912;0
Euro Stoxx 50;Indici;Momentum 120g + filtro VIX;Solo short;20;49;46,939;-0,683;-0,553;24;33,333;-1,278;-0,419;0,56;-4,552;-0,553;False;7,981;0
USD/JPY;Valute;Prezzo vs SMA100;Long+Short;5;481;49,688;-0,029;-0,553;350;53,429;0,046;0,146;1,098;2,383;-0,553;False;2,144;0
Oro;Commodities;EMA 10/30;Solo long;10;134;50,0;-0,006;-0,553;121;51,24;0,477;-0,388;1,376;8,564;-0,553;False;5,407;0
FTSE MIB;Indici;Reversione RSI2 nel trend SMA200;Long+Short;40;44;45,455;-0,506;-0,502;30;66,667;0,156;-0,553;1,054;0,696;-0,553;False;15,589;0
DAX;Indici;EMA 10/30;Solo long;60;35;74,286;1,824;-0,196;26;65,385;2,079;-0,553;1,961;8,019;-0,553;False;12,717;0
EUR/USD;Valute;Reversione RSI2;Solo long;60;34;50,0;-0,806;-0,553;24;50,0;0,088;-0,172;1,068;0,315;-0,553;False;6,148;0
EUR/USD;Valute;Momentum 120g;Solo long;3;358;46,648;-0,052;-0,554;316;46,835;0,003;-0,066;1,012;0,151;-0,554;False;1,407;0
Euro Stoxx 50;Indici;EMA 50/200 + filtro VIX;Solo long;20;72;52,778;0,041;-0,554;63;61,905;0,557;-0,419;1,466;5,205;-0,554;False;7,155;0
GBP/USD;Valute;ADX>25 + direzione DI;Solo long;20;29;48,276;-0,278;-0,352;28;42,857;-0,144;-0,554;0,826;-0,599;-0,554;False;3,769;0
GBP/USD;Valute;SMA200 + Momentum20 concordi;Solo short;40;37;48,649;0,287;0,053;25;44,0;-0,478;-0,554;0,675;-1,773;-0,554;False;4,932;0
Argento;Commodities;Prezzo vs SMA200 + filtro VIX;Solo long;20;55;40,0;-0,25;-0,554;59;62,712;2,323;0,234;1,789;20,326;-0,554;False;11,288;0
USD/JPY;Valute;Breakout Donchian 55;Long+Short;40;61;54,098;0,25;0,386;42;59,524;-0,012;-0,554;0,991;-0,077;-0,554;False;6,095;0
Petrolio WTI;Commodities;Reversione RSI2;Long+Short;60;36;63,889;3,41;1,389;25;64,0;-4,127;-0,555;0,614;-15,299;-0,555;False;30,52;0
FTSE MIB;Indici;Momentum 120g;Solo long;3;459;53,377;-0,012;0,082;452;57,08;0,057;-0,555;1,091;3,806;-0,555;False;3,043;0
Argento;Commodities;ADX>20 + direzione DI;Solo long;3;217;46,544;-0,108;-0,506;191;49,215;0,007;-0,555;1,005;0,187;-0,555;False;4,635;0
USD/JPY;Valute;Momentum 120g;Solo long;40;41;58,537;0,793;0,766;33;57,576;0,493;-0,555;1,334;2,415;-0,555;False;6,288;0
Argento;Commodities;Prezzo vs SMA200 + filtro VIX;Solo short;3;415;47,952;-0,069;-0,555;142;44,366;-0,1;0,313;0,92;-2,104;-0,555;False;3,906;0
Gas naturale;Commodities;Momentum 120g + filtro VIX;Long+Short;3;666;49,249;-0,084;-0,556;463;49,244;-0,001;-0,044;1,0;-0,065;-0,556;False;8,844;0
Gas naturale;Commodities;Prezzo vs SMA50;Solo long;40;45;48,889;-0,474;0,079;34;47,059;1,406;-0,556;1,135;7,09;-0,556;False;29,959;0
FTSE MIB;Indici;Prezzo vs SMA200 + filtro VIX;Long+Short;40;57;54,386;0,358;0,285;40;72,5;0,557;-0,556;1,231;3,305;-0,556;False;14,694;0
FTSE MIB;Indici;EMA 50/200 + filtro VIX;Long+Short;40;57;52,632;-0,148;-0,207;40;72,5;0,557;-0,556;1,231;3,305;-0,556;False;14,983;0
Gas naturale;Commodities;Momentum 120g + filtro VIX;Solo long;40;34;50,0;2,186;1,018;31;48,387;1,484;-0,556;1,175;6,824;-0,556;False;30,336;0
S&P 500;Indici;Fine/inizio mese;Long+Short;10;111;63,063;0,292;-0,556;80;63,75;0,644;0,256;1,622;7,647;-0,556;False;4,733;0
S&P 500;Indici;Fine/inizio mese;Solo long;10;111;63,063;0,292;-0,556;80;63,75;0,644;0,256;1,622;7,647;-0,556;False;4,733;0
Nasdaq 100;Indici;Momentum 20g;Solo long;10;187;60,963;0,582;-0,263;130;60,769;0,595;-0,557;1,501;11,474;-0,557;False;4,926;0
USD/JPY;Valute;Reversione RSI2 nel trend SMA200;Solo short;1;116;47,414;-0,036;-0,557;66;46,97;-0,014;0,129;0,941;-0,135;-0,557;False;1,104;0
S&P 500;Indici;Breakout Donchian 55;Long+Short;40;58;58,621;0,64;-0,516;42;61,905;0,573;-0,557;1,261;3,567;-0,557;False;9,451;0
GBP/USD;Valute;Momentum 60g;Solo short;10;150;48,0;-0,012;-0,557;98;43,878;-0,073;-0,258;0,898;-1,065;-0,557;False;3,023;0
EUR/CHF;Valute;Momentum 5g;Solo short;20;111;51,351;0,076;-0,557;79;58,228;0,135;-0,086;1,347;1,585;-0,557;False;2,403;0
Oro;Commodities;EMA 20/50;Solo long;3;403;48,139;-0,02;-0,557;387;52,713;0,112;-0,358;1,159;6,438;-0,557;False;2,665;0
EUR/USD;Valute;SMA200 + Momentum20 concordi;Long+Short;3;601;49,75;-0,017;-0,558;451;50,111;-0,011;-0,283;0,966;-0,713;-0,558;False;1,528;0
EUR/CHF;Valute;Prezzo vs SMA50;Solo short;40;52;51,923;0,18;-0,558;37;51,351;0,275;-0,071;1,561;1,511;-0,558;False;3,551;0
Bitcoin;Cripto;Momentum 120g;Solo short;1;552;44,746;-0,157;0,402;1093;45,563;-0,201;-0,558;0,827;-32,577;-0,558;False;4,545;0
FTSE MIB;Indici;Momentum 20g;Long+Short;20;117;51,282;-0,3;-0,558;85;44,706;0,055;-0,541;1,03;0,692;-0,558;False;9,792;0
Euro Stoxx 50;Indici;EMA 10/30;Solo long;20;83;55,422;0,053;-0,558;65;58,462;0,674;-0,176;1,533;6,503;-0,558;False;7,935;0
GBP/USD;Valute;Prezzo vs SMA200;Long+Short;5;481;50,104;0,02;0,316;350;47,714;-0,035;-0,559;0,925;-1,8;-0,559;False;1,919;0
DAX;Indici;Momentum 5g;Solo long;20;107;57,009;0,464;-0,559;78;62,821;0,897;-0,002;1,669;10,382;-0,559;False;7,621;0
Argento;Commodities;EMA 10/30;Solo long;20;68;45,588;-0,269;-0,559;61;54,098;1,321;-0,419;1,374;11,953;-0,559;False;13,085;0
Euro Stoxx 50;Indici;SMA200 + Momentum20 concordi;Solo short;3;205;48,293;-0,139;-0,559;107;48,598;-0,182;-0,262;0,855;-2,884;-0,559;False;4,139;0
Ethereum;Cripto;Prezzo vs SMA50;Solo long;10;24;54,167;-1,228;-0,559;157;54,14;3,195;0,976;1,948;74,375;-0,559;False;19,943;0
Argento;Commodities;Prezzo vs SMA200 + filtro VIX;Solo short;10;140;50,714;-0,07;0,077;50;42,0;-1,388;-0,56;0,566;-10,289;-0,56;False;8,867;0
GBP/USD;Valute;Prezzo vs SMA200;Solo long;10;123;47,967;-0,115;-0,311;116;47,414;-0,05;-0,56;0,908;-0,858;-0,56;False;2,253;0
FTSE MIB;Indici;Breakout Donchian 55;Solo long;60;28;53,571;1,828;0,959;23;78,261;2,599;-0,56;2,324;8,867;-0,56;False;13,092;0
S&P 500;Indici;EMA 50/200 + filtro VIX;Solo long;5;376;60,638;0,168;-0,56;241;61,411;0,221;-0,302;1,394;7,904;-0,56;False;2,786;0
Bitcoin;Cripto;ADX>25 + direzione DI;Solo short;5;100;34,0;-1,625;-0,561;141;47,518;-0,333;0,651;0,884;-6,964;-0,561;False;13,239;0
Bitcoin;Cripto;Momentum 10g;Long+Short;3;578;52,422;0,588;1,774;820;47,439;-0,062;-0,561;0,968;-7,543;-0,561;False;8,284;0
Oro;Commodities;Prezzo vs SMA200;Solo short;10;120;44,167;-0,083;0,214;49;34,694;-0,865;-0,561;0,455;-6,287;-0,561;False;5,059;0
EUR/CHF;Valute;SMA200 + Momentum20 concordi;Long+Short;20;106;43,396;0,223;0,878;76;44,737;-0,034;-0,562;0,93;-0,388;-0,562;False;2,309;0
S&P 500;Indici;Breakout Donchian 20;Solo long;10;162;66,667;0,423;-0,101;129;65,891;0,414;-0,562;1,555;7,915;-0,562;False;3,907;0
Oro;Commodities;Momentum 10g;Solo long;10;166;50,602;0,092;-0,217;130;48,462;0,45;-0,563;1,401;8,67;-0,563;False;5,181;0
DAX;Indici;EMA 10/30;Solo short;10;101;36,634;-0,585;-0,563;66;39,394;-0,64;-0,386;0,67;-6,267;-0,563;False;6,47;0
Oro;Commodities;Prezzo vs SMA100;Solo short;3;388;48,711;-0,07;-0,563;182;47,802;-0,162;-0,09;0,784;-4,38;-0,563;False;2,712;0
S&P 500;Indici;Momentum 10g;Solo long;60;39;76,923;1,87;-0,563;25;88,0;4,62;0,764;6,786;17,134;-0,563;False;10,78;0
Gas naturale;Commodities;Momentum 60g;Solo long;1;1077;46,704;-0,146;-0,563;905;48,729;-0,068;-0,031;0,955;-9,112;-0,563;False;4,827;0
DAX;Indici;EMA 20/50;Solo short;20;48;39,583;-1,103;-0,433;27;48,148;-1,625;-0,563;0,524;-6,507;-0,563;False;8,946;0
Petrolio WTI;Commodities;Momentum 20g;Long+Short;60;39;51,282;-1,578;-0,563;27;62,963;6,193;1,65;2,261;24,798;-0,563;False;23,461;0
FTSE MIB;Indici;Fine/inizio mese;Long+Short;40;54;48,148;-0,202;-0,563;40;55,0;1,993;-0,123;2,004;11,829;-0,563;False;15,268;0
FTSE MIB;Indici;Fine/inizio mese;Solo long;40;54;48,148;-0,202;-0,563;40;55,0;1,993;-0,123;2,004;11,829;-0,563;False;15,268;0
GBP/USD;Valute;Momentum 120g;Solo short;40;39;56,41;0,515;0,528;26;42,308;-0,498;-0,564;0,674;-1,922;-0,564;False;4,519;0
DAX;Indici;Acquisto su picco VIX;Long+Short;10;43;53,488;0,088;-0,336;34;61,765;-0,175;-0,564;0,918;-0,882;-0,564;False;7,763;0
DAX;Indici;Acquisto su picco VIX;Solo long;10;43;53,488;0,088;-0,336;34;61,765;-0,175;-0,564;0,918;-0,882;-0,564;False;7,763;0
GBP/USD;Valute;Breakout Donchian 20;Solo long;40;37;45,946;-0,524;-0,564;30;53,333;0,425;0,619;1,478;1,89;-0,564;False;4,092;0
Oro;Commodities;Prezzo vs SMA20;Long+Short;60;39;46,154;-0,449;-0,309;27;51,852;0,013;-0,564;1,003;0,05;-0,564;False;12,569;0
Argento;Commodities;Momentum 20g;Solo long;20;83;42,169;-0,21;-0,564;66;53,03;1,378;-0,376;1,371;13,483;-0,564;False;11,812;0
Gas naturale;Commodities;Fine/inizio mese;Long+Short;20;98;43,878;-0,728;-0,415;71;49,296;0,742;-0,564;1,111;7,809;-0,564;False;22,813;0
Gas naturale;Commodities;Fine/inizio mese;Solo long;20;98;43,878;-0,728;-0,415;71;49,296;0,742;-0,564;1,111;7,809;-0,564;False;22,813;0
Petrolio WTI;Commodities;Reversione RSI2;Solo short;3;184;47,826;-0,107;-0,565;144;48,611;-0,187;-0,054;0,887;-3,984;-0,565;False;5,439;0
Petrolio WTI;Commodities;Momentum 60g;Solo short;1;1042;47,793;0,001;-0,305;870;47,356;-0,073;-0,565;0,933;-9,369;-0,565;False;3,871;0
EUR/USD;Valute;ADX>25 + direzione DI;Solo long;20;37;45,946;-0,368;-0,565;31;51,613;0,093;0,104;1,15;0,425;-0,565;False;3,498;0
FTSE MIB;Indici;EMA 50/200;Solo long;60;26;65,385;-0,51;-0,565;23;69,565;4,382;0,57;5,826;14,951;-0,565;False;15,576;0
Gas naturale;Commodities;Prezzo vs SMA200;Solo short;5;285;50,526;-0,071;-0,565;177;48,588;-0,618;-0,274;0,834;-16,224;-0,565;False;12,12;0
S&P 500;Indici;Reversione RSI2 nel trend SMA200;Solo short;1;34;44,118;0,128;1,09;32;37,5;-0,113;-0,565;0,717;-0,537;-0,565;False;1,389;0
Petrolio WTI;Commodities;Prezzo vs SMA200;Solo short;3;373;49,598;-0,114;-0,565;314;45,86;-0,242;-0,224;0,875;-11,258;-0,565;False;6,689;0
EUR/USD;Valute;Momentum 10g;Long+Short;60;41;58,537;0,425;0,833;28;42,857;-0,386;-0,565;0,724;-1,601;-0,565;False;6,882;0
DAX;Indici;Momentum 60g;Solo long;60;35;65,714;1,605;-0,374;25;64,0;2,216;-0,566;2,492;8,218;-0,566;False;11,953;0
EUR/USD;Valute;SMA200 + Momentum20 concordi;Solo short;3;339;50,737;-0,003;-0,566;220;48,182;-0,029;-0,431;0,909;-0,958;-0,566;False;1,645;0
Bitcoin;Cripto;Momentum 60g;Long+Short;10;174;57,471;2,231;1,722;245;47,755;-0,181;-0,566;0,953;-6,558;-0,566;False;17,128;0
EUR/USD;Valute;Momentum 10g;Solo short;20;104;52,885;0,109;-0,275;73;50,685;-0,2;-0,566;0,79;-2,164;-0,566;False;3,517;0
Nasdaq 100;Indici;Prezzo vs SMA200;Solo long;40;55;67,273;2,343;-0,567;36;66,667;2,654;-0,374;2,104;14,175;-0,567;False;9,339;0
Oro;Commodities;Prezzo vs SMA200;Solo long;10;137;51,095;0,054;-0,358;138;53,623;0,461;-0,567;1,449;9,432;-0,567;False;5,461;0
FTSE MIB;Indici;Breakout Donchian 55;Solo short;3;307;47,557;-0,012;-0,181;146;39,041;-0,27;-0,567;0,783;-5,855;-0,567;False;4,318;0
FTSE MIB;Indici;Momentum 10g;Solo short;3;429;47,319;-0,054;-0,567;273;41,026;-0,147;-0,268;0,834;-5,938;-0,567;False;3,739;0
Oro;Commodities;Prezzo vs SMA100;Long+Short;5;463;48,164;-0,053;-0,567;338;54,142;0,145;0,252;1,168;7,258;-0,567;False;3,546;0
GBP/USD;Valute;SMA200 + Momentum20 concordi;Solo long;5;176;44,318;-0,084;-0,568;163;46,012;-0,028;-0,473;0,931;-0,667;-0,568;False;1,761;0
GBP/USD;Valute;Momentum 10g;Solo long;10;167;47,904;-0,11;-0,373;124;46,774;-0,068;-0,568;0,895;-1,256;-0,568;False;2,567;0
Argento;Commodities;Reversione RSI2;Solo long;40;45;44,444;1,493;0,528;29;58,621;3,064;-0,569;2,003;13,178;-0,569;False;15,552;0
S&P 500;Indici;SMA200 + Momentum20 concordi;Solo short;3;79;41,772;-0,311;-0,569;87;45,977;-0,154;-0,049;0,871;-1,99;-0,569;False;4,259;0
GBP/USD;Valute;Prezzo vs SMA20;Solo short;40;54;44,444;0,1;-0,382;39;46,154;-0,421;-0,569;0,707;-2,436;-0,569;False;5,197;0
FTSE MIB;Indici;Momentum 10g;Solo long;60;38;55,263;-0,721;-0,569;26;80,769;4,245;0,477;4,117;16,374;-0,569;False;15,462;0
Gas naturale;Commodities;Prezzo vs SMA200;Long+Short;20;116;46,552;-0,573;-0,57;84;46,429;-1,132;-0,559;0,858;-14,103;-0,57;False;24,063;0
Argento;Commodities;Momentum 60g + filtro VIX;Long+Short;10;209;41,627;-0,214;-0,57;149;42,953;-0,029;-0,351;0,99;-0,637;-0,57;False;9,138;0
EUR/CHF;Valute;Prezzo vs SMA50;Long+Short;40;61;54,098;0,198;0,371;42;45,238;-0,098;-0,57;0,866;-0,613;-0,57;False;3,728;0
Euro Stoxx 50;Indici;Momentum 60g + filtro VIX;Solo long;60;33;51,515;0,638;-0,096;24;66,667;1,761;-0,57;1,924;6,269;-0,57;False;12,303;0
Petrolio WTI;Commodities;Momentum 10g;Solo short;3;423;51,3;0,048;0,241;301;46,844;-0,386;-0,571;0,827;-17,246;-0,571;False;6,585;0
Gas naturale;Commodities;EMA 20/50;Solo long;3;351;46,439;-0,264;-0,571;288;50,694;-0,022;-0,498;0,992;-0,936;-0,571;False;9,195;0
DAX;Indici;ADX>25 + direzione DI;Solo long;10;48;43,75;0,119;-0,571;39;58,974;0,345;-0,253;1,497;1,995;-0,571;False;4,017;0
USD/JPY;Valute;Momentum 10g;Solo long;3;479;48,434;-0,001;-0,572;389;54,242;0,046;-0,455;1,137;2,664;-0,572;False;1,805;0
USD/JPY;Valute;ADX>25 + direzione DI;Long+Short;60;23;69,565;1,596;1,357;21;52,381;-0,143;-0,572;0,933;-0,444;-0,572;False;6,657;0
GBP/USD;Valute;Momentum 60g + filtro VIX;Long+Short;5;424;49,528;-0,034;-0,572;292;49,315;-0,002;-0,061;0,994;-0,106;-0,572;False;1,817;0
Petrolio WTI;Commodities;EMA 50/200 + filtro VIX;Solo short;10;94;43,617;-0,467;-0,573;83;44,578;-0,776;-0,057;0,74;-9,556;-0,573;False;11,329;0
Petrolio WTI;Commodities;EMA 50/200;Solo long;5;256;49,219;-0,128;-0,574;152;53,289;0,41;0,196;1,196;9,246;-0,574;False;8,54;0
Argento;Commodities;Momentum 20g;Solo long;5;262;48,092;-0,126;-0,575;222;47,297;0,232;-0,46;1,132;7,631;-0,575;False;6,333;0
FTSE MIB;Indici;EMA 50/200 + filtro VIX;Solo long;60;25;68,0;-0,573;-0,575;21;80,952;3,956;0,363;6,907;12,326;-0,575;False;14,229;0
EUR/USD;Valute;Momentum 120g + filtro VIX;Solo long;1;857;49,942;-0,012;-0,235;786;47,583;-0,007;-0,575;0,959;-0,783;-0,575;False;0,938;0
EUR/CHF;Valute;EMA 50/200;Solo short;60;31;51,613;0,759;0,159;24;45,833;0,202;-0,575;1,27;0,719;-0,575;False;3,553;0
FTSE MIB;Indici;EMA 10/30;Long+Short;60;39;43,59;-0,334;-0,2;28;64,286;0,787;-0,576;1,244;3,271;-0,576;False;17,186;0
USD/JPY;Valute;EMA 10/30;Solo long;3;420;49,524;0,01;-0,281;366;54,645;0,041;-0,577;1,128;2,236;-0,577;False;1,73;0
EUR/CHF;Valute;Prezzo vs SMA100;Solo long;40;37;54,054;-0,358;0,238;27;37,037;-0,473;-0,577;0,452;-1,893;-0,577;False;3,661;0
FTSE MIB;Indici;Prezzo vs SMA50;Solo short;3;386;46,891;-0,065;-0,577;205;40,488;-0,203;-0,49;0,81;-6,179;-0,577;False;4,137;0
EUR/USD;Valute;Momentum 60g;Solo short;10;153;47,712;0,009;-0,578;103;41,748;-0,095;-0,469;0,847;-1,449;-0,578;False;2,761;0
Argento;Commodities;Fine/inizio mese;Long+Short;60;37;43,243;-0,63;-0,578;26;53,846;7,59;0,189;2,634;29,264;-0,578;False;22,993;0
Argento;Commodities;Fine/inizio mese;Solo long;60;37;43,243;-0,63;-0,578;26;53,846;7,59;0,189;2,634;29,264;-0,578;False;22,993;0
S&P 500;Indici;SMA200 + Momentum20 concordi;Long+Short;60;39;66,667;1,082;-0,578;26;76,923;1,663;-0,422;1,699;6,416;-0,578;False;11,985;0
Oro;Commodities;EMA 20/50;Long+Short;5;463;49,244;-0,054;-0,578;338;54,734;0,212;0,859;1,257;10,625;-0,578;False;3,508;0
EUR/CHF;Valute;Momentum 10g;Solo short;10;176;50,568;0,081;-0,173;130;52,308;0,027;-0,579;1,082;0,528;-0,579;False;1,741;0
Oro;Commodities;Momentum 20g;Solo long;40;52;48,077;0,249;-0,579;38;57,895;2,722;0,025;2,677;15,341;-0,579;False;8,682;0
DAX;Indici;Momentum 20g;Solo short;60;33;39,394;-1,998;0,066;24;25,0;-3,593;-0,58;0,163;-12,792;-0,58;False;12,954;0
Gas naturale;Commodities;Momentum 120g;Solo long;40;35;45,714;1,346;0,712;31;48,387;1,394;-0,58;1,162;6,409;-0,58;False;31,49;0
GBP/USD;Valute;Reversione RSI2 nel trend SMA200;Solo long;20;32;46,875;-0,353;-0,58;27;51,852;0,081;0,082;1,115;0,324;-0,58;False;2,915;0
DAX;Indici;Momentum 5g;Solo long;60;39;66,667;1,204;-0,58;27;74,074;3,632;0,431;3,818;14,547;-0,58;False;13,438;0
Euro Stoxx 50;Indici;Prezzo vs SMA200;Solo long;10;156;56,41;0,009;-0,581;131;54,198;0,313;-0,233;1,329;6,077;-0,581;False;4,911;0
Gas naturale;Commodities;Momentum 5g;Long+Short;40;58;55,172;1,39;0,657;42;50,0;-1,627;-0,581;0,862;-10,135;-0,581;False;36,411;0
Oro;Commodities;Prezzo vs SMA50;Long+Short;20;116;51,724;-0,226;-0,581;84;52,381;0,782;1,174;1,535;9,746;-0,581;False;7,447;0
FTSE MIB;Indici;Prezzo vs SMA200 + filtro VIX;Long+Short;1;1952;49,334;-0,026;-0,581;1375;49,745;-0,009;-0,253;0,973;-1,809;-0,581;False;1,633;0
EUR/CHF;Valute;Momentum 10g;Solo short;20;106;49,057;0,124;-0,441;74;51,351;0,074;-0,581;1,194;0,815;-0,581;False;2,212;0
Ethereum;Cripto;Momentum 5g;Solo long;5;74;41,892;-0,54;-0,582;349;50,43;0,775;-0,518;1,246;40,114;-0,582;False;13,684;0
USD/JPY;Valute;EMA 10/30;Solo short;10;140;46,429;-0,156;-0,582;80;40,0;-0,264;-0,178;0,691;-3,128;-0,582;False;3,208;0
DAX;Indici;Momentum 60g + filtro VIX;Long+Short;60;39;64,103;0,466;-0,148;26;50,0;0,145;-0,582;1,049;0,558;-0,582;False;17,111;0
GBP/USD;Valute;EMA 20/50;Solo short;3;406;50,246;-0,01;-0,582;255;50,588;0,01;0,194;1,024;0,379;-0,582;False;1,605;0
Petrolio WTI;Commodities;Breakout Donchian 55;Solo short;5;209;51,675;0,027;0,093;170;42,941;-0,649;-0,582;0,776;-16,355;-0,582;False;9,228;0
EUR/USD;Valute;EMA 50/200;Solo long;5;208;49,038;-0,036;0,066;199;47,739;-0,025;-0,583;0,928;-0,749;-0,583;False;1,701;0
EUR/USD;Valute;Momentum 120g;Solo long;40;36;44,444;-0,305;0,01;30;46,667;-0,11;-0,583;0,891;-0,491;-0,583;False;4,775;0
Oro;Commodities;Prezzo vs SMA200;Solo short;20;63;44,444;-0,231;0,184;27;29,63;-1,904;-0,583;0,369;-7,624;-0,583;False;7,179;0
EUR/USD;Valute;Prezzo vs SMA20;Solo long;40;53;50,943;-0,546;-0,583;37;43,243;-0,063;-0,44;0,951;-0,346;-0,583;False;5,053;0
Euro Stoxx 50;Indici;ADX>20 + direzione DI;Long+Short;60;32;46,875;-0,414;-0,201;24;41,667;-1,017;-0,583;0,702;-3,62;-0,583;False;12,605;0
USD/JPY;Valute;EMA 20/50;Solo short;5;239;48,117;-0,085;-0,583;125;44,8;-0,038;0,582;0,931;-0,712;-0,583;False;2,106;0
Petrolio WTI;Commodities;Prezzo vs SMA200 + filtro VIX;Solo long;40;40;52,5;0,342;0,073;27;51,852;1,637;-0,583;1,296;6,554;-0,583;False;19,853;0
Euro Stoxx 50;Indici;Momentum 120g + filtro VIX;Solo long;5;286;53,846;-0,005;-0,583;233;56,223;0,138;-0,312;1,22;4,761;-0,583;False;3,245;0
Nasdaq 100;Indici;Reversione RSI2 nel trend SMA200;Long+Short;40;41;65,854;1,624;-0,584;30;73,333;3,708;1,311;3,662;16,501;-0,584;False;10,843;0
Nasdaq 100;Indici;EMA 50/200;Long+Short;10;232;59,483;0,438;-0,584;168;60,714;0,614;0,388;1,484;15,311;-0,584;False;6,147;0
USD/JPY;Valute;Breakout Donchian 55 + filtro VIX;Solo long;1;1217;50,863;0,026;1,143;911;54,665;0,012;-0,584;1,064;1,654;-0,584;False;1,12;0
GBP/USD;Valute;EMA 20/50;Solo long;5;253;46,64;-0,075;-0,584;206;48,058;0,031;0,32;1,084;0,958;-0,584;False;1,757;0
Euro Stoxx 50;Indici;Momentum 5g;Solo long;40;56;64,286;0,632;-0,032;40;55,0;0,919;-0,585;1,491;5,451;-0,585;False;10,109;0
Gas naturale;Commodities;EMA 10/30;Solo short;20;83;49,398;-0,451;-0,585;56;41,071;-2,723;-0,318;0,684;-22,616;-0,585;False;32,21;0
EUR/USD;Valute;Prezzo vs SMA20;Solo short;10;171;50,292;0,016;-0,585;121;47,107;-0,072;-0,355;0,878;-1,296;-0,585;False;2,771;0
USD/JPY;Valute;ADX>20 + direzione DI;Long+Short;60;34;47,059;-0,486;-0,585;24;66,667;0,671;0,331;1,43;2,387;-0,585;False;7,954;0
Petrolio WTI;Commodities;Momentum 60g;Solo long;60;32;56,25;-0,278;-0,112;21;57,143;2,836;-0,585;1,486;8,832;-0,585;False;23,789;0
Gas naturale;Commodities;EMA 50/200;Solo long;20;48;35,417;-1,38;-0,586;45;53,333;2,33;0,165;1,396;15,547;-0,586;False;25,767;0
FTSE MIB;Indici;Momentum 120g;Long+Short;40;59;47,458;-0,113;-0,157;42;57,143;0,608;-0,586;1,238;3,79;-0,586;False;13,156;0
DAX;Indici;Reversione RSI2 nel trend SMA200;Solo short;3;35;40,0;-0,313;-0,586;24;45,833;-0,119;-0,038;0,885;-0,425;-0,586;False;3,675;0
Euro Stoxx 50;Indici;Breakout Donchian 55;Solo long;40;40;62,5;0,569;-0,102;31;67,742;0,867;-0,586;1,471;3,988;-0,586;False;10,976;0
USD/JPY;Valute;Prezzo vs SMA50;Long+Short;40;61;52,459;0,764;1,631;42;59,524;-0,118;-0,586;0,92;-0,737;-0,586;False;5,92;0
Petrolio WTI;Commodities;Prezzo vs SMA100;Solo long;3;449;47,661;-0,074;-0,508;305;52,459;0,012;-0,586;1,008;0,565;-0,586;False;5,761;0
Nasdaq 100;Indici;Fine/inizio mese;Long+Short;10;111;61,261;0,454;-0,587;80;62,5;0,95;0,358;1,773;11,277;-0,587;False;6,136;0
Nasdaq 100;Indici;Fine/inizio mese;Solo long;10;111;61,261;0,454;-0,587;80;62,5;0,95;0,358;1,773;11,277;-0,587;False;6,136;0
FTSE MIB;Indici;Momentum 120g;Solo short;20;62;45,161;-0,714;-0,587;25;40,0;-1,108;-0,032;0,664;-4,111;-0,587;False;11,215;0
Nasdaq 100;Indici;Prezzo vs SMA200 + filtro VIX;Solo long;20;105;62,857;1,102;-0,587;65;69,231;1,425;-0,25;2,069;13,74;-0,587;False;6,886;0
Gas naturale;Commodities;Momentum 60g;Long+Short;20;116;43,966;-0,634;-0,588;84;48,81;0,144;-0,018;1,02;1,789;-0,588;False;23,923;0
EUR/CHF;Valute;Momentum 60g + filtro VIX;Solo long;5;200;37,0;-0,083;-0,588;139;47,482;-0,039;-0,012;0,848;-0,796;-0,588;False;1,238;0
Euro Stoxx 50;Indici;Prezzo vs SMA200 + filtro VIX;Solo long;20;81;56,79;0,021;-0,588;65;63,077;0,393;-0,54;1,284;3,786;-0,588;False;7,658;0
FTSE MIB;Indici;Reversione RSI2 nel trend SMA200;Solo short;3;49;44,898;0,596;1,195;27;44,444;-0,356;-0,588;0,652;-1,427;-0,588;False;3,8;0
FTSE MIB;Indici;Breakout Donchian 55 + filtro VIX;Solo long;10;140;50,714;-0,139;-0,588;121;56,198;0,371;-0,459;1,373;6,657;-0,588;False;5,907;0
Bitcoin;Cripto;Fine/inizio mese;Long+Short;5;57;66,667;3,408;1,94;80;56,25;0,363;-0,588;1,192;4,309;-0,588;False;9,377;0
Bitcoin;Cripto;Fine/inizio mese;Solo long;5;57;66,667;3,408;1,94;80;56,25;0,363;-0,588;1,192;4,309;-0,588;False;9,377;0
Oro;Commodities;Breakout Donchian 20;Long+Short;3;771;48,898;-0,031;-0,522;565;50,442;-0,003;-0,588;0,995;-0,289;-0,588;False;2,728;0
Euro Stoxx 50;Indici;Reversione RSI2 nel trend SMA200;Solo short;3;53;39,623;0,537;1,577;29;41,379;-0,334;-0,589;0,662;-1,437;-0,589;False;2,983;0
Oro;Commodities;Momentum 5g;Solo long;20;102;44,118;0,269;-0,133;77;58,442;0,998;-0,59;1,727;11,395;-0,59;False;6,49;0
Petrolio WTI;Commodities;ADX>20 + direzione DI;Solo short;3;277;51,986;-0,128;-0,542;179;44,134;-0,486;-0,59;0,794;-12,903;-0,59;False;6,913;0
Petrolio WTI;Commodities;Breakout Donchian 20;Solo short;1;1067;48,454;-0,018;-0,59;867;49,25;0,033;0,404;1,032;4,234;-0,59;False;3,776;0
USD/JPY;Valute;EMA 10/30;Solo short;40;44;47,727;-0,626;-0,567;28;39,286;-1,379;-0,591;0,415;-5,728;-0,591;False;6,218;0
S&P 500;Indici;SMA200 + Momentum20 concordi;Solo long;60;36;75,0;2,046;-0,591;23;82,609;3,369;-0,212;3,704;11,495;-0,591;False;9,755;0
GBP/USD;Valute;Prezzo vs SMA100;Solo long;5;262;47,71;-0,04;-0,125;219;48,402;-0,034;-0,591;0,921;-1,099;-0,591;False;1,843;0
Gas naturale;Commodities;Prezzo vs SMA50;Solo short;20;88;50,0;-0,396;-0,592;59;42,373;-3,142;-0,475;0,66;-27,491;-0,592;False;29,34;0
Argento;Commodities;EMA 50/200 + filtro VIX;Solo short;3;445;50,112;-0,008;-0,087;116;50,0;-0,358;-0,592;0,745;-6,154;-0,592;False;4,012;0
EUR/CHF;Valute;EMA 50/200;Solo long;20;38;50,0;0,043;1,13;20;40,0;-0,327;-0,592;0,493;-0,97;-0,592;False;2,776;0
Bitcoin;Cripto;Breakout Donchian 55;Solo short;1;574;45,296;-0,146;0,455;1045;45,837;-0,208;-0,592;0,826;-32,272;-0,592;False;4,875;0
Gas naturale;Commodities;Breakout Donchian 55;Solo long;5;238;42,437;-0,357;-0,593;172;48,837;0,243;-0,251;1,066;6,186;-0,593;False;11,117;0
USD/JPY;Valute;Momentum 20g;Long+Short;10;241;48,133;-0,06;-0,593;174;51,149;0,028;-0,043;1,042;0,722;-0,593;False;3,033;0
Nasdaq 100;Indici;EMA 50/200 + filtro VIX;Long+Short;5;407;59,951;0,214;-0,593;284;61,62;0,352;0,628;1,418;14,816;-0,593;False;3,729;0
EUR/USD;Valute;Prezzo vs SMA200 + filtro VIX;Solo long;1;914;49,562;-0,006;0,108;812;48,03;-0,007;-0,594;0,958;-0,841;-0,594;False;0,937;0
GBP/USD;Valute;Prezzo vs SMA200 + filtro VIX;Solo short;40;38;52,632;0,348;0,158;24;37,5;-0,512;-0,594;0,66;-1,823;-0,594;False;5,461;0
Argento;Commodities;Breakout Donchian 55 + filtro VIX;Solo short;5;210;45,714;-0,16;-0,594;97;44,33;-0,577;-0,463;0,692;-8,303;-0,594;False;5,444;0
DAX;Indici;Momentum 60g + filtro VIX;Solo short;40;30;26,667;-1,609;-0,041;20;30,0;-2,657;-0,594;0,348;-7,882;-0,594;False;11,076;0
Bitcoin;Cripto;Acquisto su picco VIX;Long+Short;3;75;49,333;0,133;-0,595;120;57,5;0,643;0,319;1,286;11,45;-0,595;False;10,512;0
Bitcoin;Cripto;Acquisto su picco VIX;Solo long;3;75;49,333;0,133;-0,595;120;57,5;0,643;0,319;1,286;11,45;-0,595;False;10,512;0
Gas naturale;Commodities;Breakout Donchian 20;Long+Short;40;58;50,0;0,307;0,127;42;40,476;-1,687;-0,595;0,857;-10,506;-0,595;False;36,409;0
Petrolio WTI;Commodities;Reversione RSI2;Solo short;60;32;46,875;-1,713;-0,595;23;52,174;-5,102;0,047;0,601;-17,401;-0,595;False;28,065;0
EUR/CHF;Valute;Momentum 60g;Solo short;20;91;49,451;0,12;-0,347;68;51,471;0,066;-0,596;1,166;0,664;-0,596;False;2,335;0
EUR/USD;Valute;Momentum 20g;Solo short;10;161;52,795;0,099;0,12;113;47,788;-0,112;-0,596;0,827;-1,883;-0,596;False;2,581;0
Argento;Commodities;Prezzo vs SMA200;Solo long;10;105;47,619;-0,24;-0,597;126;50,0;0,738;-0,254;1,296;13,787;-0,597;False;9,42;0
Petrolio WTI;Commodities;EMA 20/50;Long+Short;3;772;51,684;-0,073;-0,597;563;51,51;0,071;0,32;1,039;5,944;-0,597;False;6,227;0
Petrolio WTI;Commodities;Prezzo vs SMA200;Solo long;10;140;52,857;-0,074;-0,269;91;50,549;0,231;-0,597;1,082;3,115;-0,597;False;11,028;0
Gas naturale;Commodities;Prezzo vs SMA50;Solo long;10;134;44,03;-0,543;-0,598;110;49,091;0,3;-0,502;1,062;4,894;-0,598;False;16,039;0
Oro;Commodities;EMA 10/30;Long+Short;5;463;47,084;-0,06;-0,598;338;51,183;0,054;-0,129;1,059;2,691;-0,598;False;3,508;0
Ethereum;Cripto;Reversione RSI2 nel trend SMA200;Long+Short;3;29;58,621;-0,434;-0,251;142;53,521;-0,372;-0,598;0,867;-7,835;-0,598;False;13,711;0
Bitcoin;Cripto;ADX>25 + direzione DI;Solo short;20;37;43,243;-7,278;-0,599;51;54,902;-1,175;0,86;0,81;-8,885;-0,599;False;33,077;0
Petrolio WTI;Commodities;Momentum 10g;Long+Short;5;463;50,54;-0,118;-0,599;338;49,408;0,02;-0,023;1,008;0,986;-0,599;False;8,258;0
USD/JPY;Valute;Prezzo vs SMA200;Long+Short;5;481;48,649;0,003;-0,001;350;52,857;-0,007;-0,599;0,986;-0,355;-0,599;False;2,219;0
EUR/USD;Valute;EMA 50/200;Solo long;20;53;45,283;-0,154;0,038;52;48,077;-0,076;-0,599;0,897;-0,585;-0,599;False;2,851;0
Oro;Commodities;Reversione RSI2 nel trend SMA200;Solo long;40;25;44,0;0,922;0,215;20;65,0;1,785;-0,599;2,083;5,295;-0,599;False;10,054;0
Argento;Commodities;Momentum 60g;Solo long;3;378;48,148;-0,037;-0,216;353;48,442;0,046;-0,599;1,033;2,414;-0,599;False;4,652;0
EUR/CHF;Valute;ADX>20 + direzione DI;Solo long;40;39;51,282;-0,409;0,065;28;39,286;-0,479;-0,6;0,464;-1,991;-0,6;False;4,005;0
Ethereum;Cripto;Breakout Donchian 55 + filtro VIX;Long+Short;1;487;52,567;0,102;0,511;1973;49,012;0,038;-0,601;1,028;11,12;-0,601;False;5,971;0
USD/JPY;Valute;Fine/inizio mese;Long+Short;10;111;51,351;0,119;0,222;80;53,75;0,101;-0,601;1,164;1,194;-0,601;False;3,357;0
USD/JPY;Valute;Fine/inizio mese;Solo long;10;111;51,351;0,119;0,222;80;53,75;0,101;-0,601;1,164;1,194;-0,601;False;3,357;0
EUR/CHF;Valute;Momentum 60g;Solo long;10;123;38,211;-0,099;0,07;83;45,783;-0,138;-0,602;0,669;-1,699;-0,602;False;1,827;0
Nasdaq 100;Indici;ADX>20 + direzione DI;Long+Short;40;44;52,273;-0,315;-0,602;35;57,143;1,625;0,795;1,643;8,437;-0,602;False;9,214;0
EUR/USD;Valute;Reversione RSI2;Solo long;10;114;50,877;0,033;0,74;81;41,975;-0,066;-0,603;0,87;-0,792;-0,603;False;2,645;0
Argento;Commodities;EMA 10/30;Long+Short;10;232;50,0;-0,128;-0,321;168;47,024;-0,155;-0,604;0,943;-3,861;-0,604;False;8,893;0
Argento;Commodities;Prezzo vs SMA50;Long+Short;5;463;46,436;-0,026;-0,121;338;46,45;-0,138;-0,604;0,931;-6,925;-0,604;False;6,232;0
Argento;Commodities;Momentum 5g;Solo long;3;482;51,452;0,086;0,743;373;51,743;0,054;-0,604;1,039;2,965;-0,604;False;4,565;0
Petrolio WTI;Commodities;Momentum 60g + filtro VIX;Solo long;20;74;52,703;0,586;0,519;49;48,98;0,81;-0,604;1,254;5,887;-0,604;False;14,678;0
EUR/USD;Valute;ADX>20 + direzione DI;Solo long;20;58;43,103;-0,256;-0,311;46;47,826;-0,105;-0,605;0,869;-0,714;-0,605;False;3,412;0
EUR/CHF;Valute;Momentum 60g + filtro VIX;Solo long;20;66;37,879;-0,26;-0,247;41;51,22;-0,286;-0,605;0,563;-1,739;-0,605;False;3,034;0
EUR/CHF;Valute;Momentum 60g;Long+Short;10;241;43,983;-0,037;-0,607;174;55,172;-0,02;-0,441;0,947;-0,511;-0,607;False;1,791;0
Euro Stoxx 50;Indici;Prezzo vs SMA20;Solo short;5;247;46,154;-0,18;-0,607;179;40,223;-0,175;0,008;0,854;-4,66;-0,607;False;4,45;0
Euro Stoxx 50;Indici;Momentum 10g;Solo short;10;150;46,667;-0,339;-0,608;111;41,441;-0,436;-0,156;0,737;-7,174;-0,608;False;5,707;0
Argento;Commodities;EMA 50/200 + filtro VIX;Long+Short;20;108;53,704;0,939;1,576;77;45,455;0,115;-0,608;1,028;1,308;-0,608;False;12,704;0
GBP/USD;Valute;Momentum 60g + filtro VIX;Long+Short;40;58;48,276;-0,23;-0,609;41;46,341;-0,041;-0,12;0,967;-0,25;-0,609;False;5,318;0
S&P 500;Indici;EMA 10/30;Solo long;10;183;64,481;0,343;-0,609;130;68,462;0,536;-0,013;1,758;10,337;-0,609;False;3,866;0
Oro;Commodities;Momentum 60g + filtro VIX;Long+Short;40;56;42,857;-0,422;-0,609;38;57,895;2,06;1,195;2,264;11,608;-0,609;False;9,186;0
USD/JPY;Valute;Prezzo vs SMA50;Long+Short;3;801;47,441;-0,02;-0,61;584;47,945;-0,008;-0,577;0,978;-0,716;-0,61;False;1,775;0
DAX;Indici;Momentum 60g + filtro VIX;Solo short;20;48;31,25;-1,256;-0,61;30;40,0;-1,227;-0,339;0,517;-5,459;-0,61;False;7,535;0
GBP/USD;Valute;Momentum 120g + filtro VIX;Solo long;3;360;48,056;-0,019;-0,021;297;46,128;-0,021;-0,611;0,927;-0,928;-0,611;False;1,425;0
EUR/USD;Valute;EMA 20/50;Solo long;20;68;41,176;-0,328;-0,612;48;52,083;0,157;0,329;1,207;1,119;-0,612;False;3,099;0
EUR/USD;Valute;Breakout Donchian 55 + filtro VIX;Solo long;40;33;39,394;-0,581;-0,612;24;50,0;0,466;0,665;1,668;1,659;-0,612;False;3,976;0
FTSE MIB;Indici;Momentum 60g;Solo long;10;155;49,032;-0,007;-0,175;142;57,042;0,325;-0,612;1,299;6,848;-0,612;False;6,389;0
Argento;Commodities;Momentum 5g;Solo long;5;309;49,515;0,086;0,288;249;53,815;0,175;-0,612;1,092;6,452;-0,612;False;6,365;0
Nasdaq 100;Indici;SMA200 + Momentum20 concordi;Solo long;5;335;59,104;0,24;-0,614;221;60,633;0,389;0,099;1,479;12,751;-0,614;False;3,454;0
Petrolio WTI;Commodities;EMA 50/200;Solo short;1;1056;48,011;-0,021;-0,614;938;47,868;-0,059;-0,475;0,942;-8,241;-0,614;False;3,79;0
FTSE MIB;Indici;Momentum 10g;Solo short;10;158;50,0;-0,282;-0,615;105;38,095;-0,605;-0,233;0,686;-9,419;-0,615;False;6,93;0
Petrolio WTI;Commodities;Momentum 60g;Solo long;10;141;55,319;0,237;0,444;97;56,701;0,324;-0,615;1,138;4,66;-0,615;False;10,39;0
FTSE MIB;Indici;Momentum 120g + filtro VIX;Solo long;40;42;52,381;0,016;-0,317;35;68,571;1,402;-0,615;1,778;7,28;-0,615;False;14,428;0
GBP/USD;Valute;Momentum 5g;Long+Short;60;41;56,098;0,361;0,543;28;46,429;-0,494;-0,615;0,713;-2,053;-0,615;False;7,446;0
Nasdaq 100;Indici;Momentum 20g;Solo long;5;353;58,924;0,259;-0,387;246;59,35;0,267;-0,615;1,295;9,746;-0,615;False;3,715;0
EUR/USD;Valute;EMA 50/200 + filtro VIX;Solo short;3;392;48,469;-0,004;-0,616;195;48,205;-0,001;0,085;0,996;-0,032;-0,616;False;1,582;0
EUR/CHF;Valute;EMA 20/50;Long+Short;20;121;43,802;-0,085;-0,616;86;50,0;-0,034;-0,48;0,929;-0,431;-0,616;False;2,577;0
Gas naturale;Commodities;Momentum 60g;Long+Short;10;232;48,707;-0,167;-0,31;169;47,337;-0,673;-0,616;0,878;-16,876;-0,616;False;17,92;0
Gas naturale;Commodities;Prezzo vs SMA20;Solo short;20;93;54,839;-0,499;-0,616;66;37,879;-2,502;-0,25;0,696;-24,483;-0,616;False;30,367;0
Euro Stoxx 50;Indici;Momentum 120g;Solo short;3;313;42,492;-0,117;-0,616;172;41,279;-0,206;-0,477;0,815;-5,261;-0,616;False;3,941;0
FTSE MIB;Indici;Prezzo vs SMA100;Solo long;10;152;50,658;-0,133;-0,594;139;56,835;0,329;-0,617;1,301;6,776;-0,617;False;6,364;0
GBP/USD;Valute;EMA 10/30;Solo long;10;140;51,429;-0,152;-0,617;102;54,902;0,065;0,287;1,124;0,983;-0,617;False;2,604;0
EUR/USD;Valute;EMA 50/200 + filtro VIX;Solo long;3;301;49,834;0,01;0,723;291;47,423;-0,02;-0,618;0,93;-0,868;-0,618;False;1,382;0
Euro Stoxx 50;Indici;Prezzo vs SMA200 + filtro VIX;Solo short;1;571;46,76;-0,034;-0,618;248;45,968;-0,067;-0,575;0,865;-2,447;-0,618;False;1,811;0
Argento;Commodities;EMA 10/30;Long+Short;40;58;43,103;-0,977;-0,618;42;45,238;1,64;0,319;1,295;10,216;-0,618;False;19,231;0
Argento;Commodities;Prezzo vs SMA50;Long+Short;3;771;47,99;0,011;0,102;565;49,912;-0,083;-0,618;0,942;-6,97;-0,618;False;4,332;0
Ethereum;Cripto;EMA 10/30;Solo long;1;204;49,02;0,098;0,303;1346;49,034;0,138;-0,619;1,103;27,532;-0,619;False;6,042;0
Petrolio WTI;Commodities;EMA 50/200;Solo long;3;423;48,227;-0,09;-0,619;252;52,381;0,092;-0,245;1,053;3,44;-0,619;False;6,237;0
Oro;Commodities;Prezzo vs SMA200 + filtro VIX;Solo long;20;66;45,455;0,039;-0,619;65;55,385;1,022;-0,397;1,661;9,855;-0,619;False;6,852;0
USD/JPY;Valute;Prezzo vs SMA20;Solo short;20;94;45,745;-0,325;-0,619;60;40,0;-0,44;0,021;0,613;-3,916;-0,619;False;4,403;0
Argento;Commodities;Momentum 5g;Solo long;40;56;42,857;-0,243;-0,619;40;57,5;4,162;-0,013;1,998;24,686;-0,619;False;17,695;0
DAX;Indici;Prezzo vs SMA200;Solo long;40;48;60,417;0,887;-0,62;35;68,571;1,898;0,077;2,609;9,854;-0,62;False;10,918;0
USD/JPY;Valute;Prezzo vs SMA50;Solo short;20;84;46,429;-0,28;-0,42;50;38,0;-0,68;-0,62;0,521;-5,042;-0,62;False;4,47;0
USD/JPY;Valute;Momentum 60g + filtro VIX;Solo long;1;1081;48,844;0,029;1,211;972;54,527;0,012;-0,62;1,067;1,762;-0,62;False;1,091;0
Euro Stoxx 50;Indici;Breakout Donchian 55;Solo short;20;52;40,385;-0,81;-0,621;30;33,333;-1,269;-0,391;0,62;-5,649;-0,621;False;9,214;0
S&P 500;Indici;EMA 50/200;Solo long;20;104;69,231;0,683;-0,621;71;66,197;1,006;-0,155;1,682;10,592;-0,621;False;6,649;0
Argento;Commodities;Acquisto su picco VIX;Long+Short;5;68;47,059;-0,141;-0,317;55;54,545;-0,141;-0,621;0,94;-1,149;-0,621;False;6,868;0
Argento;Commodities;Acquisto su picco VIX;Solo long;5;68;47,059;-0,141;-0,317;55;54,545;-0,141;-0,621;0,94;-1,149;-0,621;False;6,868;0
Gas naturale;Commodities;Reversione RSI2;Solo short;20;74;54,054;-0,169;-0,314;55;41,818;-3,593;-0,621;0,605;-29,303;-0,621;False;26,024;0
DAX;Indici;ADX>20 + direzione DI;Long+Short;5;252;47,222;0,013;0,05;165;46,061;-0,129;-0,621;0,883;-3,16;-0,621;False;3,888;0
S&P 500;Indici;Momentum 10g;Solo short;60;36;19,444;-3,058;-0,621;24;16,667;-3,813;-0,126;0,229;-13,575;-0,621;False;9,915;0
S&P 500;Indici;EMA 20/50;Solo long;10;193;64,767;0,336;-0,622;136;62,5;0,403;-0,571;1,449;8,139;-0,622;False;4,129;0
Bitcoin;Cripto;Prezzo vs SMA20;Solo long;10;126;57,143;3,266;0,833;177;46,893;1,016;-0,622;1,317;26,67;-0,622;False;14,851;0
Oro;Commodities;Momentum 20g;Solo long;60;35;54,286;0,354;-0,622;25;68,0;3,059;-0,512;2,354;11,341;-0,622;False;11,228;0
FTSE MIB;Indici;SMA200 + Momentum20 concordi;Long+Short;60;38;44,737;-0,963;-0,622;26;76,923;3,342;1,158;2,84;12,89;-0,622;False;15,636;0
USD/JPY;Valute;EMA 10/30;Long+Short;40;61;55,738;0,643;1,457;42;61,905;-0,008;-0,623;0,995;-0,047;-0,623;False;5,967;0
FTSE MIB;Indici;Momentum 120g;Solo short;1;1009;48,563;0,008;-0,623;375;42,933;-0,0;-0,051;1,0;-0,005;-0,623;False;2,345;0
FTSE MIB;Indici;Momentum 120g + filtro VIX;Long+Short;20;110;50,0;0,208;0,324;79;55,696;0,204;-0,624;1,108;2,392;-0,624;False;9,52;0
GBP/USD;Valute;Momentum 120g;Solo short;20;71;53,521;0,211;0,251;50;46,0;-0,256;-0,624;0,764;-1,895;-0,624;False;3,768;0
Gas naturale;Commodities;Momentum 60g;Solo long;10;132;46,97;0,279;0,557;107;48,598;0,211;-0,624;1,046;3,353;-0,624;False;16,527;0
Nasdaq 100;Indici;Prezzo vs SMA200 + filtro VIX;Solo long;60;37;86,486;3,229;-0,625;23;73,913;5,291;0,171;5,888;18,055;-0,625;False;13,894;0
Argento;Commodities;Momentum 10g;Solo long;40;54;48,148;-0,222;-0,626;38;60,526;4,683;0,196;2,397;26,388;-0,626;False;18,826;0
Argento;Commodities;Breakout Donchian 55 + filtro VIX;Solo short;10;111;44,144;-0,339;-0,515;50;40,0;-1,412;-0,626;0,536;-10,473;-0,626;False;8,164;0
Oro;Commodities;Prezzo vs SMA200;Solo long;3;422;48,815;-0,02;-0,622;441;52,381;0,088;-0,626;1,126;5,782;-0,626;False;2,691;0
Ethereum;Cripto;Momentum 10g;Long+Short;3;195;50,769;0,364;0,661;820;46,829;-0,107;-0,626;0,959;-13,054;-0,626;False;10,669;0
S&P 500;Indici;Prezzo vs SMA200;Solo long;60;37;78,378;2,024;-0,627;24;75,0;2,988;-0,492;2,852;10,64;-0,627;False;9,789;0
EUR/CHF;Valute;Prezzo vs SMA200 + filtro VIX;Solo short;10;143;53,846;0,074;-0,29;109;49,541;0,026;-0,627;1,083;0,414;-0,627;False;1,657;0
Petrolio WTI;Commodities;Breakout Donchian 55;Solo long;20;69;53,623;0,365;0,292;47;57,447;0,674;-0,627;1,193;4,699;-0,627;False;14,49;0
Petrolio WTI;Commodities;Momentum 120g;Solo long;10;135;46,667;-0,262;-0,628;96;45,833;0,281;-0,549;1,096;3,996;-0,628;False;11,252;0
USD/JPY;Valute;Prezzo vs SMA200;Solo short;5;234;46,154;-0,047;-0,102;131;47,328;-0,185;-0,628;0,683;-3,593;-0,628;False;2,091;0
EUR/CHF;Valute;Momentum 5g;Long+Short;20;121;47,934;0,153;0,78;86;55,814;-0,057;-0,628;0,883;-0,729;-0,628;False;2,508;0
GBP/USD;Valute;EMA 10/30;Solo short;5;254;50,787;-0,022;-0,629;182;49,451;-0,008;0,015;0,985;-0,207;-0,629;False;1,956;0
EUR/CHF;Valute;EMA 20/50;Solo short;5;299;46,488;0,007;-0,566;217;56,221;0,008;-0,629;1,033;0,267;-0,629;False;1,256;0
EUR/USD;Valute;Momentum 60g + filtro VIX;Long+Short;60;39;41,026;-0,297;-0,541;27;55,556;-0,438;-0,629;0,723;-1,754;-0,629;False;6,081;0
Euro Stoxx 50;Indici;Breakout Donchian 55 + filtro VIX;Long+Short;60;38;44,737;-0,811;-0,629;26;57,692;0,467;-0,382;1,164;1,801;-0,629;False;15,145;0
Nasdaq 100;Indici;Momentum 5g;Solo short;5;252;38,889;-0,318;-0,142;192;38,021;-0,531;-0,629;0,671;-15,115;-0,629;False;4,351;0
Argento;Commodities;Momentum 5g;Solo short;10;183;51,366;0,052;0,369;131;43,511;-1,27;-0,629;0,604;-24,676;-0,629;False;10,664;0
Oro;Commodities;Momentum 20g;Long+Short;20;116;50,862;-0,229;-0,629;84;51,19;0,335;0,053;1,199;4,177;-0,629;False;7,385;0
Oro;Commodities;EMA 50/200 + filtro VIX;Solo long;10;117;53,846;0,147;0,013;122;54,918;0,415;-0,63;1,377;7,511;-0,63;False;5,114;0
Gas naturale;Commodities;Momentum 10g;Solo short;60;37;56,757;-0,374;-0,35;26;38,462;-10,29;-0,631;0,447;-39,676;-0,631;False;63,517;0
Bitcoin;Cripto;Momentum 20g;Solo long;1;1020;53,725;0,294;0,746;1345;47,584;0,097;-0,631;1,102;19,248;-0,631;False;4,624;0
S&P 500;Indici;EMA 50/200;Solo long;10;205;68,293;0,328;-0,631;140;62,857;0,354;-0,614;1,345;7,354;-0,631;False;4,318;0
Argento;Commodities;Momentum 120g + filtro VIX;Solo long;40;34;38,235;-0,505;-0,632;34;47,059;3,933;-0,102;2,149;19,83;-0,632;False;15,513;0
Argento;Commodities;EMA 10/30;Solo short;10;153;47,712;-0,037;0,15;88;40,909;-1,35;-0,632;0,591;-17,622;-0,632;False;9,033;0
GBP/USD;Valute;Momentum 20g;Solo short;3;443;50,339;-0,011;-0,632;309;45,955;-0,039;-0,565;0,899;-1,791;-0,632;False;1,622;0
Oro;Commodities;ADX>25 + direzione DI;Solo short;40;31;64,516;0,573;1,769;20;35,0;-3,757;-0,632;0,204;-11,143;-0,632;False;10,329;0
Petrolio WTI;Commodities;Prezzo vs SMA100;Solo short;60;30;50,0;-1,835;-0,633;20;50,0;-3,806;0,347;0,61;-11,289;-0,633;False;28,418;0
Petrolio WTI;Commodities;Prezzo vs SMA100;Long+Short;60;39;48,718;-1,768;-0,633;27;51,852;1,425;0,443;1,195;5,706;-0,633;False;25,992;0
FTSE MIB;Indici;SMA200 + Momentum20 concordi;Long+Short;10;193;48,187;-0,183;-0,592;139;50,36;0,028;-0,633;1,019;0,568;-0,633;False;6,404;0
Euro Stoxx 50;Indici;EMA 50/200;Solo long;60;28;57,143;-0,333;-0,633;22;77,273;2,63;0,014;3,47;8,583;-0,633;False;12,706;0
Argento;Commodities;Reversione RSI2;Solo short;40;47;48,936;-0,917;-0,165;31;38,71;-6,614;-0,633;0,315;-30,405;-0,633;False;23,761;0
EUR/USD;Valute;Prezzo vs SMA20;Solo long;20;91;46,154;-0,291;-0,557;67;52,239;-0,096;-0,634;0,89;-0,95;-0,634;False;3,806;0
S&P 500;Indici;Prezzo vs SMA20;Solo long;60;39;74,359;1,788;-0,634;26;76,923;3,781;0,101;3,84;14,583;-0,634;False;12,273;0
Argento;Commodities;ADX>20 + direzione DI;Long+Short;40;49;53,061;0,616;0,521;33;45,455;-1,112;-0,634;0,829;-5,443;-0,634;False;16,184;0
EUR/CHF;Valute;EMA 50/200;Long+Short;20;121;54,545;0,14;0,261;86;48,837;0,007;-0,634;1,015;0,089;-0,634;False;2,423;0
EUR/USD;Valute;Momentum 120g;Solo long;20;64;53,125;-0,16;0,016;56;46,429;-0,09;-0,635;0,884;-0,749;-0,635;False;3,198;0
EUR/CHF;Valute;EMA 50/200;Long+Short;10;241;52,282;0,067;0,245;174;51,149;-0,001;-0,635;0,996;-0,038;-0,635;False;1,794;0
Petrolio WTI;Commodities;Prezzo vs SMA50;Solo short;1;1053;48,148;-0,021;-0,635;825;48,242;0,011;0,194;1,01;1,301;-0,635;False;3,799;0
Argento;Commodities;ADX>25 + direzione DI;Long+Short;5;189;44,444;-0,007;-0,013;117;50,427;-0,235;-0,635;0,892;-4,078;-0,635;False;6,511;0
EUR/USD;Valute;SMA200 + Momentum20 concordi;Solo short;20;67;47,761;-0,007;-0,636;42;54,762;0,091;0,522;1,125;0,567;-0,636;False;3,964;0
Gas naturale;Commodities;EMA 20/50;Long+Short;20;116;47,414;-0,668;-0,636;84;47,619;0,796;0,384;1,114;9,914;-0,636;False;23,968;0
FTSE MIB;Indici;Momentum 120g;Long+Short;5;468;48,077;-0,033;-0,233;342;52,047;0,023;-0,637;1,023;1,167;-0,637;False;4,684;0
Petrolio WTI;Commodities;SMA200 + Momentum20 concordi;Long+Short;3;565;50,796;-0,097;-0,638;425;54,353;0,197;0,708;1,111;12,4;-0,638;False;6,586;0
GBP/USD;Valute;ADX>25 + direzione DI;Solo long;5;69;47,826;-0,04;-0,062;62;40,323;-0,069;-0,638;0,814;-0,634;-0,638;False;1,792;0
FTSE MIB;Indici;Prezzo vs SMA100;Solo long;5;284;53,169;-0,095;-0,638;271;52,03;0,199;-0,151;1,272;7,989;-0,638;False;4,04;0
GBP/USD;Valute;EMA 50/200;Solo long;10;100;47,0;-0,087;-0,16;116;50,862;-0,078;-0,638;0,87;-1,35;-0,638;False;2,443;0
Petrolio WTI;Commodities;Prezzo vs SMA200;Solo short;60;29;48,276;-2,034;-0,638;21;57,143;-9,117;-0,539;0,398;-28,391;-0,638;False;38,915;0
Bitcoin;Cripto;Momentum 20g;Long+Short;1;1732;50,231;0,12;0,912;2462;46,71;-0,027;-0,639;0,975;-9,693;-0,639;False;4,669;0
Oro;Commodities;Prezzo vs SMA200 + filtro VIX;Solo long;10;122;51,639;-0,007;-0,639;120;52,5;0,495;-0,383;1,462;8,813;-0,639;False;5,208;0
Euro Stoxx 50;Indici;EMA 50/200;Solo long;20;75;52,0;0,172;-0,269;67;58,209;0,339;-0,64;1,209;3,369;-0,64;False;7,308;0
Oro;Commodities;ADX>20 + direzione DI;Solo long;5;164;50,0;-0,018;-0,472;152;52,632;0,137;-0,64;1,137;3,088;-0,64;False;3,752;0
Petrolio WTI;Commodities;ADX>25 + direzione DI;Solo long;5;112;54,464;-0,211;-0,64;83;51,807;0,832;0,737;1,469;10,243;-0,64;False;8,575;0
GBP/USD;Valute;Prezzo vs SMA200;Solo long;5;235;47,66;-0,072;-0,549;225;44,444;-0,033;-0,64;0,912;-1,088;-0,64;False;1,725;0
Gas naturale;Commodities;Momentum 20g;Solo short;40;51;45,098;-0,662;-0,641;35;54,286;-3,001;0,233;0,753;-15,574;-0,641;False;47,065;0
Petrolio WTI;Commodities;Prezzo vs SMA20;Solo short;1;1080;47,87;-0,02;-0,641;803;48,194;-0,005;0,053;0,995;-0,647;-0,641;False;3,778;0
FTSE MIB;Indici;Prezzo vs SMA100;Solo short;20;67;46,269;-0,069;0,109;30;36,667;-1,925;-0,642;0,491;-8,569;-0,642;False;10,335;0
GBP/USD;Valute;Prezzo vs SMA20;Solo long;10;167;49,102;-0,153;-0,642;123;49,593;-0,052;-0,457;0,923;-0,955;-0,642;False;2,703;0
Ethereum;Cripto;Reversione RSI2;Solo long;20;20;35,0;-1,916;-0,642;70;50,0;4,485;0,065;1,733;46,56;-0,642;False;29,812;0
FTSE MIB;Indici;Breakout Donchian 55;Long+Short;3;779;54,942;0,015;0,221;571;48,511;-0,005;-0,642;0,994;-0,393;-0,642;False;3,472;0
EUR/USD;Valute;EMA 10/30;Solo long;3;387;44,444;-0,053;-0,643;294;48,639;-0,011;-0,366;0,962;-0,496;-0,643;False;1,461;0
Oro;Commodities;Prezzo vs SMA200;Solo long;60;28;53,571;0,314;-0,643;24;62,5;3,629;-0,228;3,362;12,916;-0,643;False;11,11;0
Oro;Commodities;Prezzo vs SMA50;Solo long;3;402;47,512;-0,03;-0,643;370;54,595;0,107;-0,413;1,151;5,849;-0,643;False;2,745;0
USD/JPY;Valute;EMA 50/200 + filtro VIX;Solo long;3;386;51,813;0,08;1,213;351;53,846;0,034;-0,644;1,097;1,789;-0,644;False;1,753;0
Petrolio WTI;Commodities;Momentum 120g + filtro VIX;Solo short;10;103;43,689;-0,486;-0,644;83;46,988;-0,789;-0,077;0,732;-9,712;-0,644;False;11,322;0
Petrolio WTI;Commodities;Momentum 60g;Solo long;3;443;52,37;0,099;0,782;290;54,483;-0,008;-0,645;0,996;-0,324;-0,645;False;5,669;0
FTSE MIB;Indici;Reversione RSI2 nel trend SMA200;Solo long;5;62;54,839;0,262;0,727;57;56,14;-0,043;-0,645;0,957;-0,362;-0,645;False;4,093;0
EUR/CHF;Valute;Momentum 60g + filtro VIX;Solo long;40;38;42,105;-0,525;-0,24;23;47,826;-0,524;-0,646;0,433;-1,788;-0,646;False;3,806;0
GBP/USD;Valute;Prezzo vs SMA100;Solo short;3;413;52,3;-0,012;-0,646;264;47,348;-0,013;-0,113;0,969;-0,505;-0,646;False;1,71;0
Oro;Commodities;Momentum 5g;Solo long;60;38;50,0;0,368;-0,646;26;65,385;4,226;0,117;3,405;16,295;-0,646;False;11,122;0
Euro Stoxx 50;Indici;Acquisto su picco VIX;Long+Short;5;68;58,824;0,27;0,528;56;57,143;-0,207;-0,646;0,867;-1,718;-0,646;False;6,912;0
Euro Stoxx 50;Indici;Acquisto su picco VIX;Solo long;5;68;58,824;0,27;0,528;56;57,143;-0,207;-0,646;0,867;-1,718;-0,646;False;6,912;0
Argento;Commodities;Breakout Donchian 20;Long+Short;10;232;50,0;0,057;0,212;168;47,024;-0,135;-0,646;0,951;-3,362;-0,646;False;8,98;0
Nasdaq 100;Indici;Momentum 120g + filtro VIX;Solo long;40;51;68,627;2,489;-0,309;35;71,429;2,198;-0,647;1,857;11,415;-0,647;False;11,276;0
USD/JPY;Valute;Prezzo vs SMA200 + filtro VIX;Solo short;5;198;44,949;-0,088;-0,563;104;45,192;-0,186;-0,647;0,649;-2,863;-0,647;False;2,194;0
FTSE MIB;Indici;Acquisto su picco VIX;Long+Short;5;69;63,768;0,352;0,786;56;53,571;-0,21;-0,647;0,878;-1,742;-0,647;False;6,563;0
FTSE MIB;Indici;Acquisto su picco VIX;Solo long;5;69;63,768;0,352;0,786;56;53,571;-0,21;-0,647;0,878;-1,742;-0,647;False;6,563;0
Argento;Commodities;Breakout Donchian 55;Solo short;10;124;41,935;-0,357;-0,593;62;41,935;-1,419;-0,648;0,571;-13,045;-0,648;False;8,811;0
Euro Stoxx 50;Indici;Momentum 120g;Solo short;5;194;42,268;-0,21;-0,648;108;43,519;-0,35;-0,486;0,763;-5,601;-0,648;False;4,989;0
USD/JPY;Valute;Prezzo vs SMA50;Solo short;60;35;45,714;-0,998;-0,648;21;28,571;-2,082;-0,59;0,309;-6,484;-0,648;False;9,122;0
Euro Stoxx 50;Indici;EMA 50/200 + filtro VIX;Solo short;5;151;41,722;-0,223;-0,648;53;37,736;-0,372;-0,426;0,739;-2,927;-0,648;False;4,428;0
EUR/USD;Valute;Prezzo vs SMA20;Solo long;60;37;37,838;-0,822;-0,649;26;42,308;0,17;-0,052;1,117;0,654;-0,649;False;7,072;0
S&P 500;Indici;Momentum 120g;Long+Short;20;116;62,931;0,367;-0,589;84;61,905;0,261;-0,649;1,148;3,257;-0,649;False;7,428;0
Oro;Commodities;Breakout Donchian 55 + filtro VIX;Solo long;40;38;39,474;0,077;-0,649;29;68,966;3,79;0,854;4,011;16,298;-0,649;False;7,932;0
S&P 500;Indici;Reversione RSI2 nel trend SMA200;Long+Short;40;41;63,415;0,827;-0,65;29;72,414;1,707;0,407;1,837;7,344;-0,65;False;9,088;0
EUR/CHF;Valute;EMA 10/30;Solo long;40;42;35,714;-0,313;0,422;32;34,375;-0,479;-0,65;0,484;-2,275;-0,65;False;3,898;0
Nasdaq 100;Indici;EMA 50/200 + filtro VIX;Solo long;5;392;60,459;0,233;-0,65;241;60,996;0,349;-0,151;1,459;12,492;-0,65;False;3,598;0
Gas naturale;Commodities;Momentum 5g;Long+Short;5;463;51,404;-0,173;-0,651;338;50,592;0,178;0,326;1,05;8,937;-0,651;False;11,974;0
Oro;Commodities;SMA200 + Momentum20 concordi;Long+Short;5;345;47,536;-0,072;-0,627;269;50,558;0,055;-0,651;1,059;2,189;-0,651;False;3,74;0
Euro Stoxx 50;Indici;Prezzo vs SMA200;Solo short;20;54;44,444;-0,601;-0,392;30;40,0;-1,478;-0,652;0,533;-6,579;-0,652;False;8,991;0
Oro;Commodities;EMA 50/200;Long+Short;10;232;50,431;0,065;0,282;168;50,0;0,237;-0,652;1,217;5,911;-0,652;False;4,91;0
Gas naturale;Commodities;EMA 20/50;Solo long;10;115;43,478;-0,668;-0,652;93;47,312;0,184;-0,542;1,035;2,532;-0,652;False;16,602;0
FTSE MIB;Indici;Reversione RSI2 nel trend SMA200;Solo short;5;41;58,537;0,878;1,479;24;50,0;-0,675;-0,653;0,578;-2,405;-0,653;False;4,624;0
DAX;Indici;EMA 10/30;Solo short;20;61;36,066;-1,224;-0,611;39;38,462;-1,529;-0,653;0,517;-8,849;-0,653;False;9,247;0
Euro Stoxx 50;Indici;Prezzo vs SMA100;Long+Short;60;39;46,154;-0,578;-0,653;27;62,963;0,384;-0,363;1,137;1,537;-0,653;False;15,416;0
Petrolio WTI;Commodities;ADX>25 + direzione DI;Long+Short;40;43;51,163;-0,558;-0,275;28;39,286;-2,946;-0,655;0,682;-12,234;-0,655;False;22,837;0
Euro Stoxx 50;Indici;Momentum 20g;Solo long;20;90;51,111;-0,002;-0,655;67;56,716;0,698;-0,137;1,55;6,938;-0,655;False;7,836;0
EUR/CHF;Valute;Momentum 60g + filtro VIX;Long+Short;20;112;49,107;0,043;0,058;79;51,899;-0,05;-0,655;0,902;-0,581;-0,655;False;2,177;0
Argento;Commodities;ADX>20 + direzione DI;Solo long;20;53;41,509;-0,418;-0,655;47;48,936;0,993;-0,636;1,323;6,919;-0,655;False;10,507;0
Oro;Commodities;Prezzo vs SMA20;Solo long;40;54;50,0;0,282;-0,528;40;62,5;2,028;-0,655;2,213;12,031;-0,655;False;9,897;0
S&P 500;Indici;Momentum 5g;Solo long;20;108;64,815;0,747;-0,498;79;67,089;0,796;-0,655;1,609;9,327;-0,655;False;6,648;0
Argento;Commodities;Momentum 20g;Solo long;40;50;42,0;-0,365;-0,655;37;54,054;4,686;0,177;2,268;25,714;-0,655;False;17,345;0
Gas naturale;Commodities;EMA 50/200;Solo short;20;77;46,753;-0,491;-0,655;43;51,163;-0,281;0,674;0,951;-1,793;-0,655;False;24,255;0
Petrolio WTI;Commodities;Momentum 120g;Solo short;3;366;46,448;-0,089;-0,488;298;46,309;-0,395;-0,656;0,801;-17,445;-0,656;False;6,306;0
DAX;Indici;Momentum 20g;Solo short;3;351;45,299;-0,068;0,01;255;41,961;-0,192;-0,657;0,782;-7,27;-0,657;False;3,201;0
Argento;Commodities;Momentum 5g;Solo long;60;38;44,737;-0,673;-0,657;26;57,692;6,862;0,099;2,465;26,456;-0,657;False;19,445;0
USD/JPY;Valute;Momentum 20g;Solo short;20;88;43,182;-0,34;-0,657;56;39,286;-0,539;-0,27;0,561;-4,473;-0,657;False;4,021;0
Ethereum;Cripto;EMA 50/200 + filtro VIX;Long+Short;1;487;53,593;-0,02;-0,108;1973;48,555;-0,002;-0,657;0,999;-0,598;-0,657;False;6,136;0
EUR/USD;Valute;Momentum 20g;Solo short;40;53;47,17;0,037;-0,657;39;43,59;-0,491;-0,623;0,685;-2,838;-0,657;False;5,12;0
EUR/CHF;Valute;Momentum 20g;Solo long;20;86;45,349;-0,143;0,411;59;44,068;-0,262;-0,658;0,566;-2,288;-0,658;False;2,335;0
Euro Stoxx 50;Indici;Prezzo vs SMA200 + filtro VIX;Long+Short;20;108;51,852;-0,075;-0,466;78;57,692;0,07;-0,658;1,043;0,805;-0,658;False;7,507;0
DAX;Indici;Prezzo vs SMA50;Solo short;5;200;41,5;-0,284;-0,658;137;44,526;-0,129;0,215;0,898;-2,624;-0,658;False;4,423;0
GBP/USD;Valute;Prezzo vs SMA50;Solo short;60;34;50,0;0,424;0,072;24;37,5;-0,796;-0,658;0,626;-2,834;-0,658;False;5,738;0
Petrolio WTI;Commodities;Momentum 60g + filtro VIX;Solo short;10;106;48,113;-0,486;-0,659;88;42,045;-0,835;-0,143;0,73;-10,902;-0,659;False;11,995;0
USD/JPY;Valute;Prezzo vs SMA200 + filtro VIX;Solo long;3;397;50,63;0,085;1,362;330;55,152;0,033;-0,659;1,094;1,597;-0,659;False;1,714;0
Nasdaq 100;Indici;Breakout Donchian 55;Solo long;60;35;80,0;3,508;-0,429;22;63,636;3,724;-0,659;2,885;12,153;-0,659;False;12,026;0
Gas naturale;Commodities;EMA 20/50;Solo long;60;28;42,857;-2,882;-0,659;21;47,619;5,105;-0,165;1,534;15,897;-0,659;False;30,419;0
USD/JPY;Valute;EMA 50/200 + filtro VIX;Solo long;5;240;51,667;0,117;0,974;212;54,717;0,057;-0,659;1,124;1,789;-0,659;False;2,218;0
GBP/USD;Valute;Prezzo vs SMA20;Solo long;20;95;51,579;-0,302;-0,661;70;50,0;0,046;-0,036;1,062;0,475;-0,661;False;3,557;0
FTSE MIB;Indici;Momentum 20g;Solo short;40;50;42,0;-1,273;-0,661;34;26,471;-2,09;0,049;0,49;-10,54;-0,661;False;13,576;0
EUR/USD;Valute;Momentum 60g;Solo short;20;87;51,724;-0,003;-0,661;56;53,571;-0,168;-0,394;0,814;-1,399;-0,661;False;3,981;0
EUR/CHF;Valute;EMA 20/50;Solo long;20;58;39,655;-0,16;0,293;45;37,778;-0,266;-0,661;0,554;-1,777;-0,661;False;2,608;0
Oro;Commodities;Momentum 20g;Solo long;20;86;50,0;-0,007;-0,661;68;60,294;1,421;0,228;2,309;14,334;-0,661;False;6,547;0
FTSE MIB;Indici;Prezzo vs SMA50;Solo short;10;132;43,939;-0,242;-0,491;78;35,897;-0,911;-0,662;0,606;-10,538;-0,662;False;7,129;0
GBP/USD;Valute;Prezzo vs SMA200 + filtro VIX;Solo short;3;368;49,728;-0,014;-0,595;177;41,808;-0,056;-0,662;0,863;-1,472;-0,662;False;1,721;0
USD/JPY;Valute;Prezzo vs SMA50;Solo short;40;46;45,652;-0,649;-0,605;29;37,931;-1,438;-0,663;0,398;-6,185;-0,663;False;6,607;0
Argento;Commodities;Breakout Donchian 55 + filtro VIX;Long+Short;5;407;45,946;-0,119;-0,663;287;49,477;0,002;-0,424;1,001;0,1;-0,663;False;5,845;0
USD/JPY;Valute;EMA 50/200 + filtro VIX;Long+Short;40;58;50,0;-0,021;-0,094;41;58,537;-0,062;-0,663;0,96;-0,376;-0,663;False;5,932;0
USD/JPY;Valute;Momentum 120g;Solo short;3;418;47,368;-0,03;-0,148;214;42,991;-0,116;-0,663;0,736;-3,677;-0,663;False;1,674;0
Oro;Commodities;Prezzo vs SMA200;Long+Short;60;39;35,897;-0,756;-0,664;27;55,556;3,829;0,715;2,807;15,332;-0,664;False;11,455;0
S&P 500;Indici;Prezzo vs SMA50;Solo long;60;38;71,053;1,96;-0,664;25;80,0;3,301;-0,248;2,939;12,244;-0,664;False;10,959;0
EUR/USD;Valute;EMA 20/50;Long+Short;60;41;46,341;-0,334;-0,664;28;53,571;0,474;0,721;1,492;1,968;-0,664;False;5,754;0
EUR/USD;Valute;Prezzo vs SMA100;Solo long;10;133;45,865;-0,183;-0,664;97;55,67;0,076;0,387;1,158;1,086;-0,664;False;2,542;0
Argento;Commodities;Breakout Donchian 55;Solo short;5;238;49,58;-0,172;-0,654;121;44,628;-0,683;-0,665;0,68;-12,264;-0,665;False;6,011;0
FTSE MIB;Indici;Breakout Donchian 20;Solo long;5;256;51,953;-0,111;-0,665;231;53,247;0,135;-0,538;1,163;4,622;-0,665;False;4,231;0
Euro Stoxx 50;Indici;Acquisto su picco VIX;Long+Short;10;40;52,5;0,17;0,038;34;61,765;-0,324;-0,665;0,853;-1,635;-0,665;False;8,916;0
Euro Stoxx 50;Indici;Acquisto su picco VIX;Solo long;10;40;52,5;0,17;0,038;34;61,765;-0,324;-0,665;0,853;-1,635;-0,665;False;8,916;0
Gas naturale;Commodities;Momentum 120g;Long+Short;1;2313;48,119;-0,023;-0,665;1693;49,911;0,077;0,865;1,054;19,419;-0,665;False;4,794;0
Oro;Commodities;SMA200 + Momentum20 concordi;Solo long;40;36;52,778;0,151;-0,665;34;58,824;2,349;-0,268;2,336;11,846;-0,665;False;8,592;0
EUR/USD;Valute;EMA 10/30;Long+Short;5;481;47,609;-0,034;-0,666;350;49,714;-0,022;-0,384;0,945;-1,163;-0,666;False;1,935;0
Gas naturale;Commodities;Prezzo vs SMA200 + filtro VIX;Long+Short;40;56;42,857;-1,302;-0,666;39;51,282;-0,79;-0,211;0,928;-4,568;-0,666;False;36,829;0
GBP/USD;Valute;Momentum 20g;Long+Short;5;481;50,728;-0,036;-0,666;350;48,286;-0,021;-0,323;0,954;-1,087;-0,666;False;1,977;0
USD/JPY;Valute;Momentum 5g;Solo short;10;187;47,594;-0,157;-0,667;132;40,909;-0,287;-0,353;0,665;-5,613;-0,667;False;3,148;0
FTSE MIB;Indici;Momentum 60g + filtro VIX;Solo long;60;32;50,0;-0,862;-0,667;24;70,833;3,588;0,011;4,017;12,774;-0,667;False;15,683;0
GBP/USD;Valute;SMA200 + Momentum20 concordi;Solo long;60;24;41,667;-0,914;-0,667;20;50,0;0,428;0,351;1,587;1,269;-0,667;False;6,359;0
Petrolio WTI;Commodities;Breakout Donchian 55;Solo short;3;342;50,585;0,081;0,359;281;42,705;-0,418;-0,668;0,809;-17,409;-0,668;False;6,661;0
Gas naturale;Commodities;EMA 10/30;Solo long;5;222;46,847;-0,042;0,202;188;47,872;-0,008;-0,668;0,998;-0,219;-0,668;False;11,706;0
Gas naturale;Commodities;Momentum 60g + filtro VIX;Solo short;20;76;50,0;0,118;-0,16;47;31,915;-3,558;-0,668;0,563;-24,796;-0,668;False;25,021;0
Euro Stoxx 50;Indici;Prezzo vs SMA100;Solo long;60;32;50,0;0,781;0,03;25;64,0;1,497;-0,668;1,572;5,551;-0,668;False;13,36;0
DAX;Indici;Prezzo vs SMA50;Solo short;40;42;30,952;-2,473;-0,669;30;33,333;-1,841;-0,006;0,503;-8,195;-0,669;False;12,475;0
USD/JPY;Valute;Prezzo vs SMA50;Solo short;10;148;43,243;-0,164;-0,669;87;40,23;-0,278;-0,271;0,661;-3,58;-0,669;False;3,041;0
Bitcoin;Cripto;ADX>25 + direzione DI;Solo short;60;20;35,0;-22,867;-0,669;27;40,741;-3,837;1,147;0,677;-15,362;-0,669;False;71,65;0
Euro Stoxx 50;Indici;Prezzo vs SMA200 + filtro VIX;Long+Short;3;664;51,506;0,01;-0,052;464;53,233;0,012;-0,669;1,02;0,813;-0,669;False;2,687;0
Petrolio WTI;Commodities;Breakout Donchian 55;Solo short;10;107;52,336;0,14;0,285;87;41,379;-1,552;-0,67;0,659;-20,017;-0,67;False;13,85;0
USD/JPY;Valute;EMA 10/30;Solo short;5;255;48,235;-0,087;-0,67;148;41,216;-0,14;-0,22;0,755;-3,082;-0,67;False;2,025;0
S&P 500;Indici;ADX>20 + direzione DI;Solo short;40;35;22,857;-2,36;-0,67;29;27,586;-2,434;-0,117;0,416;-10,47;-0,67;False;9,121;0
Gas naturale;Commodities;Prezzo vs SMA200;Solo long;5;208;47,596;-0,401;-0,67;185;51,892;0,315;-0,141;1,08;8,63;-0,67;False;12,043;0
Gas naturale;Commodities;ADX>25 + direzione DI;Long+Short;60;25;60,0;-0,011;-0,012;22;40,909;-1,512;-0,67;0,886;-4,932;-0,67;False;43,057;0
FTSE MIB;Indici;Breakout Donchian 20;Long+Short;60;39;38,462;-1,139;-0,671;28;67,857;1,459;-0,335;1,505;6,06;-0,671;False;16,95;0
Euro Stoxx 50;Indici;Momentum 120g + filtro VIX;Solo short;5;146;44,521;-0,188;-0,516;69;40,58;-0,388;-0,671;0,68;-3,972;-0,671;False;4,101;0
Petrolio WTI;Commodities;Breakout Donchian 55;Solo long;3;434;51,613;0,046;0,366;292;52,397;-0,01;-0,671;0,994;-0,413;-0,671;False;5,926;0
EUR/CHF;Valute;ADX>25 + direzione DI;Long+Short;60;29;44,828;-0,423;-0,672;22;59,091;0,188;0,054;1,243;0,613;-0,672;False;3,826;0
Petrolio WTI;Commodities;SMA200 + Momentum20 concordi;Solo long;20;62;45,161;-0,465;-0,672;43;55,814;1,388;-0,13;1,326;8,848;-0,672;False;14,455;0
EUR/CHF;Valute;Prezzo vs SMA200 + filtro VIX;Solo short;5;270;49,63;0,018;-0,599;201;56,219;0,008;-0,672;1,035;0,245;-0,672;False;1,216;0
FTSE MIB;Indici;SMA200 + Momentum20 concordi;Long+Short;5;363;48,76;-0,099;-0,588;263;50,19;-0,001;-0,673;0,999;-0,028;-0,673;False;4,823;0
Gas naturale;Commodities;Momentum 120g + filtro VIX;Long+Short;10;209;47,847;-0,358;-0,674;150;50,0;-0,302;-0,389;0,944;-6,714;-0,674;False;18,299;0
Nasdaq 100;Indici;Breakout Donchian 55 + filtro VIX;Long+Short;60;39;64,103;1,611;-0,577;25;60,0;0,613;-0,674;1,165;2,274;-0,674;False;15,424;0
GBP/USD;Valute;Momentum 5g;Solo long;40;58;36,207;-0,507;-0,675;40;57,5;0,162;0,07;1,142;0,963;-0,675;False;5,188;0
Argento;Commodities;Breakout Donchian 20;Solo long;5;204;46,569;-0,074;-0,34;215;47,442;0,128;-0,675;1,064;4,068;-0,675;False;6,648;0
Gas naturale;Commodities;Momentum 10g;Solo short;40;55;58,182;0,135;-0,271;37;40,541;-7,047;-0,675;0,522;-38,665;-0,675;False;43,851;0
EUR/CHF;Valute;Prezzo vs SMA200 + filtro VIX;Long+Short;10;216;46,759;-0,02;-0,521;152;48,026;-0,022;-0,675;0,933;-0,507;-0,675;False;1,672;0
EUR/USD;Valute;Reversione RSI2 nel trend SMA200;Long+Short;3;123;54,472;0,018;0,187;98;46,939;-0,052;-0,676;0,834;-0,76;-0,676;False;1,51;0
EUR/CHF;Valute;Momentum 120g;Solo short;20;85;55,294;0,246;0,116;67;46,269;0,027;-0,676;1,052;0,272;-0,676;False;2,599;0
Nasdaq 100;Indici;EMA 50/200;Solo long;20;111;66,667;1,078;-0,676;70;71,429;1,88;0,461;2,404;19,525;-0,676;False;7,832;0
FTSE MIB;Indici;Reversione RSI2;Solo long;20;74;60,811;0,681;0,702;46;52,174;0,379;-0,676;1,205;2,588;-0,676;False;10,272;0
FTSE MIB;Indici;EMA 50/200;Long+Short;40;59;50,847;0,234;0,149;42;52,381;0,292;-0,676;1,107;1,819;-0,676;False;13,156;0
Nasdaq 100;Indici;Prezzo vs SMA200;Solo long;10;210;62,857;0,492;-0,677;137;61,314;0,796;0,074;1,759;16,172;-0,677;False;5,04;0
Gas naturale;Commodities;Momentum 5g;Solo short;20;105;56,19;-0,408;-0,677;74;40,541;-1,837;0,039;0,765;-20,156;-0,677;False;29,998;0
Bitcoin;Cripto;ADX>20 + direzione DI;Solo long;1;826;55,327;0,259;0,379;975;46,769;0,082;-0,677;1,084;11,915;-0,677;False;4,933;0
Nasdaq 100;Indici;EMA 50/200;Solo long;40;56;67,857;2,224;-0,678;34;67,647;3,555;0,285;3,089;17,934;-0,678;False;10,812;0
Argento;Commodities;Prezzo vs SMA200;Long+Short;10;232;51,293;0,023;0,132;168;46,429;-0,012;-0,679;0,995;-0,303;-0,679;False;8,82;0
EUR/CHF;Valute;Momentum 60g;Solo long;5;227;40,088;-0,05;0,048;153;48,366;-0,075;-0,679;0,737;-1,696;-0,679;False;1,31;0
Petrolio WTI;Commodities;Reversione RSI2;Solo long;3;157;48,408;-0,206;-0,679;108;58,333;0,94;1,34;1,572;15,059;-0,679;False;7,157;0
GBP/USD;Valute;Momentum 120g + filtro VIX;Solo short;20;66;53,03;0,189;0,182;45;44,444;-0,295;-0,68;0,733;-1,97;-0,68;False;3,768;0
DAX;Indici;Momentum 60g;Solo long;10;171;57,31;0,249;-0,399;136;54,412;0,251;-0,68;1,26;5,069;-0,68;False;4,961;0
DAX;Indici;Reversione RSI2;Solo long;10;92;53,261;0,407;0,165;65;56,923;-0,023;-0,681;0,986;-0,224;-0,681;False;6,24;0
S&P 500;Indici;Momentum 60g + filtro VIX;Long+Short;40;56;60,714;0,791;-0,592;38;60,526;0,253;-0,682;1,102;1,426;-0,682;False;8,903;0
EUR/USD;Valute;EMA 50/200;Solo short;40;39;61,538;0,616;0,644;21;42,857;-0,672;-0,682;0,616;-2,091;-0,682;False;5,452;0
GBP/USD;Valute;EMA 50/200;Solo long;60;21;33,333;-0,852;-0,683;21;61,905;-0,006;-0,436;0,993;-0,019;-0,683;False;5,797;0
USD/JPY;Valute;Momentum 120g + filtro VIX;Solo long;20;70;55,714;0,576;1,399;59;62,712;0,189;-0,683;1,188;1,656;-0,683;False;4,005;0
DAX;Indici;ADX>20 + direzione DI;Solo short;3;210;41,429;-0,128;-0,358;121;38,843;-0,27;-0,683;0,755;-4,846;-0,683;False;3,429;0
Argento;Commodities;Breakout Donchian 20;Long+Short;20;116;50,862;-0,528;-0,683;84;48,81;0,648;0,189;1,187;8,076;-0,683;False;11,603;0
Nasdaq 100;Indici;Breakout Donchian 20;Solo short;40;32;21,875;-3,308;-0,683;23;39,13;-4,455;-0,602;0,32;-15,2;-0,683;False;14,004;0
Gas naturale;Commodities;Momentum 5g;Solo long;1;1149;46,475;-0,152;-0,684;855;47,485;-0,016;0,326;0,99;-2,039;-0,684;False;4,926;0
GBP/USD;Valute;Momentum 120g + filtro VIX;Solo short;3;354;47,458;-0,02;-0,684;216;43,056;-0,041;-0,562;0,887;-1,322;-0,684;False;1,72;0
FTSE MIB;Indici;Momentum 20g;Solo short;10;147;38,776;-0,3;-0,684;90;40,0;-0,745;-0,483;0,618;-9,953;-0,684;False;6,159;0
Gas naturale;Commodities;Reversione RSI2;Solo long;1;293;47,099;-0,19;-0,684;197;49,746;0,06;0,496;1,045;1,759;-0,684;False;4,722;0
GBP/USD;Valute;EMA 20/50;Long+Short;10;241;47,718;-0,074;-0,684;174;48,851;0,075;0,532;1,126;1,929;-0,684;False;2,675;0
FTSE MIB;Indici;Momentum 120g + filtro VIX;Solo short;1;744;49,194;0,01;-0,537;207;42,995;-0,053;-0,684;0,891;-1,615;-0,684;False;2,055;0
FTSE MIB;Indici;Breakout Donchian 55 + filtro VIX;Solo long;5;272;52,206;-0,116;-0,685;238;54,622;0,174;-0,331;1,248;6,134;-0,685;False;4,17;0
EUR/CHF;Valute;Acquisto su picco VIX;Long+Short;1;248;42,339;-0,054;-0,475;208;45,673;-0,03;-0,685;0,837;-0,927;-0,685;False;0,896;0
EUR/CHF;Valute;Acquisto su picco VIX;Solo long;1;248;42,339;-0,054;-0,475;208;45,673;-0,03;-0,685;0,837;-0,927;-0,685;False;0,896;0
Euro Stoxx 50;Indici;Prezzo vs SMA200;Solo short;1;870;47,126;-0,034;-0,686;444;45,495;-0,047;-0,304;0,921;-3,074;-0,686;False;2,16;0
FTSE MIB;Indici;Prezzo vs SMA100;Solo short;3;370;50,541;0,002;-0,11;150;38,667;-0,301;-0,686;0,759;-6,69;-0,686;False;4,769;0
Petrolio WTI;Commodities;EMA 20/50;Long+Short;40;58;51,724;0,424;0,218;42;40,476;-2,046;-0,687;0,74;-12,74;-0,687;False;22,678;0
GBP/USD;Valute;Breakout Donchian 20;Long+Short;60;41;46,341;-0,351;-0,687;28;53,571;0,038;0,069;1,026;0,157;-0,687;False;5,798;0
GBP/USD;Valute;Breakout Donchian 20;Solo long;10;128;46,875;-0,173;-0,687;106;52,83;-0,014;-0,204;0,977;-0,218;-0,687;False;2,334;0
Bitcoin;Cripto;Reversione RSI2 nel trend SMA200;Solo long;20;28;57,143;2,891;-0,687;41;56,098;3,748;0,323;2,084;22,79;-0,687;False;26,232;0
GBP/USD;Valute;SMA200 + Momentum20 concordi;Solo long;10;99;48,485;-0,198;-0,688;89;52,809;-0,024;-0,258;0,955;-0,322;-0,688;False;2,342;0
EUR/CHF;Valute;ADX>20 + direzione DI;Solo long;20;60;45,0;-0,26;-0,115;41;48,78;-0,305;-0,688;0,579;-1,856;-0,688;False;2,562;0
Petrolio WTI;Commodities;Momentum 60g;Solo short;40;44;43,182;-1,627;-0,688;30;40,0;-1,436;0,582;0,812;-6,388;-0,688;False;26,503;0
Petrolio WTI;Commodities;Breakout Donchian 55;Long+Short;10;232;50,0;0,22;0,547;168;44,048;-0,503;-0,689;0,857;-12,536;-0,689;False;11,637;0
Petrolio WTI;Commodities;EMA 50/200 + filtro VIX;Solo long;20;65;46,154;-0,555;-0,689;38;50,0;1,434;-0,109;1,372;8,08;-0,689;False;15,581;0
Argento;Commodities;Prezzo vs SMA100;Solo long;20;67;38,806;-0,359;-0,689;64;53,125;0,818;-0,689;1,205;7,768;-0,689;False;12,903;0
Oro;Commodities;Momentum 10g;Long+Short;20;116;48,276;-0,271;-0,689;84;45,238;0,057;-0,334;1,029;0,705;-0,689;False;7,893;0
Nasdaq 100;Indici;Prezzo vs SMA50;Solo long;60;38;71,053;3,16;-0,689;25;76,0;3,74;-0,617;2,485;13,871;-0,689;False;13,778;0
GBP/USD;Valute;Prezzo vs SMA50;Solo short;10;150;45,333;-0,032;-0,69;104;46,154;-0,051;-0,151;0,924;-0,78;-0,69;False;2,776;0
GBP/USD;Valute;Momentum 60g + filtro VIX;Long+Short;3;688;48,692;-0,025;-0,691;484;50,0;0,015;0,359;1,047;1,054;-0,691;False;1,543;0
Petrolio WTI;Commodities;Prezzo vs SMA100;Solo long;20;76;52,632;0,16;0,046;56;50,0;0,628;-0,691;1,172;5,213;-0,691;False;17,173;0
Nasdaq 100;Indici;Prezzo vs SMA20;Solo short;20;79;34,177;-1,661;-0,691;55;36,364;-1,76;-0,222;0,468;-14,362;-0,691;False;8,884;0
Oro;Commodities;Prezzo vs SMA200 + filtro VIX;Solo long;40;36;47,222;0,114;-0,693;34;64,706;2,296;-0,371;2,483;11,579;-0,693;False;8,615;0
Euro Stoxx 50;Indici;Reversione RSI2 nel trend SMA200;Long+Short;10;85;52,941;0,434;1,082;68;52,941;-0,213;-0,693;0,865;-2,148;-0,693;False;5,501;0
Oro;Commodities;Momentum 5g;Solo long;5;319;51,097;-0,008;-0,573;250;53,6;0,171;-0,693;1,194;6,33;-0,693;False;3,647;0
Gas naturale;Commodities;EMA 50/200;Solo short;40;39;48,718;-0,943;-0,693;21;57,143;-1,923;0,334;0,847;-5,988;-0,693;False;35,987;0
Oro;Commodities;Reversione RSI2;Solo short;5;151;47,682;-0,168;-0,693;127;44,882;-0,282;0,014;0,747;-5,308;-0,693;False;4,107;0
Bitcoin;Cripto;Momentum 5g;Solo long;3;389;53,47;0,937;0,879;538;49,071;0,286;-0,694;1,168;22,838;-0,694;False;8,227;0
GBP/USD;Valute;EMA 50/200 + filtro VIX;Solo long;3;282;48,936;-0,009;0,199;335;48,358;-0,023;-0,694;0,922;-1,128;-0,694;False;1,424;0
Oro;Commodities;SMA200 + Momentum20 concordi;Solo long;60;27;55,556;0,258;-0,695;23;65,217;3,382;-0,337;2,552;11,536;-0,695;False;11,125;0
Gas naturale;Commodities;Breakout Donchian 55;Solo long;40;35;45,714;-2,44;-0,695;23;52,174;6,809;0,547;1,921;23,223;-0,695;False;29,827;0
Petrolio WTI;Commodities;Prezzo vs SMA200;Solo long;5;268;51,493;-0,129;-0,62;171;50,292;0,008;-0,696;1,004;0,194;-0,696;False;7,998;0
FTSE MIB;Indici;Prezzo vs SMA20;Solo short;5;273;47,253;-0,143;-0,696;176;39,205;-0,347;-0,465;0,754;-9,062;-0,696;False;4,908;0
Bitcoin;Cripto;Momentum 120g + filtro VIX;Long+Short;1;1424;51,404;0,144;0,621;1973;47,238;-0,008;-0,696;0,992;-2,327;-0,696;False;4,639;0
Petrolio WTI;Commodities;Momentum 60g;Long+Short;3;772;52,073;0,05;0,416;563;49,201;-0,161;-0,696;0,917;-13,416;-0,696;False;6,263;0
FTSE MIB;Indici;EMA 20/50;Solo long;3;437;51,716;-0,079;-0,696;437;52,632;0,054;-0,637;1,09;3,495;-0,696;False;3,053;0
EUR/USD;Valute;Breakout Donchian 55 + filtro VIX;Solo short;40;36;52,778;-0,054;-0,696;21;61,905;0,31;0,713;1,302;0,967;-0,696;False;5,263;0
Gas naturale;Commodities;Prezzo vs SMA200;Solo short;10;151;50,993;-0,329;-0,697;92;45,652;-1,758;-0,616;0,704;-23,984;-0,697;False;20,864;0
EUR/USD;Valute;Prezzo vs SMA50;Solo long;60;34;44,118;-0,891;-0,697;23;47,826;-0,196;-0,535;0,871;-0,668;-0,697;False;6,863;0
Argento;Commodities;Momentum 60g + filtro VIX;Solo long;5;209;51,196;0,182;0,597;187;51,872;0,128;-0,698;1,073;3,547;-0,698;False;5,836;0
Argento;Commodities;EMA 50/200 + filtro VIX;Long+Short;3;666;51,051;0,037;0,328;464;51,509;-0,026;-0,698;0,98;-1,766;-0,698;False;4,534;0
Gas naturale;Commodities;Prezzo vs SMA50;Solo long;20;79;45,57;-1,126;-0,698;62;53,226;1,752;-0,074;1,282;16,105;-0,698;False;21,587;0
Petrolio WTI;Commodities;Prezzo vs SMA200 + filtro VIX;Solo short;10;107;43,925;-0,516;-0,698;88;47,727;-0,533;0,29;0,808;-6,952;-0,698;False;11,76;0
GBP/USD;Valute;Prezzo vs SMA100;Long+Short;5;481;49,48;-0,04;-0,698;350;48,286;0,009;0,118;1,021;0,478;-0,698;False;1,921;0
DAX;Indici;Momentum 60g + filtro VIX;Solo long;60;35;68,571;1,424;-0,533;25;64,0;1,998;-0,699;2,173;7,411;-0,699;False;13,467;0
USD/JPY;Valute;Prezzo vs SMA200;Solo long;10;143;51,049;0,198;0,76;121;59,504;0,103;-0,699;1,144;1,852;-0,699;False;2,958;0
EUR/CHF;Valute;Prezzo vs SMA20;Solo short;20;99;51,515;0,189;-0,102;73;53,425;0,054;-0,699;1,133;0,588;-0,699;False;2,207;0
Petrolio WTI;Commodities;Momentum 60g + filtro VIX;Solo short;5;189;49,206;-0,23;-0,699;154;44,156;-0,597;-0,694;0,747;-13,629;-0,699;False;8,202;0
Gas naturale;Commodities;Prezzo vs SMA20;Solo short;3;462;50,649;-0,034;-0,699;307;51,792;0,125;0,74;1,047;5,713;-0,699;False;9,337;0
EUR/CHF;Valute;Momentum 120g + filtro VIX;Solo long;3;289;43,945;-0,052;-0,699;191;44,503;-0,036;-0,392;0,812;-1,006;-0,699;False;0,967;0
EUR/CHF;Valute;EMA 50/200 + filtro VIX;Long+Short;3;689;47,75;-0,004;-0,7;484;51,446;-0,001;-0,59;0,994;-0,072;-0,7;False;0,954;0
Petrolio WTI;Commodities;EMA 50/200;Solo long;10;131;51,145;-0,301;-0,7;77;59,74;0,88;0,158;1,325;10,051;-0,7;False;11,46;0
S&P 500;Indici;Breakout Donchian 55 + filtro VIX;Solo long;20;92;67,391;0,731;-0,616;65;69,231;0,778;-0,701;1,698;7,506;-0,701;False;5,438;0
Euro Stoxx 50;Indici;Momentum 5g;Solo long;60;38;55,263;-0,244;-0,701;26;76,923;3,772;0,715;3,606;14,55;-0,701;False;13,303;0
GBP/USD;Valute;Prezzo vs SMA200 + filtro VIX;Long+Short;5;424;48,113;0,001;-0,019;292;48,973;-0,041;-0,701;0,9;-1,788;-0,701;False;1,852;0
Gas naturale;Commodities;Momentum 120g + filtro VIX;Long+Short;1;1936;47,831;-0,033;-0,701;1359;49,89;0,122;1,238;1,089;24,524;-0,701;False;4,623;0
Ethereum;Cripto;Momentum 20g;Long+Short;1;583;48,542;-0,092;-0,493;2462;46,223;-0,047;-0,702;0,967;-17,334;-0,702;False;5,908;0
GBP/USD;Valute;Reversione RSI2 nel trend SMA200;Solo long;3;68;44,118;-0,08;-0,702;56;57,143;0,059;0,568;1,258;0,488;-0,702;False;1,195;0
DAX;Indici;Momentum 60g;Solo long;20;92;50,0;0,54;-0,448;71;59,155;0,544;-0,702;1,428;5,732;-0,702;False;7,366;0
FTSE MIB;Indici;EMA 50/200;Long+Short;10;234;49,573;0,023;0,056;171;55,556;0,048;-0,703;1,034;1,225;-0,703;False;6,767;0
Petrolio WTI;Commodities;EMA 10/30;Solo long;5;268;51,493;-0,158;-0,703;183;48,634;0,358;0,093;1,172;9,703;-0,703;False;8,021;0
Petrolio WTI;Commodities;Prezzo vs SMA200;Long+Short;3;772;50,0;-0,086;-0,704;563;49,556;-0,086;-0,325;0,954;-7,211;-0,704;False;6,268;0
FTSE MIB;Indici;Prezzo vs SMA200;Solo long;1;1341;48,844;-0,06;-0,704;1316;51,292;-0,017;-0,538;0,947;-3,286;-0,704;False;1,505;0
USD/JPY;Valute;Momentum 120g;Solo long;10;139;49,64;0,215;0,874;120;60,0;0,094;-0,704;1,133;1,667;-0,704;False;2,952;0
EUR/CHF;Valute;Prezzo vs SMA100;Long+Short;5;481;43,243;-0,014;-0,473;350;51,143;-0,015;-0,704;0,941;-0,802;-0,704;False;1,235;0
EUR/USD;Valute;Breakout Donchian 55 + filtro VIX;Long+Short;40;58;43,103;-0,251;-0,704;41;51,22;0,132;0,278;1,123;0,802;-0,704;False;5,294;0
GBP/USD;Valute;Momentum 20g;Solo short;5;278;50,719;-0,023;-0,689;199;48,241;-0,068;-0,704;0,851;-2,017;-0,704;False;1,994;0
GBP/USD;Valute;Momentum 5g;Long+Short;20;121;53,719;0,284;1,419;86;43,023;-0,204;-0,704;0,806;-2,607;-0,704;False;3,771;0
Oro;Commodities;Prezzo vs SMA20;Long+Short;5;463;46,004;0,081;0,833;338;49,112;-0,04;-0,705;0,958;-2,0;-0,705;False;3,397;0
Gas naturale;Commodities;EMA 50/200 + filtro VIX;Long+Short;60;39;51,282;0,606;0,163;26;50,0;-4,47;-0,705;0,715;-17,234;-0,705;False;41,619;0
GBP/USD;Valute;Breakout Donchian 55 + filtro VIX;Solo short;10;127;44,882;0,004;-0,364;70;50,0;-0,15;-0,705;0,773;-1,56;-0,705;False;2,833;0
S&P 500;Indici;SMA200 + Momentum20 concordi;Solo long;10;173;63,006;0,336;-0,705;120;69,167;0,586;0,218;1,944;10,428;-0,705;False;3,594;0
Bitcoin;Cripto;Momentum 5g;Solo long;5;250;52,8;1,542;0,746;358;51,676;0,468;-0,705;1,197;24,863;-0,705;False;11,025;0
S&P 500;Indici;Breakout Donchian 20;Solo short;5;175;37,714;-0,344;-0,707;106;38,679;-0,45;-0,666;0,682;-7,082;-0,707;False;4,15;0
GBP/USD;Valute;Prezzo vs SMA50;Solo long;5;275;48,0;-0,066;-0,503;207;46,377;-0,044;-0,707;0,898;-1,337;-0,707;False;1,899;0
Oro;Commodities;ADX>20 + direzione DI;Solo long;20;60;45,0;-0,051;-0,707;48;68,75;1,343;0,074;2,332;9,559;-0,707;False;6,411;0
Petrolio WTI;Commodities;Prezzo vs SMA200;Long+Short;5;463;49,46;-0,049;-0,253;338;47,337;-0,267;-0,707;0,893;-13,362;-0,707;False;8,731;0
FTSE MIB;Indici;Prezzo vs SMA100;Solo short;10;123;44,715;-0,126;-0,183;56;39,286;-1,052;-0,707;0,587;-8,739;-0,707;False;7,08;0
Gas naturale;Commodities;SMA200 + Momentum20 concordi;Solo long;3;248;42,742;-0,344;-0,708;222;53,604;0,097;-0,157;1,035;3,198;-0,708;False;9,573;0
USD/JPY;Valute;Momentum 10g;Solo short;3;456;46,711;-0,056;-0,708;280;39,643;-0,093;-0,376;0,79;-3,881;-0,708;False;1,689;0
Argento;Commodities;ADX>20 + direzione DI;Solo long;40;35;45,714;-0,584;-0,708;26;50,0;4,029;-0,051;2,136;15,536;-0,708;False;14,429;0
Petrolio WTI;Commodities;EMA 20/50;Solo short;1;1050;48,286;-0,028;-0,708;853;48,066;-0,035;-0,213;0,967;-4,402;-0,708;False;3,888;0
GBP/USD;Valute;Reversione RSI2;Long+Short;40;56;39,286;-0,252;-0,708;40;40,0;-0,164;-0,344;0,86;-0,972;-0,708;False;5,079;0
Petrolio WTI;Commodities;Momentum 60g;Solo long;1;1271;49,882;-0,051;-0,633;822;51,095;-0,053;-0,709;0,943;-6,451;-0,709;False;3,292;0
Petrolio WTI;Commodities;ADX>25 + direzione DI;Solo long;3;170;49,412;-0,15;-0,709;127;55,906;0,476;0,583;1,271;8,964;-0,709;False;6,358;0
Euro Stoxx 50;Indici;Momentum 20g;Solo short;20;76;40,789;-0,609;-0,558;55;32,727;-1,401;-0,709;0,533;-11,433;-0,709;False;7,062;0
USD/JPY;Valute;Reversione RSI2;Solo long;10;116;53,448;0,264;1,181;69;56,522;0,081;-0,709;1,138;0,832;-0,709;False;2,929;0
FTSE MIB;Indici;Prezzo vs SMA200 + filtro VIX;Solo long;1;1206;49,088;-0,061;-0,71;1141;50,745;-0,017;-0,566;0,941;-2,942;-0,71;False;1,462;0
EUR/USD;Valute;Momentum 20g;Solo long;3;418;45,215;-0,055;-0,71;315;49,841;-0,009;-0,328;0,97;-0,442;-0,71;False;1,478;0
Gas naturale;Commodities;EMA 50/200 + filtro VIX;Long+Short;10;209;48,804;-0,352;-0,71;150;54,0;0,876;0,804;1,181;19,495;-0,71;False;17,743;0
Oro;Commodities;EMA 10/30;Solo long;3;390;48,462;-0,036;-0,711;370;53,784;0,094;-0,512;1,129;5,162;-0,711;False;2,757;0
Bitcoin;Cripto;EMA 50/200 + filtro VIX;Solo short;1;483;43,685;-0,252;-0,337;622;46,141;-0,226;-0,711;0,789;-20,847;-0,711;False;4,208;0
S&P 500;Indici;Reversione RSI2 nel trend SMA200;Long+Short;20;60;65,0;0,806;0,268;48;64,583;0,064;-0,711;1,033;0,458;-0,711;False;7,555;0
Nasdaq 100;Indici;Reversione RSI2 nel trend SMA200;Long+Short;5;105;56,19;0,047;-0,711;72;62,5;0,404;0,581;1,46;4,319;-0,711;False;4,355;0
Gas naturale;Commodities;Prezzo vs SMA100;Solo long;5;229;45,415;-0,41;-0,711;188;51,064;0,322;-0,135;1,082;8,968;-0,711;False;12,292;0
FTSE MIB;Indici;ADX>25 + direzione DI;Long+Short;20;61;42,623;-0,186;-0,212;34;44,118;-0,814;-0,712;0,733;-4,105;-0,712;False;10,079;0
DAX;Indici;Momentum 20g;Long+Short;10;234;50,427;-0,083;-0,638;170;48,235;-0,114;-0,712;0,911;-2,863;-0,712;False;6,036;0
Petrolio WTI;Commodities;Prezzo vs SMA200 + filtro VIX;Long+Short;10;209;45,933;-0,29;-0,712;149;51,678;0,181;0,353;1,068;3,991;-0,712;False;11,176;0
FTSE MIB;Indici;Momentum 5g;Solo short;3;452;46,239;-0,069;-0,713;298;43,624;-0,068;0,265;0,922;-2,997;-0,713;False;3,613;0
DAX;Indici;Prezzo vs SMA20;Solo long;60;38;68,421;0,863;-0,713;26;65,385;3,41;0,235;3,148;13,151;-0,713;False;13,629;0
Oro;Commodities;Momentum 10g;Solo short;20;96;50,0;0,008;0,91;67;40,299;-1,707;-0,714;0,378;-16,959;-0,714;False;8,635;0
FTSE MIB;Indici;Prezzo vs SMA50;Solo long;20;90;54,444;-0,021;-0,338;74;62,162;0,553;-0,714;1,327;6,067;-0,714;False;10,104;0
Ethereum;Cripto;Breakout Donchian 55;Solo short;1;471;52,017;0,091;0,429;914;46,28;-0,304;-0,715;0,801;-41,272;-0,715;False;5,822;0
Gas naturale;Commodities;Momentum 120g + filtro VIX;Solo short;10;128;54,688;-0,239;-0,539;76;48,684;-2,046;-0,715;0,677;-23,063;-0,715;False;19,955;0
USD/JPY;Valute;Momentum 10g;Solo long;5;314;46,815;-0,012;-0,715;250;56,4;0,104;-0,143;1,261;3,865;-0,715;False;2,147;0
Argento;Commodities;Prezzo vs SMA200;Long+Short;60;39;30,769;-1,779;-0,716;27;37,037;-1,279;-0,658;0,863;-5,122;-0,716;False;26,96;0
GBP/USD;Valute;Prezzo vs SMA200;Solo long;3;386;51,813;-0,049;-0,637;371;47,709;-0,024;-0,716;0,922;-1,299;-0,716;False;1,454;0
FTSE MIB;Indici;Prezzo vs SMA200;Solo short;20;64;48,438;-0,718;-0,593;25;36,0;-2,21;-0,716;0,491;-8,196;-0,716;False;12,765;0
FTSE MIB;Indici;Momentum 120g + filtro VIX;Long+Short;3;674;47,774;-0,069;-0,717;470;54,894;0,056;-0,196;1,088;3,916;-0,717;False;3,252;0
Ethereum;Cripto;Prezzo vs SMA100;Solo short;1;431;52,204;0,183;0,828;1022;45,597;-0,301;-0,717;0,807;-45,657;-0,717;False;5,854;0
EUR/CHF;Valute;ADX>20 + direzione DI;Solo long;60;28;46,429;-0,587;0,142;21;28,571;-0,821;-0,717;0,404;-2,557;-0,717;False;4,355;0
FTSE MIB;Indici;Prezzo vs SMA200 + filtro VIX;Long+Short;20;110;50,0;-0,087;-0,196;79;54,43;0,11;-0,717;1,057;1,291;-0,717;False;9,52;0
EUR/USD;Valute;Momentum 10g;Solo long;20;97;48,454;-0,308;-0,708;70;48,571;-0,102;-0,717;0,876;-1,056;-0,717;False;3,805;0
EUR/USD;Valute;EMA 50/200;Long+Short;20;121;52,893;0,0;-0,148;86;40,698;-0,147;-0,717;0,83;-1,876;-0,717;False;3,968;0
FTSE MIB;Indici;EMA 20/50;Solo short;10;119;47,899;-0,291;-0,529;48;37,5;-1,257;-0,717;0,6;-8,952;-0,717;False;7,849;0
Euro Stoxx 50;Indici;SMA200 + Momentum20 concordi;Solo short;1;559;46,333;-0,047;-0,718;292;45,89;-0,06;-0,358;0,905;-2,618;-0,718;False;2,385;0
S&P 500;Indici;Momentum 10g;Solo long;40;55;65,455;1,41;-0,718;39;71,795;1,996;-0,261;2,205;11,547;-0,718;False;10,286;0
GBP/USD;Valute;EMA 50/200 + filtro VIX;Long+Short;10;216;49,074;0,016;0,028;152;48,026;-0,078;-0,718;0,872;-1,758;-0,718;False;2,558;0
Euro Stoxx 50;Indici;Prezzo vs SMA50;Solo short;60;33;45,455;-1,685;-0,569;22;31,818;-3,648;-0,718;0,229;-11,905;-0,718;False;14,493;0
FTSE MIB;Indici;Momentum 5g;Long+Short;10;234;50,427;-0,103;-0,388;171;45,614;-0,133;-0,718;0,911;-3,371;-0,718;False;6,512;0
Euro Stoxx 50;Indici;EMA 50/200 + filtro VIX;Solo short;10;79;37,975;-0,08;0,131;30;40,0;-0,937;-0,718;0,549;-4,172;-0,718;False;5,809;0
Oro;Commodities;Prezzo vs SMA20;Solo short;20;87;54,023;-0,193;0,302;61;32,787;-1,75;-0,718;0,373;-15,827;-0,718;False;8,313;0
EUR/USD;Valute;Momentum 60g + filtro VIX;Solo short;10;134;47,761;-0,024;-0,718;85;47,059;-0,076;-0,326;0,87;-0,959;-0,718;False;2,632;0
GBP/USD;Valute;EMA 20/50;Solo short;5;246;49,187;-0,025;-0,719;155;51,613;0,025;0,267;1,05;0,57;-0,719;False;2,035;0
GBP/USD;Valute;EMA 50/200 + filtro VIX;Solo short;10;133;47,368;0,033;-0,191;50;50,0;-0,222;-0,719;0,758;-1,643;-0,719;False;2,826;0
FTSE MIB;Indici;Breakout Donchian 20;Solo long;10;138;53,623;0,042;-0,018;121;56,198;0,28;-0,719;1,237;5,023;-0,719;False;6,458;0
GBP/USD;Valute;EMA 20/50;Long+Short;3;801;49,688;-0,024;-0,72;584;49,315;0,008;0,172;1,022;0,654;-0,72;False;1,562;0
Argento;Commodities;Prezzo vs SMA200;Solo long;3;312;49,359;-0,092;-0,516;393;50,127;0,034;-0,72;1,025;1,994;-0,72;False;4,851;0
Ethereum;Cripto;Prezzo vs SMA20;Long+Short;20;30;53,333;-3,169;-0,72;122;53,279;0,614;0,357;1,082;11,112;-0,72;False;34,403;0
FTSE MIB;Indici;Prezzo vs SMA100;Solo short;1;1035;48,986;0,004;-0,72;416;40,865;-0,048;-0,625;0,918;-2,972;-0,72;False;2,354;0
Petrolio WTI;Commodities;EMA 50/200;Long+Short;20;116;42,241;-0,579;-0,72;84;47,619;-0,717;-0,363;0,856;-8,932;-0,72;False;15,852;0
USD/JPY;Valute;Prezzo vs SMA200 + filtro VIX;Solo long;20;72;58,333;0,522;1,273;61;60,656;0,184;-0,721;1,18;1,667;-0,721;False;4,178;0
S&P 500;Indici;EMA 10/30;Solo long;20;96;66,667;0,688;-0,721;68;70,588;0,959;-0,322;1,859;9,669;-0,721;False;5,446;0
Argento;Commodities;Momentum 20g;Solo short;5;295;52,881;0,026;0,261;179;40,782;-0,651;-0,721;0,696;-17,281;-0,721;False;5,829;0
FTSE MIB;Indici;SMA200 + Momentum20 concordi;Solo short;10;89;42,697;-0,408;-0,721;33;33,333;-0,968;-0,38;0,647;-4,738;-0,721;False;7,618;0
EUR/USD;Valute;Momentum 60g;Solo short;5;289;54,325;0,024;-0,237;195;46,154;-0,066;-0,722;0,849;-1,906;-0,722;False;1,984;0
DAX;Indici;Prezzo vs SMA50;Solo short;1;832;48,197;-0,008;-0,362;556;44,784;-0,044;-0,722;0,9;-3,651;-0,722;False;1,727;0
FTSE MIB;Indici;Breakout Donchian 55;Long+Short;5;468;51,709;0,013;0,088;342;50,585;-0,003;-0,722;0,997;-0,16;-0,722;False;4,715;0
DAX;Indici;Momentum 20g;Solo long;60;37;70,27;0,773;-0,722;25;76,0;2,933;-0,06;2,725;10,879;-0,722;False;13,572;0
Nasdaq 100;Indici;Breakout Donchian 55 + filtro VIX;Solo long;40;51;64,706;2,206;-0,722;31;74,194;2,819;-0,315;2,726;12,965;-0,722;False;11,023;0
Petrolio WTI;Commodities;Fine/inizio mese;Long+Short;1;111;45,946;-0,034;-0,046;81;39,506;-0,236;-0,723;0,773;-2,835;-0,723;False;3,671;0
Petrolio WTI;Commodities;Fine/inizio mese;Solo long;1;111;45,946;-0,034;-0,046;81;39,506;-0,236;-0,723;0,773;-2,835;-0,723;False;3,671;0
Nasdaq 100;Indici;Breakout Donchian 55 + filtro VIX;Solo short;20;21;28,571;-2,151;-0,723;21;33,333;-1,704;-0,07;0,62;-5,31;-0,723;False;9,627;0
Gas naturale;Commodities;Reversione RSI2;Long+Short;10;165;49,091;-0,447;-0,723;119;52,941;1,084;1,048;1,262;19,121;-0,723;False;15,667;0
Argento;Commodities;Reversione RSI2 nel trend SMA200;Solo long;3;41;53,659;-0,202;-0,515;50;48,0;-0,168;-0,724;0,873;-1,248;-0,724;False;5,493;0
DAX;Indici;Prezzo vs SMA50;Solo short;20;67;37,313;-1,25;-0,724;49;30,612;-1,529;-0,699;0,522;-11,112;-0,724;False;9,3;0
Gas naturale;Commodities;Breakout Donchian 55 + filtro VIX;Long+Short;60;39;48,718;-1,928;-0,725;26;42,308;-2,752;-0,431;0,815;-10,612;-0,725;False;42,775;0
Nasdaq 100;Indici;Prezzo vs SMA100;Solo long;60;37;81,081;3,583;-0,304;26;73,077;3,624;-0,725;2,524;13,977;-0,725;False;16,172;0
Euro Stoxx 50;Indici;SMA200 + Momentum20 concordi;Solo short;10;78;43,59;-0,531;-0,725;40;37,5;-0,659;-0,288;0,732;-3,908;-0,725;False;6,967;0
Petrolio WTI;Commodities;Prezzo vs SMA100;Solo short;20;68;44,118;-1,008;-0,725;50;52,0;-2,577;-0,278;0,604;-19,108;-0,725;False;16,941;0
Euro Stoxx 50;Indici;ADX>20 + direzione DI;Solo long;3;224;52,679;-0,032;-0,725;151;51,656;0,09;-0,081;1,185;2,023;-0,725;False;2,424;0
Nasdaq 100;Indici;Momentum 60g;Solo long;60;36;80,556;3,106;-0,726;24;75,0;4,949;-0,048;5,299;17,623;-0,726;False;13,721;0
S&P 500;Indici;Momentum 60g;Solo long;20;101;63,366;0,671;-0,726;70;68,571;0,886;-0,512;1,812;9,201;-0,726;False;5,729;0
Oro;Commodities;EMA 20/50;Long+Short;3;771;48,638;-0,041;-0,726;565;52,212;0,063;0,113;1,088;5,273;-0,726;False;2,646;0
Argento;Commodities;EMA 50/200 + filtro VIX;Long+Short;5;407;53,808;0,232;1,355;287;49,129;-0,018;-0,726;0,99;-0,778;-0,726;False;5,853;0
DAX;Indici;Momentum 10g;Solo long;3;512;52,734;0,015;-0,727;381;51,444;0,071;-0,34;1,125;4,038;-0,727;False;2,614;0
Petrolio WTI;Commodities;Prezzo vs SMA100;Solo long;40;41;53,659;1,151;0,558;32;40,625;1,209;-0,727;1,202;5,735;-0,727;False;21,892;0
Petrolio WTI;Commodities;Prezzo vs SMA100;Solo short;5;232;50,862;-0,264;-0,728;180;47,222;-0,449;-0,201;0,834;-11,975;-0,728;False;9,274;0
Ethereum;Cripto;EMA 10/30;Long+Short;1;583;51,286;0,161;0,855;2462;47,319;-0,042;-0,728;0,971;-15,333;-0,728;False;5,979;0
Argento;Commodities;Breakout Donchian 55 + filtro VIX;Long+Short;20;108;40,741;-0,359;-0,528;77;44,156;-0,41;-0,728;0,905;-4,683;-0,728;False;12,47;0
EUR/CHF;Valute;Momentum 120g;Solo long;40;33;39,394;0,049;1,696;22;31,818;-0,554;-0,728;0,427;-1,809;-0,728;False;3,364;0
EUR/USD;Valute;Momentum 60g;Long+Short;10;241;51,452;0,046;0,376;174;45,402;-0,08;-0,728;0,868;-2,066;-0,728;False;2,555;0
Gas naturale;Commodities;Momentum 120g;Solo long;20;66;43,939;0,336;0,448;57;52,632;0,212;-0,729;1,031;1,793;-0,729;False;23,508;0
Petrolio WTI;Commodities;Momentum 20g;Long+Short;40;58;48,276;-1,265;-0,729;42;45,238;1,603;0,427;1,266;9,986;-0,729;False;22,53;0
USD/JPY;Valute;ADX>20 + direzione DI;Solo short;40;41;51,22;-0,826;-0,73;26;38,462;-0,344;0,65;0,807;-1,327;-0,73;False;6,391;0
USD/JPY;Valute;SMA200 + Momentum20 concordi;Solo long;10;114;47,368;0,168;0,493;103;59,223;0,089;-0,73;1,131;1,354;-0,73;False;2,987;0
EUR/USD;Valute;Prezzo vs SMA200 + filtro VIX;Solo short;3;387;49,871;-0,008;-0,73;214;51,869;0,048;1,019;1,183;1,513;-0,73;False;1,504;0
Nasdaq 100;Indici;EMA 50/200 + filtro VIX;Long+Short;40;56;64,286;2,013;-0,731;38;65,789;3,131;0,819;2,692;17,652;-0,731;False;11,352;0
DAX;Indici;Breakout Donchian 20;Solo long;20;79;62,025;0,559;-0,351;61;52,459;0,488;-0,731;1,368;4,416;-0,731;False;7,302;0
FTSE MIB;Indici;Momentum 20g;Solo short;5;262;42,748;-0,166;-0,731;160;40,0;-0,389;-0,604;0,716;-9,231;-0,731;False;4,682;0
EUR/CHF;Valute;Momentum 60g;Solo short;10;168;48,81;0,051;-0,389;124;54,839;0,016;-0,731;1,045;0,289;-0,731;False;1,75;0
EUR/USD;Valute;Breakout Donchian 55;Long+Short;60;41;43,902;-0,392;-0,732;28;67,857;0,049;0,05;1,042;0,204;-0,732;False;6,285;0
Oro;Commodities;EMA 50/200 + filtro VIX;Solo long;3;372;51,344;0,034;0,132;373;49,598;0,078;-0,732;1,118;4,337;-0,732;False;2,581;0
EUR/USD;Valute;EMA 50/200 + filtro VIX;Solo short;20;68;60,294;0,175;0,04;36;52,778;-0,349;-0,732;0,671;-1,864;-0,732;False;3,811;0
USD/JPY;Valute;Momentum 10g;Solo long;10;176;46,591;0,049;-0,238;141;61,702;0,119;-0,732;1,2;2,494;-0,732;False;3,049;0
DAX;Indici;Reversione RSI2 nel trend SMA200;Solo long;5;69;50,725;0,006;-0,418;56;55,357;-0,086;-0,732;0,914;-0,714;-0,732;False;4,259;0
EUR/USD;Valute;Breakout Donchian 55;Solo long;3;376;46,543;-0,057;-0,733;308;47,078;-0,012;-0,428;0,956;-0,561;-0,733;False;1,427;0
Gas naturale;Commodities;Breakout Donchian 20;Long+Short;20;116;48,276;-0,435;-0,412;84;45,238;-1,419;-0,733;0,825;-17,676;-0,733;False;23,968;0
Gas naturale;Commodities;Prezzo vs SMA20;Long+Short;1;2314;48,833;-0,031;-0,733;1696;49,292;0,073;0,793;1,051;18,414;-0,733;False;4,859;0
GBP/USD;Valute;SMA200 + Momentum20 concordi;Solo short;3;301;49,834;-0,002;-0,323;172;42,442;-0,07;-0,733;0,84;-1,779;-0,733;False;1,674;0
FTSE MIB;Indici;Prezzo vs SMA100;Long+Short;10;234;46,154;-0,03;-0,125;171;50,877;0,015;-0,733;1,01;0,373;-0,733;False;6,607;0
FTSE MIB;Indici;Prezzo vs SMA20;Long+Short;60;39;38,462;-1,204;-0,733;28;53,571;-0,629;-0,658;0,84;-2,613;-0,733;False;17,052;0
S&P 500;Indici;Momentum 60g + filtro VIX;Solo short;5;81;30,864;-0,412;-0,734;46;47,826;-0,063;0,458;0,945;-0,429;-0,734;False;3,57;0
Euro Stoxx 50;Indici;Momentum 120g + filtro VIX;Solo short;3;226;39,823;-0,14;-0,734;105;41,905;-0,206;-0,526;0,777;-3,204;-0,734;False;3,135;0
Gas naturale;Commodities;Momentum 20g;Solo long;3;403;43,921;-0,285;-0,734;343;51,02;0,188;0,024;1,07;9,58;-0,734;False;9,137;0
USD/JPY;Valute;Momentum 120g;Long+Short;20;121;55,372;0,117;0,526;86;53,488;-0,079;-0,735;0,919;-1,012;-0,735;False;4,158;0
DAX;Indici;Prezzo vs SMA200 + filtro VIX;Solo short;3;147;45,578;-0,089;-0,104;68;39,706;-0,286;-0,735;0,702;-2,889;-0,735;False;3,394;0
USD/JPY;Valute;Breakout Donchian 55;Solo short;1;979;47,395;-0,016;-0,464;643;43,857;-0,04;-0,735;0,827;-3,857;-0,735;False;1,125;0
S&P 500;Indici;Momentum 120g + filtro VIX;Long+Short;40;56;62,5;0,951;-0,416;38;63,158;0,558;-0,736;1,239;3,147;-0,736;False;9,509;0
Oro;Commodities;EMA 50/200 + filtro VIX;Solo long;20;60;56,667;0,381;0,111;66;51,515;0,77;-0,736;1,433;7,536;-0,736;False;7,371;0
EUR/USD;Valute;SMA200 + Momentum20 concordi;Long+Short;10;200;49,5;-0,078;-0,737;150;50,667;-0,052;-0,394;0,915;-1,15;-0,737;False;2,605;0
Euro Stoxx 50;Indici;Reversione RSI2;Solo long;1;249;54,217;-0,044;-0,576;165;56,364;-0,078;-0,737;0,865;-1,9;-0,737;False;2,32;0
EUR/USD;Valute;Momentum 120g + filtro VIX;Solo long;20;57;50,877;-0,09;0,263;51;49,02;-0,121;-0,738;0,846;-0,918;-0,738;False;3,215;0
S&P 500;Indici;Momentum 120g;Solo short;10;48;31,25;-0,85;-0,738;48;37,5;-0,952;-0,676;0,58;-6,781;-0,738;False;6,124;0
FTSE MIB;Indici;EMA 50/200 + filtro VIX;Solo long;20;67;47,761;0,341;0,301;63;65,079;0,564;-0,738;1,386;5,274;-0,738;False;7,209;0
Nasdaq 100;Indici;Momentum 60g + filtro VIX;Solo long;40;51;64,706;2,152;-0,739;34;67,647;2,429;-0,608;2,324;12,25;-0,739;False;10,102;0
Nasdaq 100;Indici;Momentum 5g;Solo short;10;161;36,646;-0,644;-0,046;129;37,984;-1,063;-0,739;0,55;-20,353;-0,739;False;5,932;0
Nasdaq 100;Indici;Reversione RSI2 nel trend SMA200;Solo long;3;101;52,475;0,02;-0,739;64;62,5;0,356;0,531;1,526;3,377;-0,739;False;3,176;0
GBP/USD;Valute;Breakout Donchian 55 + filtro VIX;Solo long;10;99;49,495;-0,2;-0,74;88;45,455;-0,051;-0,501;0,909;-0,66;-0,74;False;2,42;0
Gas naturale;Commodities;Prezzo vs SMA50;Solo long;5;241;46,058;-0,403;-0,74;203;49,261;0,243;-0,276;1,066;7,301;-0,74;False;11,713;0
Euro Stoxx 50;Indici;Momentum 10g;Solo long;40;54;50,0;0,066;-0,74;40;55,0;1,15;-0,377;1,699;6,825;-0,74;False;11,462;0
DAX;Indici;Momentum 120g + filtro VIX;Long+Short;60;39;66,667;-0,361;-0,74;26;69,231;2,385;0,562;2,324;9,199;-0,74;False;17,868;0
GBP/USD;Valute;EMA 50/200;Solo short;20;75;45,333;-0,002;-0,485;34;50,0;-0,442;-0,74;0,694;-2,227;-0,74;False;4,013;0
Argento;Commodities;Prezzo vs SMA20;Long+Short;3;771;50,713;0,187;1,878;565;47,434;-0,106;-0,741;0,926;-8,885;-0,741;False;4,294;0
Argento;Commodities;Momentum 20g;Long+Short;40;58;41,379;-1,045;-0,741;42;57,143;4,889;1,275;2,243;30,448;-0,741;False;18,025;0
EUR/CHF;Valute;Breakout Donchian 20;Solo short;60;32;50,0;0,447;-0,354;23;65,217;0,116;-0,741;1,157;0,396;-0,741;False;5,322;0
Nasdaq 100;Indici;Momentum 60g + filtro VIX;Solo short;20;34;29,412;-1,893;-0,741;27;40,741;-1,165;0,273;0,707;-4,668;-0,741;False;9,413;0
USD/JPY;Valute;EMA 20/50;Long+Short;3;801;48,065;-0,024;-0,741;584;51,199;0,034;0,279;1,097;2,97;-0,741;False;1,774;0
Nasdaq 100;Indici;Breakout Donchian 20;Solo long;10;172;60,465;0,484;-0,742;121;61,983;0,798;0,074;1,72;14,323;-0,742;False;4,949;0
Gas naturale;Commodities;EMA 50/200 + filtro VIX;Solo short;20;72;44,444;-0,638;-0,742;40;47,5;-0,72;0,456;0,879;-4,273;-0,742;False;23,564;0
Argento;Commodities;Momentum 60g + filtro VIX;Solo long;20;65;40,0;-0,368;-0,742;58;50,0;1,426;-0,303;1,401;12,269;-0,742;False;11,351;0
Nasdaq 100;Indici;Prezzo vs SMA100;Solo long;20;104;69,231;1,057;-0,742;71;66,197;1,197;-0,541;1,72;12,605;-0,742;False;7,969;0
Argento;Commodities;SMA200 + Momentum20 concordi;Long+Short;40;56;50,0;0,196;0,211;39;46,154;-0,138;-0,742;0,977;-0,799;-0,742;False;18,012;0
EUR/USD;Valute;EMA 50/200;Solo long;3;344;45,349;-0,029;-0,103;332;46,687;-0,023;-0,743;0,918;-1,153;-0,743;False;1,384;0
Euro Stoxx 50;Indici;Momentum 120g;Solo short;40;32;37,5;-1,402;-0,606;20;40,0;-2,758;-0,743;0,403;-8,182;-0,743;False;12,444;0
EUR/CHF;Valute;Breakout Donchian 55 + filtro VIX;Solo short;60;28;71,429;1,055;0,694;20;55,0;0,121;-0,743;1,182;0,359;-0,743;False;3,363;0
DAX;Indici;Prezzo vs SMA200;Solo short;1;671;49,031;0,005;-0,045;372;46,505;-0,06;-0,743;0,886;-3,319;-0,743;False;2,039;0
FTSE MIB;Indici;Momentum 120g;Long+Short;20;117;46,154;0,128;0,19;85;57,647;0,215;-0,743;1,122;2,71;-0,743;False;9,834;0
Gas naturale;Commodities;EMA 10/30;Solo long;10;122;47,541;-0,537;-0,502;101;50,495;0,007;-0,743;1,002;0,111;-0,743;False;16,147;0
FTSE MIB;Indici;ADX>20 + direzione DI;Solo short;40;41;36,585;-1,399;-0,744;25;24,0;-2,727;-0,332;0,416;-10,116;-0,744;False;14,456;0
Argento;Commodities;Momentum 10g;Solo long;20;94;46,809;-0,046;-0,418;70;55,714;1,091;-0,744;1,379;11,326;-0,744;False;11,477;0
Gas naturale;Commodities;Momentum 20g;Solo long;10;144;42,361;-0,645;-0,744;115;55,652;0,567;-0,306;1,122;9,666;-0,744;False;15,271;0
EUR/CHF;Valute;EMA 50/200 + filtro VIX;Solo short;40;43;62,791;0,183;-0,744;33;51,515;0,169;-0,427;1,31;0,827;-0,744;False;2,952;0
Nasdaq 100;Indici;Prezzo vs SMA50;Solo short;5;153;41,83;-0,458;-0,745;126;43,651;-0,39;-0,052;0,781;-7,288;-0,745;False;5,304;0
GBP/USD;Valute;Prezzo vs SMA200;Solo short;5;269;49,814;0,028;-0,027;152;46,053;-0,109;-0,745;0,816;-2,447;-0,745;False;1,968;0
S&P 500;Indici;Prezzo vs SMA200 + filtro VIX;Solo long;60;36;83,333;1,839;-0,745;24;75,0;2,838;-0,639;2,859;10,104;-0,745;False;10,736;0
EUR/CHF;Valute;Momentum 60g;Solo long;3;361;41,551;-0,038;-0,223;246;46,748;-0,048;-0,746;0,775;-1,766;-0,746;False;1,049;0
EUR/USD;Valute;Prezzo vs SMA20;Solo long;10;161;42,857;-0,162;-0,657;122;47,541;-0,077;-0,746;0,876;-1,386;-0,746;False;2,517;0
Argento;Commodities;Momentum 10g;Long+Short;10;232;55,172;0,811;2,428;168;45,833;-0,314;-0,746;0,894;-7,822;-0,746;False;8,748;0
Euro Stoxx 50;Indici;Prezzo vs SMA200;Solo long;60;30;53,333;0,733;-0,012;23;60,87;1,164;-0,747;1,411;3,97;-0,747;False;13,558;0
GBP/USD;Valute;Breakout Donchian 55;Solo short;3;461;49,675;-0,018;-0,747;264;48,485;-0,053;-0,739;0,864;-2,083;-0,747;False;1,75;0
FTSE MIB;Indici;Prezzo vs SMA100;Long+Short;5;468;48,718;-0,056;-0,398;342;50,0;0,002;-0,747;1,002;0,095;-0,747;False;4,684;0
GBP/USD;Valute;SMA200 + Momentum20 concordi;Long+Short;20;106;50,943;-0,144;-0,623;74;44,595;-0,175;-0,749;0,816;-1,917;-0,749;False;3,9;0
Euro Stoxx 50;Indici;Prezzo vs SMA50;Solo long;60;32;62,5;2,1;1,361;26;53,846;1,299;-0,75;1,471;5,009;-0,75;False;12,56;0
EUR/USD;Valute;EMA 50/200 + filtro VIX;Long+Short;60;39;46,154;-0,305;-0,715;27;48,148;-0,491;-0,75;0,695;-1,966;-0,75;False;5,996;0
EUR/CHF;Valute;EMA 50/200;Solo short;10;174;51,724;0,084;-0,156;141;48,227;0,017;-0,751;1,054;0,365;-0,751;False;1,895;0
Gas naturale;Commodities;Momentum 20g;Solo short;20;87;47,126;-0,673;-0,751;58;50,0;0,062;0,858;1,009;0,535;-0,751;False;26,086;0
Nasdaq 100;Indici;EMA 20/50;Solo long;60;36;80,556;3,6;-0,308;26;73,077;3,642;-0,752;2,735;14,046;-0,752;False;14,506;0
Petrolio WTI;Commodities;Momentum 10g;Solo short;10;153;50,327;0,247;0,581;112;44,643;-1,449;-0,752;0,65;-24,072;-0,752;False;11,576;0
Petrolio WTI;Commodities;Prezzo vs SMA100;Long+Short;10;232;50,431;0,029;0,061;168;47,619;-0,516;-0,752;0,853;-12,864;-0,752;False;11,708;0
Petrolio WTI;Commodities;Momentum 10g;Long+Short;40;58;43,103;-1,312;-0,753;42;45,238;2,067;0,806;1,356;12,874;-0,753;False;22,442;0
DAX;Indici;SMA200 + Momentum20 concordi;Solo long;40;44;61,364;0,782;-0,753;34;64,706;1,66;-0,213;2,439;8,373;-0,753;False;11,13;0
EUR/USD;Valute;EMA 50/200;Long+Short;10;241;53,112;0,008;-0,053;174;45,402;-0,081;-0,753;0,867;-2,079;-0,753;False;2,666;0
USD/JPY;Valute;Reversione RSI2 nel trend SMA200;Long+Short;5;120;56,667;0,209;1,665;77;53,247;-0,112;-0,753;0,816;-1,282;-0,753;False;2,279;0
EUR/USD;Valute;Momentum 60g;Solo long;3;397;46,599;-0,041;-0,363;313;43,131;-0,025;-0,753;0,914;-1,165;-0,753;False;1,428;0
Oro;Commodities;Reversione RSI2;Long+Short;10;167;46,707;0,096;0,491;119;47,059;-0,428;-0,753;0,717;-7,55;-0,753;False;5,628;0
GBP/USD;Valute;Breakout Donchian 55 + filtro VIX;Solo long;20;52;40,385;-0,381;-0,753;47;44,681;-0,095;-0,512;0,894;-0,665;-0,753;False;3,517;0
USD/JPY;Valute;Momentum 10g;Solo short;10;170;44,706;-0,169;-0,753;112;41,071;-0,278;-0,304;0,658;-4,61;-0,753;False;3,019;0
Euro Stoxx 50;Indici;Breakout Donchian 55;Solo short;10;100;42,0;-0,457;-0,753;58;34,483;-0,613;-0,343;0,73;-5,279;-0,753;False;6,821;0
Petrolio WTI;Commodities;Prezzo vs SMA200;Solo short;20;67;40,299;-1,059;-0,753;54;48,148;-2,11;-0,246;0,63;-16,894;-0,753;False;19,414;0
DAX;Indici;Prezzo vs SMA100;Solo short;10;100;36,0;-0,677;-0,754;62;43,548;-0,548;-0,156;0,753;-5,044;-0,754;False;6,659;0
EUR/USD;Valute;EMA 20/50;Solo long;3;392;48,214;-0,059;-0,754;295;46,441;-0,007;-0,285;0,976;-0,311;-0,754;False;1,497;0
USD/JPY;Valute;SMA200 + Momentum20 concordi;Solo short;10;93;41,935;-0,207;-0,754;55;43,636;-0,264;-0,203;0,583;-2,152;-0,754;False;2,992;0
Nasdaq 100;Indici;Momentum 5g;Solo long;20;109;70,642;1,242;-0,207;78;61,538;1,084;-0,754;1,582;12,545;-0,754;False;8,726;0
FTSE MIB;Indici;Breakout Donchian 55;Long+Short;20;117;49,573;0,263;0,412;85;54,118;0,083;-0,756;1,045;1,045;-0,756;False;9,895;0
DAX;Indici;EMA 10/30;Solo long;40;50;64,0;0,854;-0,757;38;63,158;1,598;-0,264;2,17;9,009;-0,757;False;10,373;0
Oro;Commodities;Breakout Donchian 20;Long+Short;5;463;47,948;-0,039;-0,364;338;50,888;-0,02;-0,758;0,979;-1,001;-0,758;False;3,614;0
Euro Stoxx 50;Indici;Momentum 120g + filtro VIX;Solo short;10;80;35,0;-0,375;-0,547;41;39,024;-0,819;-0,758;0,568;-4,984;-0,758;False;5,405;0
GBP/USD;Valute;Momentum 60g + filtro VIX;Solo long;1;1016;46,85;-0,005;0,051;819;48,718;-0,011;-0,759;0,941;-1,307;-0,759;False;0,972;0
Nasdaq 100;Indici;Prezzo vs SMA50;Solo short;10;88;36,364;-0,919;-0,759;73;42,466;-0,787;-0,023;0,687;-8,524;-0,759;False;6,921;0
Argento;Commodities;EMA 50/200 + filtro VIX;Solo short;20;76;56,579;0,694;1,221;21;38,095;-3,261;-0,759;0,347;-10,154;-0,759;False;11,669;0
EUR/CHF;Valute;Prezzo vs SMA100;Solo long;10;115;46,087;-0,097;0,089;85;45,882;-0,152;-0,759;0,638;-1,913;-0,759;False;1,696;0
DAX;Indici;Momentum 60g + filtro VIX;Solo long;20;90;51,111;0,604;-0,312;68;60,294;0,534;-0,759;1,452;5,389;-0,759;False;7,155;0
Nasdaq 100;Indici;SMA200 + Momentum20 concordi;Solo long;20;95;64,211;1,039;-0,759;62;66,129;1,233;-0,471;1,72;11,345;-0,759;False;7,467;0
EUR/CHF;Valute;EMA 50/200;Long+Short;60;41;60,976;0,679;0,894;28;50,0;0,041;-0,76;1,06;0,172;-0,76;False;3,881;0
Gas naturale;Commodities;Momentum 120g + filtro VIX;Solo long;20;61;47,541;0,864;0,964;51;50,98;-0,083;-0,76;0,989;-0,631;-0,76;False;19,465;0
EUR/CHF;Valute;Prezzo vs SMA100;Solo long;5;214;45,327;-0,052;-0,002;156;44,872;-0,077;-0,76;0,721;-1,789;-0,76;False;1,203;0
FTSE MIB;Indici;Prezzo vs SMA50;Solo short;5;246;48,78;-0,175;-0,761;138;39,13;-0,337;-0,36;0,776;-6,899;-0,761;False;5,347;0
Euro Stoxx 50;Indici;SMA200 + Momentum20 concordi;Solo short;5;138;40,58;-0,29;-0,761;71;45,07;-0,472;-0,533;0,725;-4,976;-0,761;False;5,641;0
GBP/USD;Valute;Momentum 20g;Solo long;20;88;45,455;-0,322;-0,761;61;49,18;0,099;0,173;1,131;0,897;-0,761;False;4,086;0
S&P 500;Indici;Breakout Donchian 20;Solo short;3;281;39,502;-0,218;-0,761;170;39,412;-0,271;-0,658;0,749;-6,845;-0,761;False;3,182;0
Gas naturale;Commodities;Prezzo vs SMA50;Solo long;3;378;47,619;-0,179;-0,3;317;47,95;-0,126;-0,761;0,953;-5,908;-0,761;False;8,839;0
GBP/USD;Valute;Momentum 120g + filtro VIX;Long+Short;40;58;48,276;-0,038;-0,074;41;43,902;-0,348;-0,762;0,75;-2,116;-0,762;False;5,102;0
GBP/USD;Valute;ADX>25 + direzione DI;Long+Short;5;174;47,701;-0,026;-0,38;125;45,6;-0,098;-0,762;0,812;-1,811;-0,762;False;1,956;0
Argento;Commodities;Prezzo vs SMA100;Solo short;5;284;48,592;-0,114;-0,408;155;40,645;-0,688;-0,763;0,684;-15,809;-0,763;False;5,861;0
Euro Stoxx 50;Indici;Momentum 60g;Solo long;40;48;60,417;0,056;-0,667;35;62,857;0,543;-0,763;1,232;2,82;-0,763;False;11,98;0
USD/JPY;Valute;EMA 20/50;Solo short;3;391;46,036;-0,059;-0,764;203;43,842;-0,03;0,517;0,926;-0,902;-0,764;False;1,719;0
Gas naturale;Commodities;Breakout Donchian 55 + filtro VIX;Solo long;40;33;45,455;-2,453;-0,764;23;52,174;7,206;0,651;2,052;24,577;-0,764;False;26,266;0
EUR/CHF;Valute;Momentum 120g + filtro VIX;Solo long;20;54;50,0;-0,074;0,842;38;42,105;-0,336;-0,764;0,536;-1,892;-0,764;False;1,902;0
S&P 500;Indici;Prezzo vs SMA200 + filtro VIX;Solo long;40;54;70,37;1,463;-0,764;35;71,429;1,917;-0,338;2,201;9,955;-0,764;False;8,817;0
USD/JPY;Valute;EMA 50/200;Solo short;10;108;47,222;-0,144;-0,354;57;45,614;-0,401;-0,765;0,511;-3,393;-0,765;False;3,361;0
USD/JPY;Valute;Momentum 10g;Solo short;5;299;46,154;-0,092;-0,765;187;41,176;-0,141;-0,274;0,735;-3,904;-0,765;False;2,094;0
S&P 500;Indici;Prezzo vs SMA200 + filtro VIX;Long+Short;40;56;60,714;0,96;-0,766;38;68,421;1,573;0,011;1,861;8,868;-0,766;False;9,509;0
Gas naturale;Commodities;Breakout Donchian 55 + filtro VIX;Solo short;10;105;50,476;-0,431;-0,766;77;49,351;-2,24;-0,65;0,671;-25,578;-0,766;False;20,407;0
Argento;Commodities;Breakout Donchian 55 + filtro VIX;Solo long;10;110;44,545;-0,301;-0,766;104;52,885;0,595;-0,42;1,251;9,18;-0,766;False;8,414;0
Nasdaq 100;Indici;Breakout Donchian 55;Solo long;40;52;63,462;2,193;-0,767;34;70,588;2,43;-0,605;2,274;12,255;-0,767;False;11,178;0
Petrolio WTI;Commodities;Momentum 120g;Long+Short;3;772;51,166;-0,094;-0,767;563;49,023;-0,143;-0,641;0,925;-11,975;-0,767;False;6,409;0
EUR/USD;Valute;ADX>25 + direzione DI;Long+Short;5;186;46,237;-0,067;-0,768;150;49,333;-0,028;-0,364;0,927;-0,612;-0,768;False;1,807;0
GBP/USD;Valute;EMA 50/200 + filtro VIX;Long+Short;5;424;47,406;-0,017;-0,383;292;48,973;-0,045;-0,768;0,893;-1,929;-0,768;False;1,878;0
USD/JPY;Valute;Momentum 120g + filtro VIX;Solo short;3;349;46,991;-0,052;-0,577;170;42,353;-0,125;-0,768;0,712;-3,145;-0,768;False;1,669;0
Gas naturale;Commodities;EMA 10/30;Solo short;40;48;52,083;-1,054;-0,768;32;46,875;-3,632;0,09;0,676;-17,234;-0,768;False;45,587;0
Argento;Commodities;Breakout Donchian 20;Long+Short;40;58;41,379;-1,212;-0,768;42;59,524;3,334;0,594;1,708;20,767;-0,768;False;18,025;0
Nasdaq 100;Indici;Momentum 120g;Solo long;10;209;64,115;0,482;-0,768;140;66,429;0,808;0,104;1,7;16,774;-0,768;False;5,362;0
EUR/USD;Valute;EMA 50/200 + filtro VIX;Solo long;20;48;47,917;-0,027;0,471;49;51,02;-0,123;-0,768;0,837;-0,892;-0,768;False;3,216;0
Oro;Commodities;Momentum 60g;Long+Short;5;463;48,38;-0,04;-0,45;338;54,438;-0,005;-0,768;0,995;-0,228;-0,768;False;3,624;0
FTSE MIB;Indici;EMA 50/200 + filtro VIX;Long+Short;20;110;52,727;0,335;0,551;79;56,962;0,073;-0,768;1,037;0,857;-0,768;False;9,52;0
Oro;Commodities;Prezzo vs SMA200;Long+Short;3;771;49,416;-0,004;-0,099;565;52,212;0,017;-0,768;1,023;1,401;-0,768;False;2,739;0
FTSE MIB;Indici;Prezzo vs SMA200;Long+Short;60;39;43,59;-0,704;-0,44;28;67,857;0,714;-0,769;1,219;2,968;-0,769;False;17,689;0
FTSE MIB;Indici;EMA 50/200;Long+Short;60;39;43,59;0,269;0,15;28;67,857;0,714;-0,769;1,219;2,968;-0,769;False;17,186;0
Nasdaq 100;Indici;EMA 50/200 + filtro VIX;Long+Short;10;209;55,981;0,421;-0,769;147;63,946;0,675;0,489;1,589;14,716;-0,769;False;5,305;0
EUR/USD;Valute;Prezzo vs SMA20;Solo short;40;56;50,0;-0,005;-0,769;39;51,282;-0,238;-0,192;0,796;-1,375;-0,769;False;5,868;0
Argento;Commodities;Breakout Donchian 20;Long+Short;60;39;28,205;-1,943;-0,77;27;48,148;6,004;0,649;2,049;24,039;-0,77;False;21,146;0
Gas naturale;Commodities;Momentum 10g;Solo short;3;452;48,894;-0,022;-0,621;314;48,089;-0,499;-0,77;0,832;-23,218;-0,77;False;9,448;0
DAX;Indici;EMA 10/30;Solo short;5;183;39,891;-0,339;-0,77;118;38,136;-0,412;-0,65;0,706;-7,211;-0,77;False;4,463;0
Gas naturale;Commodities;Prezzo vs SMA50;Long+Short;20;116;47,414;-0,512;-0,509;84;45,238;-1,546;-0,771;0,811;-19,262;-0,771;False;27,182;0
DAX;Indici;Prezzo vs SMA200;Solo short;3;236;48,305;-0,079;-0,061;131;43,511;-0,297;-0,771;0,757;-5,769;-0,771;False;4,438;0
EUR/CHF;Valute;Momentum 120g + filtro VIX;Long+Short;3;689;46,589;-0,012;-0,772;484;47,934;-0,008;-0,638;0,954;-0,595;-0,772;False;0,964;0
Euro Stoxx 50;Indici;Breakout Donchian 55 + filtro VIX;Long+Short;20;108;50,0;-0,087;-0,415;78;52,564;-0,2;-0,772;0,887;-2,309;-0,772;False;7,655;0
Argento;Commodities;Acquisto su picco VIX;Long+Short;20;29;55,172;0,348;0,05;22;45,455;0,296;-0,772;1,083;0,967;-0,772;False;13,849;0
Argento;Commodities;Acquisto su picco VIX;Solo long;20;29;55,172;0,348;0,05;22;45,455;0,296;-0,772;1,083;0,967;-0,772;False;13,849;0
EUR/CHF;Valute;Prezzo vs SMA200;Long+Short;40;61;57,377;0,451;0,921;42;42,857;-0,055;-0,772;0,923;-0,341;-0,772;False;3,26;0
USD/JPY;Valute;Momentum 20g;Solo long;5;302;48,675;0,015;-0,326;240;55,0;0,055;-0,774;1,133;1,962;-0,774;False;2,201;0
Argento;Commodities;Prezzo vs SMA200;Solo long;40;33;42,424;-0,886;-0,774;33;51,515;4,261;0,02;2,011;20,85;-0,774;False;18,609;0
Euro Stoxx 50;Indici;Prezzo vs SMA50;Long+Short;40;58;51,724;-0,381;-0,563;41;51,22;-0,17;-0,774;0,934;-1,035;-0,774;False;13,347;0
S&P 500;Indici;Prezzo vs SMA20;Solo short;20;77;32,468;-1,204;-0,775;55;29,091;-1,398;-0,356;0,531;-11,407;-0,775;False;6,91;0
USD/JPY;Valute;Prezzo vs SMA20;Solo short;40;54;48,148;-0,733;-0,775;35;25,714;-0,979;-0,091;0,477;-5,082;-0,775;False;6,368;0
EUR/USD;Valute;EMA 10/30;Solo short;10;147;48,98;-0,023;-0,775;101;52,475;-0,047;-0,156;0,918;-0,705;-0,775;False;2,789;0
USD/JPY;Valute;Momentum 120g;Long+Short;5;481;49,272;0,03;0,544;350;52,857;-0,019;-0,775;0,962;-0,995;-0,775;False;2,183;0
Argento;Commodities;Prezzo vs SMA100;Solo long;60;26;26,923;-1,352;-0,776;22;40,909;5,205;-0,331;2,509;16,98;-0,776;False;14,974;0
Ethereum;Cripto;Reversione RSI2 nel trend SMA200;Solo short;3;22;59,091;-0,105;-0,028;69;49,275;-1,247;-0,776;0,584;-12,764;-0,776;False;13,646;0
Euro Stoxx 50;Indici;Momentum 120g;Solo short;20;58;44,828;-0,733;-0,602;33;33,333;-1,567;-0,777;0,511;-7,67;-0,777;False;8,452;0
USD/JPY;Valute;EMA 50/200;Solo long;5;271;52,03;0,078;0,532;246;57,317;0,051;-0,778;1,112;1,87;-0,778;False;2,311;0
Nasdaq 100;Indici;SMA200 + Momentum20 concordi;Solo long;40;53;71,698;2,158;-0,778;33;75,758;4,255;0,771;3,738;20,832;-0,778;False;9,625;0
Argento;Commodities;EMA 50/200;Long+Short;10;232;56,034;0,227;0,758;168;46,429;-0,001;-0,778;1,0;-0,022;-0,778;False;9,11;0
FTSE MIB;Indici;Momentum 60g + filtro VIX;Long+Short;20;110;49,091;-0,118;-0,259;79;50,633;0,093;-0,778;1,048;1,091;-0,778;False;10,229;0
Ethereum;Cripto;Momentum 20g;Solo long;1;222;45,045;-0,254;-0,778;1300;47,923;0,143;-0,562;1,106;27,555;-0,778;False;5,908;0
Nasdaq 100;Indici;EMA 50/200;Solo long;3;728;58,242;0,119;-0,779;466;56,652;0,148;-0,602;1,2;10,198;-0,779;False;3,134;0
EUR/USD;Valute;EMA 20/50;Solo short;10;138;50,725;-0,029;-0,779;93;48,387;-0,039;-0,107;0,927;-0,543;-0,779;False;2,79;0
GBP/USD;Valute;Momentum 120g + filtro VIX;Long+Short;20;112;50,893;0,236;1,179;79;48,101;-0,179;-0,779;0,817;-2,097;-0,779;False;3,319;0
DAX;Indici;Momentum 120g;Solo long;20;92;58,696;0,339;-0,779;68;55,882;0,341;-0,759;1,219;3,444;-0,779;False;7,62;0
EUR/CHF;Valute;ADX>20 + direzione DI;Long+Short;10;167;44,91;-0,071;-0,433;117;49,573;-0,06;-0,78;0,85;-1,037;-0,78;False;1,828;0
S&P 500;Indici;Momentum 120g;Solo short;20;29;31,034;-1,639;-0,78;26;34,615;-1,191;-0,06;0,653;-4,595;-0,78;False;8,533;0
DAX;Indici;Prezzo vs SMA200;Solo long;60;34;64,706;1,047;-0,78;23;65,217;2,799;-0,162;2,827;9,55;-0,78;False;12,673;0
Petrolio WTI;Commodities;ADX>25 + direzione DI;Long+Short;1;1017;49,066;-0,049;-0,781;625;50,08;0,007;0,037;1,006;0,676;-0,781;False;4,068;0
Gas naturale;Commodities;Reversione RSI2;Solo long;20;69;37,681;-1,228;-0,781;52;63,462;4,22;0,847;1,689;32,539;-0,781;False;20,227;0
Petrolio WTI;Commodities;EMA 10/30;Solo short;1;1065;47,324;-0,031;-0,781;822;48,054;-0,026;-0,129;0,976;-3,19;-0,781;False;3,803;0
FTSE MIB;Indici;Breakout Donchian 55;Long+Short;10;234;52,137;0,15;0,516;171;52,047;-0,013;-0,781;0,991;-0,331;-0,781;False;6,764;0
DAX;Indici;ADX>20 + direzione DI;Long+Short;10;138;49,275;-0,08;-0,372;90;43,333;-0,33;-0,781;0,803;-4,404;-0,781;False;5,501;0
Petrolio WTI;Commodities;Prezzo vs SMA200;Solo short;1;1072;47,761;-0,026;-0,694;898;47,216;-0,093;-0,782;0,912;-12,337;-0,782;False;3,851;0
Euro Stoxx 50;Indici;Breakout Donchian 20;Solo long;40;44;59,091;-0,124;-0,782;33;63,636;1,169;-0,419;1,678;5,725;-0,782;False;11,538;0
Euro Stoxx 50;Indici;Momentum 120g;Long+Short;3;768;48,307;-0,047;-0,77;564;51,064;-0,024;-0,782;0,965;-2,027;-0,782;False;3,097;0
Nasdaq 100;Indici;EMA 50/200 + filtro VIX;Solo long;10;202;58,911;0,48;-0,782;123;66,667;0,695;-0,241;1,671;12,676;-0,782;False;5,106;0
Gas naturale;Commodities;Momentum 60g;Solo short;40;46;50,0;-0,878;-0,782;29;44,828;-6,278;-0,473;0,52;-27,001;-0,782;False;39,691;0
FTSE MIB;Indici;Breakout Donchian 55 + filtro VIX;Long+Short;10;214;49,533;0,019;0,017;149;56,376;0,082;-0,782;1,067;1,813;-0,782;False;6,286;0
EUR/CHF;Valute;Momentum 20g;Long+Short;20;121;45,455;-0,144;-0,784;86;50,0;-0,048;-0,482;0,902;-0,609;-0,784;False;2,545;0
S&P 500;Indici;Momentum 60g + filtro VIX;Solo long;60;35;82,857;2,351;-0,229;25;76,0;2,455;-0,784;2,177;9,104;-0,784;False;11,761;0
EUR/CHF;Valute;EMA 20/50;Solo long;60;25;36,0;-0,421;0,511;20;45,0;-0,886;-0,784;0,404;-2,627;-0,784;False;5,267;0
Gas naturale;Commodities;Momentum 60g;Long+Short;3;771;49,287;-0,114;-0,784;565;50,088;-0,215;-0,703;0,926;-18,036;-0,784;False;9,138;0
FTSE MIB;Indici;ADX>20 + direzione DI;Solo long;20;54;50,0;-0,264;-0,607;41;53,659;0,456;-0,784;1,277;2,771;-0,784;False;9,824;0
Euro Stoxx 50;Indici;Prezzo vs SMA200 + filtro VIX;Solo long;10;152;55,263;-0,061;-0,785;123;53,659;0,23;-0,513;1,234;4,195;-0,785;False;4,997;0
S&P 500;Indici;EMA 50/200 + filtro VIX;Solo long;10;192;65,104;0,315;-0,785;125;63,2;0,451;-0,377;1,6;8,358;-0,785;False;4,107;0
S&P 500;Indici;EMA 10/30;Solo long;40;53;67,925;1,357;-0,785;34;64,706;2,306;0,026;2,822;11,631;-0,785;False;8,213;0
Petrolio WTI;Commodities;Prezzo vs SMA200 + filtro VIX;Solo long;3;399;50,877;-0,035;-0,209;237;53,165;-0,06;-0,786;0,964;-2,106;-0,786;False;6,085;0
EUR/USD;Valute;Breakout Donchian 55 + filtro VIX;Solo short;5;226;49,558;-0,025;-0,786;131;52,672;0,027;0,404;1,073;0,518;-0,786;False;1,866;0
Oro;Commodities;ADX>20 + direzione DI;Solo long;3;255;44,706;-0,023;-0,493;246;50,813;0,046;-0,786;1,061;1,672;-0,786;False;2,817;0
EUR/CHF;Valute;Prezzo vs SMA50;Solo short;5;303;46,535;-0,001;-0,655;222;52,252;0,003;-0,786;1,012;0,094;-0,786;False;1,327;0
S&P 500;Indici;Momentum 60g;Solo long;60;36;80,556;2,221;-0,376;25;76,0;2,406;-0,786;2,066;8,925;-0,786;False;11,533;0
S&P 500;Indici;Prezzo vs SMA20;Solo long;20;106;67,925;0,656;-0,787;75;69,333;0,769;-0,641;1,55;8,554;-0,787;False;6,477;0
DAX;Indici;Breakout Donchian 20;Solo long;40;44;65,909;1,085;-0,456;35;60,0;1,064;-0,788;1,577;5,526;-0,788;False;10,502;0
FTSE MIB;Indici;Prezzo vs SMA100;Solo short;5;231;47,619;-0,113;-0,472;98;37,755;-0,57;-0,788;0,687;-8,288;-0,788;False;5,549;0
USD/JPY;Valute;Prezzo vs SMA50;Long+Short;60;41;60,976;1,157;1,615;28;60,714;-0,002;-0,789;0,999;-0,01;-0,789;False;6,036;0
S&P 500;Indici;ADX>20 + direzione DI;Solo short;20;57;36,842;-1,291;-0,789;41;31,707;-1,489;-0,409;0,497;-9,06;-0,789;False;6,203;0
EUR/CHF;Valute;Breakout Donchian 20;Solo short;20;81;49,383;0,008;-0,79;61;44,262;0,069;-0,54;1,188;0,624;-0,79;False;2,542;0
DAX;Indici;EMA 50/200 + filtro VIX;Solo short;10;52;28,846;-0,768;-0,79;22;40,909;-0,899;-0,614;0,541;-2,934;-0,79;False;6,283;0
DAX;Indici;Prezzo vs SMA200 + filtro VIX;Solo long;40;48;62,5;0,711;-0,79;34;67,647;2,123;0,371;3,167;10,711;-0,79;False;10,33;0
Oro;Commodities;EMA 50/200;Solo long;5;253;50,988;0,028;-0,242;279;55,914;0,167;-0,791;1,194;6,916;-0,791;False;3,862;0
EUR/CHF;Valute;Momentum 120g;Solo short;40;44;61,364;0,595;0,404;35;45,714;0,029;-0,791;1,038;0,149;-0,791;False;2,831;0
S&P 500;Indici;EMA 50/200 + filtro VIX;Solo long;60;36;77,778;2,204;-0,353;23;78,261;2,398;-0,791;2,159;8,181;-0,791;False;11,411;0
Gas naturale;Commodities;EMA 50/200;Solo long;3;299;48,161;-0,317;-0,792;290;54,138;0,325;0,298;1,115;13,975;-0,792;False;10,138;0
USD/JPY;Valute;EMA 10/30;Long+Short;3;801;46,692;-0,026;-0,792;584;49,144;0,001;-0,344;1,003;0,1;-0,792;False;1,778;0
FTSE MIB;Indici;Prezzo vs SMA20;Solo long;10;174;51,724;-0,212;-0,792;139;52,518;0,418;-0,279;1,382;8,623;-0,792;False;6,541;0
Gas naturale;Commodities;Breakout Donchian 20;Solo long;40;40;55,0;-0,366;0,113;33;48,485;0,467;-0,792;1,043;2,284;-0,792;False;31,86;0
Oro;Commodities;Momentum 5g;Long+Short;20;116;49,138;-0,312;-0,793;84;57,143;0,737;0,949;1,497;9,18;-0,793;False;7,646;0
EUR/CHF;Valute;Breakout Donchian 55 + filtro VIX;Solo short;10;145;56,552;0,041;-0,676;90;45,556;0,009;-0,793;1,031;0,122;-0,793;False;1,654;0
FTSE MIB;Indici;Momentum 120g + filtro VIX;Solo long;5;263;51,711;-0,124;-0,793;246;54,878;0,182;-0,284;1,266;6,656;-0,793;False;3,908;0
Petrolio WTI;Commodities;Prezzo vs SMA50;Long+Short;10;232;52,586;0,224;0,558;168;45,833;-0,591;-0,794;0,834;-14,731;-0,794;False;11,567;0
EUR/CHF;Valute;Momentum 20g;Long+Short;60;41;41,463;-0,408;-0,795;28;64,286;0,538;1,399;2,228;2,234;-0,795;False;4,136;0
Euro Stoxx 50;Indici;EMA 50/200 + filtro VIX;Long+Short;20;108;52,778;0,136;0,137;78;60,256;-0,057;-0,795;0,967;-0,656;-0,795;False;7,223;0
Gas naturale;Commodities;Prezzo vs SMA100;Long+Short;20;116;45,69;-0,831;-0,795;84;45,238;0,519;0,174;1,073;6,464;-0,795;False;23,994;0
FTSE MIB;Indici;Momentum 60g;Long+Short;20;117;46,154;-0,43;-0,795;85;56,471;0,534;-0,049;1,332;6,728;-0,795;False;9,895;0
S&P 500;Indici;Momentum 120g;Long+Short;10;232;58,19;0,24;-0,274;168;55,357;0,082;-0,795;1,071;2,041;-0,795;False;4,785;0
DAX;Indici;EMA 10/30;Solo short;1;817;48,47;-0,015;-0,518;540;45,37;-0,048;-0,795;0,89;-3,852;-0,795;False;1,743;0
DAX;Indici;ADX>20 + direzione DI;Solo short;10;78;41,026;-0,628;-0,763;47;31,915;-1,071;-0,795;0,549;-7,467;-0,795;False;6,291;0
Euro Stoxx 50;Indici;Reversione RSI2;Solo long;5;125;57,6;0,334;0,973;92;58,696;-0,122;-0,796;0,902;-1,659;-0,796;False;4,875;0
GBP/USD;Valute;EMA 50/200 + filtro VIX;Long+Short;20;112;44,643;0,025;-0,022;79;51,899;-0,174;-0,796;0,822;-2,033;-0,796;False;3,316;0
Euro Stoxx 50;Indici;Momentum 5g;Long+Short;60;39;43,59;-0,787;-0,797;27;62,963;2,185;0,993;2,15;8,754;-0,797;False;11,597;0
USD/JPY;Valute;Prezzo vs SMA200 + filtro VIX;Long+Short;40;58;48,276;-0,308;-0,666;41;56,098;-0,186;-0,797;0,884;-1,132;-0,797;False;6,205;0
Oro;Commodities;Prezzo vs SMA100;Long+Short;3;771;48,119;-0,044;-0,797;565;52,035;0,044;-0,188;1,061;3,664;-0,797;False;2,684;0
USD/JPY;Valute;Momentum 120g;Solo long;3;418;49,522;0,053;0,588;385;53,766;0,029;-0,797;1,084;1,639;-0,797;False;1,807;0
DAX;Indici;Acquisto su picco VIX;Long+Short;3;102;54,902;0,139;0,232;79;50,633;-0,175;-0,797;0,856;-2,05;-0,797;False;4,843;0
DAX;Indici;Acquisto su picco VIX;Solo long;3;102;54,902;0,139;0,232;79;50,633;-0,175;-0,797;0,856;-2,05;-0,797;False;4,843;0
GBP/USD;Valute;Momentum 120g;Solo long;20;70;44,286;-0,132;0,014;57;52,632;-0,188;-0,797;0,8;-1,589;-0,797;False;3,129;0
Gas naturale;Commodities;Breakout Donchian 20;Solo short;20;81;51,852;-0,643;-0,798;44;50,0;-4,075;-0,668;0,594;-26,588;-0,798;False;30,178;0
FTSE MIB;Indici;Momentum 120g + filtro VIX;Solo long;3;425;50,824;-0,063;-0,453;400;57,5;0,042;-0,798;1,074;2,52;-0,798;False;3,103;0
Oro;Commodities;Breakout Donchian 20;Solo short;40;44;43,182;-1,541;-0,798;23;34,783;-2,523;0,134;0,323;-8,607;-0,798;False;11,779;0
FTSE MIB;Indici;Breakout Donchian 20;Solo short;40;45;40,0;-1,588;-0,798;25;28,0;-2,453;-0,159;0,504;-9,099;-0,798;False;14,577;0
Nasdaq 100;Indici;Prezzo vs SMA20;Solo long;20;104;70,192;1,032;-0,798;71;67,606;1,439;-0,188;1,803;15,162;-0,798;False;7,121;0
DAX;Indici;Prezzo vs SMA200 + filtro VIX;Solo long;3;539;52,505;0,013;-0,798;410;53,415;0,061;-0,544;1,116;3,685;-0,798;False;2,582;0
Argento;Commodities;Breakout Donchian 55 + filtro VIX;Solo long;40;34;35,294;-0,735;-0,799;32;46,875;4,206;0,002;1,986;19,958;-0,799;False;15,685;0
Gas naturale;Commodities;EMA 10/30;Long+Short;5;463;49,892;-0,154;-0,632;339;49,558;-0,447;-0,8;0,885;-22,453;-0,8;False;12,044;0
EUR/CHF;Valute;EMA 50/200 + filtro VIX;Solo short;3;485;47,835;0,007;-0,8;372;52,688;0,013;-0,391;1,072;0,692;-0,8;False;0,968;0
FTSE MIB;Indici;Momentum 60g;Solo short;5;233;46,352;-0,182;-0,8;106;38,679;-0,378;-0,377;0,775;-5,942;-0,8;False;4,95;0
Oro;Commodities;Prezzo vs SMA200;Solo short;3;373;50,402;-0,045;-0,249;146;47,945;-0,286;-0,8;0,668;-6,2;-0,8;False;2,611;0
Gas naturale;Commodities;Prezzo vs SMA50;Solo short;40;51;52,941;-0,956;-0,8;32;53,125;-3,263;0,157;0,72;-15,483;-0,8;False;43,404;0
FTSE MIB;Indici;Reversione RSI2;Solo short;20;73;46,575;-0,666;-0,8;59;49,153;-0,555;0,715;0,749;-4,858;-0,8;False;7,682;0
Gas naturale;Commodities;Breakout Donchian 55 + filtro VIX;Long+Short;3;666;49,55;-0,044;-0,229;464;50,0;-0,276;-0,802;0,903;-19,002;-0,802;False;8,622;0
S&P 500;Indici;Momentum 120g + filtro VIX;Solo short;1;223;42,152;-0,073;-0,669;211;40,758;-0,084;-0,802;0,822;-2,629;-0,802;False;1,335;0
Gas naturale;Commodities;Momentum 60g;Solo short;5;278;48,561;-0,12;-0,803;175;47,429;-0,942;-0,571;0,785;-24,449;-0,803;False;12,478;0
Oro;Commodities;Momentum 10g;Solo short;3;429;48,951;-0,021;0,042;293;46,416;-0,241;-0,803;0,715;-10,461;-0,803;False;2,675;0
DAX;Indici;Momentum 10g;Solo long;60;39;66,667;0,713;-0,803;26;73,077;3,8;0,496;3,766;14,658;-0,803;False;14,908;0
EUR/CHF;Valute;Reversione RSI2;Solo long;40;43;41,86;-0,779;-0,804;34;52,941;-0,15;0,437;0,81;-0,758;-0,804;False;4,344;0
FTSE MIB;Indici;Momentum 20g;Solo short;3;405;46,914;-0,09;-0,804;246;43,496;-0,158;-0,283;0,845;-5,761;-0,804;False;4,016;0
EUR/CHF;Valute;Fine/inizio mese;Long+Short;1;111;38,739;-0,042;-0,806;81;48,148;-0,008;-0,009;0,945;-0,093;-0,806;False;0,811;0
EUR/CHF;Valute;Fine/inizio mese;Solo long;1;111;38,739;-0,042;-0,806;81;48,148;-0,008;-0,009;0,945;-0,093;-0,806;False;0,811;0
FTSE MIB;Indici;EMA 10/30;Solo short;5;235;44,255;-0,189;-0,806;114;37,719;-0,478;-0,685;0,704;-8,082;-0,806;False;5,316;0
Petrolio WTI;Commodities;Momentum 120g + filtro VIX;Solo long;20;67;46,269;-0,497;-0,691;51;47,059;0,403;-0,806;1,098;3,049;-0,806;False;15,826;0
GBP/USD;Valute;Momentum 10g;Solo long;5;303;47,855;-0,082;-0,806;220;52,273;0,031;0,282;1,073;1,006;-0,806;False;1,886;0
Nasdaq 100;Indici;Reversione RSI2 nel trend SMA200;Solo long;20;58;67,241;1,215;-0,194;36;69,444;0,998;-0,806;1,834;5,329;-0,806;False;8,298;0
Nasdaq 100;Indici;Breakout Donchian 55 + filtro VIX;Solo long;60;35;80,0;3,048;-0,807;22;63,636;4,278;-0,419;3,904;13,963;-0,807;False;14,23;0
Argento;Commodities;Reversione RSI2;Solo long;10;100;41,0;-0,265;-0,807;65;47,692;0,783;-0,156;1,413;7,548;-0,807;False;8,102;0
DAX;Indici;Reversione RSI2;Solo long;5;118;53,39;0,024;-0,436;87;54,023;-0,141;-0,807;0,892;-1,822;-0,807;False;4,765;0
Oro;Commodities;Prezzo vs SMA20;Solo short;5;280;46,429;0,022;0,636;179;41,341;-0,45;-0,808;0,636;-11,932;-0,808;False;3,47;0
FTSE MIB;Indici;Prezzo vs SMA200;Long+Short;1;2336;48,801;-0,028;-0,808;1714;49,592;-0,005;-0,104;0,986;-1,334;-0,808;False;1,812;0
DAX;Indici;ADX>25 + direzione DI;Solo short;1;352;48,011;-0,007;-0,208;168;44,643;-0,1;-0,808;0,824;-2,49;-0,808;False;2,027;0
Gas naturale;Commodities;Prezzo vs SMA200;Solo short;60;30;56,667;-2,371;-0,809;20;40,0;-7,344;-0,192;0,515;-21,78;-0,809;False;75,178;0
EUR/CHF;Valute;Momentum 120g + filtro VIX;Solo long;40;30;40,0;-0,12;1,009;22;31,818;-0,641;-0,809;0,392;-2,092;-0,809;False;3,564;0
EUR/CHF;Valute;Momentum 60g;Solo short;5;313;46,326;0,007;-0,585;232;53,448;0,002;-0,809;1,006;0,056;-0,809;False;1,216;0
Gas naturale;Commodities;Reversione RSI2 nel trend SMA200;Solo long;20;27;48,148;-0,362;-0,044;22;50,0;-1,04;-0,809;0,871;-3,393;-0,809;False;22,927;0
DAX;Indici;Momentum 5g;Solo short;3;421;44,656;-0,155;-0,81;311;43,408;-0,13;-0,214;0,842;-6,013;-0,81;False;3,187;0
Bitcoin;Cripto;ADX>20 + direzione DI;Solo short;1;538;43,866;-0,358;-0,811;908;46,806;-0,12;0,212;0,904;-16,162;-0,811;False;5,248;0
Nasdaq 100;Indici;Prezzo vs SMA20;Solo short;40;49;28,571;-3,316;-0,811;34;32,353;-3,954;-0,442;0,349;-19,946;-0,811;False;12,395;0
USD/JPY;Valute;EMA 50/200 + filtro VIX;Solo short;5;188;43,085;-0,078;-0,441;84;44,048;-0,201;-0,811;0,578;-2,501;-0,811;False;2,095;0
Argento;Commodities;Breakout Donchian 55;Solo long;3;390;46,923;-0,119;-0,813;372;49,194;0,046;-0,644;1,034;2,536;-0,813;False;4,543;0
EUR/USD;Valute;Momentum 60g;Solo short;3;462;51,299;-0,0;-0,533;316;46,203;-0,043;-0,813;0,869;-2,038;-0,813;False;1,611;0
Oro;Commodities;Acquisto su picco VIX;Long+Short;10;40;52,5;-0,358;-0,813;34;50,0;0,144;-0,679;1,095;0,728;-0,813;False;6,772;0
Oro;Commodities;Acquisto su picco VIX;Solo long;10;40;52,5;-0,358;-0,813;34;50,0;0,144;-0,679;1,095;0,728;-0,813;False;6,772;0
GBP/USD;Valute;ADX>25 + direzione DI;Long+Short;40;34;44,118;-0,334;-0,813;25;48,0;0,091;0,189;1,084;0,337;-0,813;False;4,493;0
Oro;Commodities;Reversione RSI2 nel trend SMA200;Long+Short;1;204;42,157;-0,037;-0,606;131;51,145;-0,074;-0,814;0,813;-1,435;-0,814;False;1,444;0
Euro Stoxx 50;Indici;Breakout Donchian 55;Solo long;20;75;56,0;0,16;-0,315;61;62,295;0,197;-0,814;1,128;1,782;-0,814;False;6,751;0
Euro Stoxx 50;Indici;Prezzo vs SMA200 + filtro VIX;Solo long;60;30;53,333;0,686;-0,048;23;65,217;1,049;-0,814;1,368;3,579;-0,814;False;14,51;0
Euro Stoxx 50;Indici;EMA 20/50;Solo short;20;57;47,368;-0,8;-0,747;32;34,375;-1,57;-0,814;0,469;-7,454;-0,814;False;9,109;0
Argento;Commodities;EMA 10/30;Solo long;5;212;45,283;-0,197;-0,814;206;50,971;0,122;-0,785;1,072;3,738;-0,814;False;6,077;0
S&P 500;Indici;Breakout Donchian 55;Solo long;5;365;61,644;0,146;-0,814;261;57,854;0,198;-0,501;1,329;7,671;-0,814;False;2,844;0
DAX;Indici;Prezzo vs SMA50;Solo long;60;35;68,571;1,751;-0,242;27;62,963;1,591;-0,814;1,613;6,373;-0,814;False;13,416;0
DAX;Indici;ADX>25 + direzione DI;Long+Short;40;34;47,059;0,118;0,031;22;45,455;-1,189;-0,814;0,661;-3,88;-0,814;False;9,606;0
USD/JPY;Valute;Acquisto su picco VIX;Long+Short;10;43;44,186;-0,151;-0,815;34;64,706;0,196;-0,064;1,21;0,986;-0,815;False;4,202;0
USD/JPY;Valute;Acquisto su picco VIX;Solo long;10;43;44,186;-0,151;-0,815;34;64,706;0,196;-0,064;1,21;0,986;-0,815;False;4,202;0
Ethereum;Cripto;Prezzo vs SMA20;Solo long;20;21;38,095;-3,552;-0,815;100;49,0;3,787;-0,235;1,605;56,158;-0,815;False;30,029;0
Euro Stoxx 50;Indici;Momentum 20g;Solo short;10;133;42,105;-0,386;-0,673;96;37,5;-0,78;-0,815;0,635;-11,115;-0,815;False;5,641;0
Petrolio WTI;Commodities;Breakout Donchian 55;Long+Short;20;116;48,276;-0,046;-0,079;84;50,0;-1,053;-0,815;0,795;-13,118;-0,815;False;16,739;0
Nasdaq 100;Indici;Prezzo vs SMA100;Solo long;40;54;72,222;2,203;-0,763;37;62,162;1,939;-0,816;1,691;10,641;-0,816;False;12,52;0
GBP/USD;Valute;Prezzo vs SMA50;Long+Short;40;61;59,016;0,423;1,231;42;38,095;-0,417;-0,816;0,722;-2,597;-0,816;False;4,73;0
Nasdaq 100;Indici;Reversione RSI2 nel trend SMA200;Solo short;1;26;46,154;0,079;0,547;34;35,294;-0,2;-0,816;0,636;-1,011;-0,816;False;1,641;0
EUR/CHF;Valute;Momentum 5g;Solo short;10;201;52,239;-0,009;-0,816;147;51,02;0,01;-0,755;1,025;0,209;-0,816;False;1,764;0
Oro;Commodities;Prezzo vs SMA20;Solo long;5;283;50,177;0,083;0,192;238;52,941;0,157;-0,817;1,191;5,552;-0,817;False;3,559;0
FTSE MIB;Indici;SMA200 + Momentum20 concordi;Long+Short;1;1547;48,158;-0,035;-0,818;1163;48,753;-0,021;-0,544;0,943;-3,578;-0,818;False;1,835;0
GBP/USD;Valute;Prezzo vs SMA50;Long+Short;60;41;48,78;-0,444;-0,819;28;53,571;-0,026;-0,012;0,983;-0,107;-0,819;False;6,524;0
Argento;Commodities;Prezzo vs SMA50;Long+Short;40;58;41,379;-1,198;-0,819;42;47,619;3,069;0,823;1,633;19,112;-0,819;False;18,025;0
DAX;Indici;Prezzo vs SMA50;Solo long;10;174;57,471;0,162;-0,72;134;57,463;0,189;-0,819;1,168;3,759;-0,819;False;5,089;0
Nasdaq 100;Indici;Prezzo vs SMA200 + filtro VIX;Long+Short;40;56;62,5;1,662;-0,819;38;65,789;3,148;0,832;2,709;17,749;-0,819;False;10,725;0
FTSE MIB;Indici;EMA 50/200 + filtro VIX;Long+Short;1;1952;49,436;-0,026;-0,595;1375;49,455;-0,022;-0,819;0,933;-4,483;-0,819;False;1,635;0
DAX;Indici;Breakout Donchian 20;Solo short;5;210;40,0;-0,164;-0,089;151;39,073;-0,417;-0,819;0,678;-9,337;-0,819;False;4,114;0
GBP/USD;Valute;Prezzo vs SMA200 + filtro VIX;Long+Short;3;688;49,564;-0,015;-0,442;484;46,694;-0,031;-0,82;0,909;-2,205;-0,82;False;1,575;0
Euro Stoxx 50;Indici;Momentum 5g;Solo short;10;172;42,442;-0,375;-0,82;126;40,476;-0,396;-0,06;0,768;-7,409;-0,82;False;5,744;0
FTSE MIB;Indici;Breakout Donchian 55;Solo long;3;478;53,766;-0,008;0,12;429;53,613;0,037;-0,82;1,06;2,347;-0,82;False;3,183;0
Petrolio WTI;Commodities;Breakout Donchian 55;Long+Short;40;58;46,552;-1,143;-0,672;42;42,857;-1,945;-0,82;0,751;-12,113;-0,82;False;22,678;0
DAX;Indici;SMA200 + Momentum20 concordi;Long+Short;5;365;51,507;0,013;-0,38;270;51,852;-0,025;-0,82;0,97;-1,021;-0,82;False;3,897;0
DAX;Indici;Reversione RSI2 nel trend SMA200;Solo long;40;32;56,25;0,389;-0,82;22;68,182;2,268;0,305;2,553;7,403;-0,82;False;10,845;0
Petrolio WTI;Commodities;Momentum 120g;Long+Short;40;58;44,828;-1,421;-0,82;42;42,857;-0,001;-0,055;1,0;-0,005;-0,82;False;22,528;0
Nasdaq 100;Indici;Prezzo vs SMA20;Long+Short;10;232;55,603;0,074;-0,821;168;57,738;0,416;0,464;1,304;10,373;-0,821;False;5,594;0
FTSE MIB;Indici;EMA 20/50;Solo short;1;1047;48,329;-0,0;-0,808;419;41,05;-0,062;-0,821;0,889;-3,88;-0,821;False;2,308;0
S&P 500;Indici;Momentum 60g + filtro VIX;Solo long;40;51;72,549;1,606;-0,47;35;68,571;1,453;-0,821;1,83;7,547;-0,821;False;8,333;0
Petrolio WTI;Commodities;Breakout Donchian 55 + filtro VIX;Solo short;20;50;50,0;-0,284;-0,129;39;48,718;-2,777;-0,822;0,447;-16,06;-0,822;False;17,183;0
Bitcoin;Cripto;Momentum 60g + filtro VIX;Long+Short;1;1424;51,475;0,142;0,639;1973;47,086;-0,015;-0,822;0,985;-4,387;-0,822;False;4,569;0
Gas naturale;Commodities;Prezzo vs SMA200;Long+Short;3;772;47,539;-0,112;-0,801;564;52,837;-0,257;-0,823;0,911;-21,497;-0,823;False;9,287;0
FTSE MIB;Indici;EMA 20/50;Solo short;5;220;48,182;-0,156;-0,574;89;32,584;-0,616;-0,823;0,67;-8,139;-0,823;False;5,565;0
DAX;Indici;Prezzo vs SMA50;Solo long;20;94;57,447;0,321;-0,823;70;51,429;0,538;-0,665;1,351;5,588;-0,823;False;6,375;0
Petrolio WTI;Commodities;ADX>20 + direzione DI;Long+Short;3;521;50,096;-0,128;-0,823;333;49,55;0,207;0,586;1,107;10,22;-0,823;False;6,446;0
FTSE MIB;Indici;Prezzo vs SMA50;Solo long;10;158;51,899;-0,168;-0,7;138;54,348;0,251;-0,823;1,217;5,139;-0,823;False;6,78;0
Petrolio WTI;Commodities;Reversione RSI2;Long+Short;40;53;39,623;-1,467;-0,823;38;52,632;-0,338;-0,045;0,954;-1,905;-0,823;False;25,229;0
DAX;Indici;Reversione RSI2;Solo long;3;138;51,449;-0,103;-0,824;99;62,626;0,311;0,812;1,466;4,564;-0,824;False;3,502;0
Petrolio WTI;Commodities;ADX>20 + direzione DI;Long+Short;40;52;48,077;-0,254;-0,142;34;32,353;-6,354;-0,824;0,504;-32,036;-0,824;False;24,869;0
DAX;Indici;Prezzo vs SMA100;Solo short;3;275;43,273;-0,197;-0,824;178;46,629;-0,178;-0,39;0,827;-4,688;-0,824;False;3,959;0
Euro Stoxx 50;Indici;Breakout Donchian 55 + filtro VIX;Solo short;5;141;39,716;-0,267;-0,825;75;49,333;-0,316;-0,41;0,75;-3,521;-0,825;False;4,068;0
FTSE MIB;Indici;Momentum 60g;Solo short;40;43;44,186;-1,61;-0,825;23;34,783;-2,88;-0,335;0,488;-9,827;-0,825;False;17,01;0
Nasdaq 100;Indici;Breakout Donchian 55 + filtro VIX;Solo long;20;96;63,542;0,991;-0,825;60;75,0;1,538;-0,069;2,456;13,689;-0,825;False;6,562;0
Argento;Commodities;Prezzo vs SMA20;Solo short;10;165;56,364;0,366;1,143;107;43,925;-1,452;-0,825;0,574;-23,037;-0,825;False;9,348;0
Oro;Commodities;Acquisto su picco VIX;Long+Short;3;99;41,414;-0,124;-0,826;78;48,718;-0,095;-0,701;0,914;-1,103;-0,826;False;3,887;0
Oro;Commodities;Acquisto su picco VIX;Solo long;3;99;41,414;-0,124;-0,826;78;48,718;-0,095;-0,701;0,914;-1,103;-0,826;False;3,887;0
DAX;Indici;SMA200 + Momentum20 concordi;Solo short;10;58;39,655;-0,357;-0,033;35;34,286;-1,337;-0,826;0,553;-6,943;-0,826;False;8,129;0
Euro Stoxx 50;Indici;Momentum 120g;Solo short;10;104;40,385;-0,461;-0,826;58;32,759;-0,749;-0,544;0,659;-6,442;-0,826;False;6,529;0
Euro Stoxx 50;Indici;Acquisto su picco VIX;Long+Short;20;29;65,517;0,516;0,169;22;50,0;-0,272;-0,827;0,88;-0,889;-0,827;False;12,348;0
Euro Stoxx 50;Indici;Acquisto su picco VIX;Solo long;20;29;65,517;0,516;0,169;22;50,0;-0,272;-0,827;0,88;-0,889;-0,827;False;12,348;0
USD/JPY;Valute;Reversione RSI2 nel trend SMA200;Long+Short;1;222;55,405;0,037;0,924;146;52,055;-0,043;-0,827;0,842;-0,92;-0,827;False;1,274;0
Gas naturale;Commodities;Prezzo vs SMA50;Long+Short;40;58;50,0;0,521;0,187;42;40,476;-3,468;-0,828;0,727;-21,602;-0,828;False;37,411;0
Euro Stoxx 50;Indici;Momentum 10g;Solo long;20;101;60,396;-0,081;-0,828;75;64,0;0,26;-0,753;1,159;2,889;-0,828;False;8,793;0
Argento;Commodities;EMA 10/30;Solo long;3;339;47,788;-0,068;-0,404;335;48,06;-0,009;-0,828;0,994;-0,448;-0,828;False;4,697;0
GBP/USD;Valute;EMA 50/200 + filtro VIX;Solo short;5;255;47,059;-0,016;-0,58;92;47,826;-0,128;-0,828;0,777;-1,745;-0,828;False;1,988;0
Oro;Commodities;Reversione RSI2;Solo long;10;101;47,525;0,005;-0,472;60;51,667;0,255;-0,828;1,231;2,265;-0,828;False;4,936;0
Petrolio WTI;Commodities;EMA 10/30;Long+Short;40;58;46,552;-1,412;-0,828;42;45,238;-1,951;-0,766;0,75;-12,154;-0,828;False;23,826;0
Gas naturale;Commodities;ADX>20 + direzione DI;Solo long;1;620;45,484;-0,201;-0,83;610;47,869;0,01;0,454;1,007;0,92;-0,83;False;5,461;0
Nasdaq 100;Indici;Momentum 120g;Solo long;60;37;81,081;3,108;-0,83;25;76,0;4,777;-0,111;3,298;17,718;-0,83;False;14,859;0
EUR/CHF;Valute;Momentum 60g;Solo long;40;39;48,718;-0,32;0,36;25;48,0;-0,576;-0,831;0,403;-2,136;-0,831;False;3,678;0
GBP/USD;Valute;ADX>20 + direzione DI;Long+Short;60;35;54,286;0,395;0,62;25;44,0;-0,545;-0,831;0,658;-2,022;-0,831;False;6,303;0
EUR/CHF;Valute;Momentum 60g;Long+Short;3;801;44,944;-0,015;-0,607;583;49,228;-0,014;-0,831;0,93;-1,206;-0,831;False;1,03;0
Euro Stoxx 50;Indici;SMA200 + Momentum20 concordi;Long+Short;40;56;46,429;-0,406;-0,831;39;46,154;0,531;-0,258;1,294;3,07;-0,831;False;12,939;0
DAX;Indici;Breakout Donchian 20;Long+Short;3;777;49,678;-0,043;-0,725;572;45,455;-0,05;-0,832;0,929;-4,217;-0,832;False;2,846;0
Nasdaq 100;Indici;Momentum 20g;Solo long;3;557;60,323;0,116;-0,832;395;57,722;0,19;-0,172;1,287;11,135;-0,832;False;2,666;0
EUR/CHF;Valute;Momentum 60g + filtro VIX;Solo short;10;147;51,02;0,021;-0,832;101;50,495;0,02;-0,623;1,06;0,3;-0,832;False;1,699;0
GBP/USD;Valute;Momentum 120g + filtro VIX;Long+Short;10;216;50,0;0,077;0,673;152;47,368;-0,097;-0,832;0,844;-2,181;-0,832;False;2,558;0
Petrolio WTI;Commodities;Reversione RSI2;Solo short;20;75;45,333;-0,826;-0,833;58;48,276;-1,19;0,239;0,779;-10,238;-0,833;False;14,791;0
Argento;Commodities;EMA 20/50;Solo long;10;108;43,519;-0,375;-0,833;108;52,778;0,32;-0,775;1,12;5,127;-0,833;False;9,382;0
DAX;Indici;Prezzo vs SMA200 + filtro VIX;Long+Short;3;672;49,851;-0,004;-0,653;470;49,149;0,015;-0,833;1,026;1,027;-0,833;False;2,74;0
Euro Stoxx 50;Indici;Momentum 10g;Solo short;3;399;48,12;-0,086;-0,448;294;41,837;-0,215;-0,833;0,765;-9,383;-0,833;False;3,228;0
GBP/USD;Valute;Breakout Donchian 55 + filtro VIX;Long+Short;40;58;44,828;-0,299;-0,834;41;41,463;0,204;0,401;1,183;1,241;-0,834;False;4,616;0
S&P 500;Indici;EMA 20/50;Solo long;40;53;69,811;1,465;-0,66;36;66,667;1,289;-0,834;1,617;6,887;-0,834;False;8,986;0
GBP/USD;Valute;Fine/inizio mese;Long+Short;10;111;46,847;-0,184;-0,835;80;51,25;-0,005;-0,168;0,991;-0,063;-0,835;False;2,82;0
GBP/USD;Valute;Fine/inizio mese;Solo long;10;111;46,847;-0,184;-0,835;80;51,25;-0,005;-0,168;0,991;-0,063;-0,835;False;2,82;0
DAX;Indici;Momentum 120g;Long+Short;3;777;51,995;-0,011;-0,549;572;50,0;-0,02;-0,835;0,97;-1,726;-0,835;False;3,015;0
FTSE MIB;Indici;ADX>20 + direzione DI;Solo short;60;31;35,484;-2,055;-0,835;20;35,0;-4,398;-0,427;0,263;-13,048;-0,835;False;17,575;0
Bitcoin;Cripto;Momentum 5g;Long+Short;3;578;48,962;0,303;0,815;820;48,659;-0,116;-0,835;0,941;-14,099;-0,835;False;8,83;0
Argento;Commodities;Prezzo vs SMA200;Solo long;20;58;39,655;-0,637;-0,835;65;53,846;1,585;-0,262;1,5;15,275;-0,835;False;12,284;0
Gas naturale;Commodities;Breakout Donchian 20;Solo long;1;1026;45,029;-0,169;-0,836;977;48,209;-0,079;-0,114;0,949;-11,432;-0,836;False;5,193;0
USD/JPY;Valute;Prezzo vs SMA200;Solo long;5;274;49,27;0,079;0,513;236;58,051;0,045;-0,837;1,1;1,583;-0,837;False;2,174;0
S&P 500;Indici;Prezzo vs SMA50;Solo long;40;54;68,519;1,327;-0,837;35;74,286;2,27;-0,012;2,861;11,787;-0,837;False;8,537;0
Argento;Commodities;Prezzo vs SMA50;Solo long;10;127;46,457;-0,32;-0,838;112;55,357;0,657;-0,345;1,25;10,912;-0,838;False;8,776;0
DAX;Indici;Momentum 60g + filtro VIX;Solo long;40;49;63,265;1,352;-0,244;36;66,667;0,955;-0,838;1,507;5,099;-0,838;False;10,735;0
DAX;Indici;Momentum 20g;Long+Short;60;39;46,154;-0,862;-0,838;28;53,571;-0,495;-0,471;0,847;-2,054;-0,838;False;17,898;0
S&P 500;Indici;Prezzo vs SMA100;Solo long;60;36;80,556;2,236;-0,34;25;72,0;2,41;-0,839;2,115;8,938;-0,839;False;10,582;0
USD/JPY;Valute;Prezzo vs SMA50;Solo long;20;90;46,667;-0,078;-0,839;71;57,746;0,426;-0,068;1,525;4,481;-0,839;False;4,319;0
Nasdaq 100;Indici;Momentum 60g;Solo long;40;53;66,038;2,117;-0,84;35;62,857;2,563;-0,489;2,425;13,306;-0,84;False;10,312;0
Gas naturale;Commodities;Breakout Donchian 55 + filtro VIX;Solo long;3;356;49,157;-0,015;0,405;230;49,13;-0,186;-0,84;0,927;-6,346;-0,84;False;7,858;0
Argento;Commodities;Prezzo vs SMA50;Solo long;3;353;46,176;-0,144;-0,84;338;52,367;0,107;-0,332;1,078;5,365;-0,84;False;4,544;0
Petrolio WTI;Commodities;Breakout Donchian 20;Long+Short;40;58;48,276;-1,41;-0,84;42;45,238;-1,866;-0,626;0,76;-11,621;-0,84;False;22,678;0
Argento;Commodities;Momentum 60g;Solo long;5;234;49,145;-0,046;-0,278;218;55,046;0,071;-0,841;1,039;2,286;-0,841;False;5,851;0
EUR/USD;Valute;Momentum 120g;Long+Short;10;241;54,772;0,06;0,478;174;47,701;-0,09;-0,841;0,847;-2,333;-0,841;False;2,588;0
Euro Stoxx 50;Indici;Breakout Donchian 55 + filtro VIX;Long+Short;10;208;49,519;-0,145;-0,841;148;52,703;0,003;-0,609;1,003;0,065;-0,841;False;5,343;0
Argento;Commodities;Momentum 60g;Long+Short;10;232;45,69;-0,253;-0,713;168;44,048;-0,295;-0,841;0,895;-7,337;-0,841;False;9,102;0
Oro;Commodities;Momentum 5g;Solo long;10;188;48,404;0,073;-0,328;145;53,103;0,35;-0,841;1,268;7,526;-0,841;False;4,841;0
Argento;Commodities;Reversione RSI2;Long+Short;60;37;62,162;4,555;1,955;26;46,154;-6,896;-0,842;0,401;-26,589;-0,842;False;23,219;0
Oro;Commodities;EMA 10/30;Long+Short;60;39;41,026;-1,073;-0,842;27;66,667;3,841;1,601;2,822;15,378;-0,842;False;12,548;0
DAX;Indici;EMA 50/200;Solo long;60;32;53,125;0,804;-0,775;24;66,667;1,624;-0,842;1,686;5,782;-0,842;False;14,123;0
Ethereum;Cripto;Momentum 20g;Solo long;5;55;40,0;-1,036;-0,843;307;52,769;1,384;0,613;1,487;63,008;-0,843;False;13,35;0
Gas naturale;Commodities;Acquisto su picco VIX;Long+Short;20;29;37,931;-1,913;-0,843;22;54,545;3,562;0,347;1,53;11,621;-0,843;False;24,086;0
Gas naturale;Commodities;Acquisto su picco VIX;Solo long;20;29;37,931;-1,913;-0,843;22;54,545;3,562;0,347;1,53;11,621;-0,843;False;24,086;0
EUR/USD;Valute;Momentum 5g;Solo short;5;328;50,305;-0,013;-0,843;243;50,617;-0,05;-0,613;0,875;-1,788;-0,843;False;1,981;0
Argento;Commodities;EMA 50/200;Solo short;5;318;52,201;0,029;0,319;94;42,553;-0,791;-0,845;0,626;-11,028;-0,845;False;5,872;0
EUR/USD;Valute;Momentum 60g;Long+Short;5;481;50,728;0,019;0,291;350;49,143;-0,048;-0,845;0,884;-2,502;-0,845;False;1,87;0
GBP/USD;Valute;Momentum 5g;Solo long;10;191;46,597;-0,109;-0,368;143;52,448;-0,109;-0,845;0,844;-2,301;-0,845;False;2,698;0
EUR/USD;Valute;Momentum 5g;Solo long;3;460;45,652;-0,059;-0,816;359;47,354;-0,029;-0,846;0,908;-1,567;-0,846;False;1,524;0
Petrolio WTI;Commodities;ADX>20 + direzione DI;Long+Short;10;170;50,0;-0,439;-0,846;112;53,571;0,368;0,358;1,106;6,113;-0,846;False;12,18;0
DAX;Indici;Prezzo vs SMA100;Solo short;1;757;47,952;-0,031;-0,847;492;45,935;-0,055;-0,827;0,885;-4,005;-0,847;False;1,898;0
Nasdaq 100;Indici;Momentum 120g;Long+Short;60;39;69,231;1,629;-0,847;27;70,37;3,376;-0,094;2,491;13,523;-0,847;False;16,283;0
Argento;Commodities;Prezzo vs SMA100;Long+Short;40;58;37,931;-1,239;-0,848;42;59,524;4,348;1,037;2,035;27,08;-0,848;False;18,393;0
Euro Stoxx 50;Indici;Breakout Donchian 55;Solo long;60;28;46,429;0,416;-0,261;23;65,217;1,149;-0,848;1,428;3,919;-0,848;False;14,881;0
Gas naturale;Commodities;Prezzo vs SMA20;Solo long;3;415;46,506;-0,293;-0,848;336;50,298;0,2;0,048;1,074;9,942;-0,848;False;9,045;0
S&P 500;Indici;Breakout Donchian 55;Solo long;20;94;67,021;0,768;-0,47;66;69,697;0,697;-0,848;1,569;6,826;-0,848;False;5,666;0
USD/JPY;Valute;Prezzo vs SMA200;Long+Short;40;61;55,738;0,137;0,263;42;59,524;-0,267;-0,848;0,828;-1,663;-0,848;False;6,185;0
EUR/CHF;Valute;EMA 10/30;Solo long;20;72;37,5;-0,108;0,635;54;38,889;-0,293;-0,849;0,55;-2,348;-0,849;False;2,492;0
Oro;Commodities;Prezzo vs SMA20;Solo long;20;94;46,809;-0,055;-0,849;72;58,333;0,988;-0,598;1,745;10,547;-0,849;False;6,97;0
Bitcoin;Cripto;Reversione RSI2;Solo short;10;89;42,697;-3,513;-0,849;121;51,24;-1,137;0,345;0,754;-20,397;-0,849;False;24,977;0
Nasdaq 100;Indici;EMA 10/30;Solo short;40;32;18,75;-3,467;-0,849;23;30,435;-3,775;-0,285;0,367;-12,881;-0,849;False;13,195;0
Euro Stoxx 50;Indici;Fine/inizio mese;Long+Short;60;37;51,351;-0,358;-0,849;26;61,538;2,917;0,214;2,904;11,251;-0,849;False;13,812;0
Euro Stoxx 50;Indici;Fine/inizio mese;Solo long;60;37;51,351;-0,358;-0,849;26;61,538;2,917;0,214;2,904;11,251;-0,849;False;13,812;0
DAX;Indici;ADX>25 + direzione DI;Long+Short;5;156;47,436;-0,187;-0,85;101;46,535;-0,075;-0,398;0,925;-1,125;-0,85;False;4,207;0
S&P 500;Indici;Momentum 60g + filtro VIX;Solo long;20;99;65,657;0,76;-0,453;68;67,647;0,719;-0,85;1,597;7,258;-0,85;False;5,706;0
EUR/CHF;Valute;EMA 50/200;Solo long;10;73;42,466;0,025;1,04;38;42,105;-0,217;-0,851;0,523;-1,221;-0,851;False;1,698;0
Petrolio WTI;Commodities;Reversione RSI2;Long+Short;10;170;45,294;-0,024;-0,04;127;48,031;-0,806;-0,852;0,769;-15,171;-0,852;False;11,614;0
S&P 500;Indici;Breakout Donchian 55 + filtro VIX;Solo long;60;35;80,0;1,789;-0,853;22;81,818;3,518;-0,111;4,054;11,481;-0,853;False;9,04;0
Argento;Commodities;EMA 10/30;Solo short;5;286;49,301;0,12;0,694;157;40,764;-0,725;-0,853;0,669;-16,875;-0,853;False;5,307;0
Oro;Commodities;Momentum 10g;Long+Short;5;463;46,868;-0,082;-0,853;338;52,663;0,13;0,635;1,142;6,51;-0,853;False;3,346;0
Euro Stoxx 50;Indici;Prezzo vs SMA200;Solo long;3;490;55,918;-0,023;-0,803;426;53,756;0,038;-0,853;1,072;2,386;-0,853;False;2,591;0
FTSE MIB;Indici;Prezzo vs SMA20;Solo long;3;464;51,078;-0,1;-0,854;392;53,061;0,073;-0,39;1,126;4,268;-0,854;False;3,018;0
S&P 500;Indici;Breakout Donchian 55 + filtro VIX;Solo long;10;178;63,483;0,304;-0,854;124;63,71;0,512;-0,122;1,674;9,41;-0,854;False;3,957;0
FTSE MIB;Indici;EMA 20/50;Solo short;20;66;40,909;-0,828;-0,851;27;25,926;-2,533;-0,854;0,459;-10,146;-0,854;False;10,925;0
Euro Stoxx 50;Indici;Acquisto su picco VIX;Long+Short;3;101;57,426;0,134;0,356;78;46,154;-0,234;-0,854;0,822;-2,708;-0,854;False;5,319;0
Euro Stoxx 50;Indici;Acquisto su picco VIX;Solo long;3;101;57,426;0,134;0,356;78;46,154;-0,234;-0,854;0,822;-2,708;-0,854;False;5,319;0
Gas naturale;Commodities;Breakout Donchian 20;Solo long;3;353;47,309;-0,208;-0,4;332;46,988;-0,171;-0,854;0,939;-8,402;-0,854;False;9,117;0
EUR/CHF;Valute;Momentum 120g + filtro VIX;Solo short;5;278;48,921;0,004;-0,855;194;57,732;0,014;-0,512;1,058;0,401;-0,855;False;1,254;0
Petrolio WTI;Commodities;Reversione RSI2 nel trend SMA200;Solo short;1;102;38,235;-0,11;-0,539;110;50,909;-0,26;-0,855;0,762;-4,249;-0,855;False;3,64;0
Argento;Commodities;ADX>20 + direzione DI;Long+Short;60;34;44,118;-2,201;-0,855;26;30,769;0,916;0,122;1,139;3,533;-0,855;False;24,341;0
USD/JPY;Valute;SMA200 + Momentum20 concordi;Solo long;5;207;50,242;0,052;0,15;184;58,152;0,036;-0,855;1,082;0,97;-0,855;False;2,145;0
Oro;Commodities;ADX>20 + direzione DI;Long+Short;10;161;46,584;-0,158;-0,65;126;51,587;-0,123;-0,855;0,913;-2,306;-0,855;False;5,246;0
FTSE MIB;Indici;EMA 50/200;Long+Short;5;468;51,068;-0,006;-0,04;342;53,801;-0,009;-0,856;0,991;-0,446;-0,856;False;4,776;0
Euro Stoxx 50;Indici;EMA 50/200;Solo long;40;38;63,158;0,588;-0,072;34;64,706;0,443;-0,857;1,2;2,236;-0,857;False;11,57;0
DAX;Indici;Reversione RSI2;Solo short;3;209;40,67;-0,161;-0,857;150;46,0;-0,152;-0,381;0,783;-3,388;-0,857;False;2,38;0
Gas naturale;Commodities;Prezzo vs SMA100;Solo long;1;1017;45,919;-0,172;-0,857;846;49,291;-0,059;0,038;0,962;-7,349;-0,857;False;4,893;0
Gas naturale;Commodities;Reversione RSI2 nel trend SMA200;Long+Short;20;66;50,0;-0,427;-0,369;40;45,0;-1,893;-0,857;0,747;-11,231;-0,857;False;20,703;0
FTSE MIB;Indici;Momentum 60g;Solo short;1;1020;48,333;-0,003;-0,857;438;41,324;-0,041;-0,573;0,926;-2,665;-0,857;False;2,257;0
USD/JPY;Valute;Momentum 120g;Solo long;5;259;54,054;0,083;0,552;234;60,684;0,035;-0,857;1,071;1,225;-0,857;False;2,19;0
DAX;Indici;Prezzo vs SMA200;Solo short;10;77;37,662;-0,398;-0,12;46;39,13;-1,197;-0,857;0,562;-8,167;-0,857;False;7,576;0
Euro Stoxx 50;Indici;EMA 50/200 + filtro VIX;Solo long;10;135;49,63;-0,082;-0,857;120;56,667;0,239;-0,528;1,264;4,246;-0,857;False;4,815;0
Gas naturale;Commodities;Momentum 120g + filtro VIX;Long+Short;60;39;48,718;-2,084;-0,858;26;46,154;-1,876;-0,517;0,87;-7,231;-0,858;False;37,414;0
USD/JPY;Valute;Prezzo vs SMA50;Long+Short;5;481;47,193;-0,048;-0,858;350;49,429;-0,026;-0,748;0,949;-1,343;-0,858;False;2,195;0
Euro Stoxx 50;Indici;EMA 50/200 + filtro VIX;Long+Short;5;406;50,0;-0,082;-0,858;284;53,873;0,068;-0,35;1,09;2,845;-0,858;False;3,619;0
DAX;Indici;Prezzo vs SMA100;Solo long;5;333;51,952;0,043;-0,859;257;55,253;0,093;-0,746;1,128;3,562;-0,859;False;3,493;0
FTSE MIB;Indici;Breakout Donchian 55 + filtro VIX;Long+Short;3;674;49,852;-0,084;-0,86;470;54,681;0,061;-0,1;1,097;4,275;-0,86;False;3,33;0
FTSE MIB;Indici;EMA 10/30;Solo long;5;274;50,365;-0,127;-0,86;250;54,0;0,107;-0,828;1,146;3,978;-0,86;False;4,252;0
Gas naturale;Commodities;Fine/inizio mese;Long+Short;1;111;44,144;-0,319;-0,86;81;49,383;-0,154;-0,2;0,898;-1,854;-0,86;False;5,003;0
Gas naturale;Commodities;Fine/inizio mese;Solo long;1;111;44,144;-0,319;-0,86;81;49,383;-0,154;-0,2;0,898;-1,854;-0,86;False;5,003;0
EUR/USD;Valute;Breakout Donchian 55;Solo short;3;432;50,694;-0,015;-0,86;280;51,071;-0,033;-0,522;0,904;-1,39;-0,86;False;1,675;0
GBP/USD;Valute;Breakout Donchian 55;Long+Short;20;121;52,066;-0,051;-0,368;86;47,674;-0,238;-0,86;0,777;-3,041;-0,86;False;3,799;0
Argento;Commodities;SMA200 + Momentum20 concordi;Solo long;20;50;36,0;-0,733;-0,861;54;51,852;1,48;-0,285;1,446;11,853;-0,861;False;12,908;0
EUR/USD;Valute;Momentum 10g;Solo long;40;55;47,273;-0,641;-0,861;40;42,5;-0,051;-0,474;0,955;-0,305;-0,861;False;5,577;0
Petrolio WTI;Commodities;Prezzo vs SMA100;Long+Short;5;463;52,268;0,013;0,064;338;47,929;-0,296;-0,862;0,882;-14,815;-0,862;False;8,907;0
EUR/USD;Valute;Prezzo vs SMA200 + filtro VIX;Solo short;5;243;48,971;-0,025;-0,863;134;54,478;0,044;0,623;1,128;0,874;-0,863;False;1,853;0
USD/JPY;Valute;Prezzo vs SMA20;Long+Short;3;801;46,567;-0,028;-0,863;584;48,63;0,014;0,05;1,039;1,244;-0,863;False;1,738;0
Petrolio WTI;Commodities;Momentum 120g + filtro VIX;Solo short;3;293;47,099;-0,156;-0,838;233;44,206;-0,351;-0,863;0,759;-12,118;-0,863;False;5,561;0
Petrolio WTI;Commodities;Fine/inizio mese;Long+Short;5;111;43,243;-0,39;-0,863;80;50,0;1,071;0,708;1,409;12,704;-0,863;False;10,021;0
Petrolio WTI;Commodities;Fine/inizio mese;Solo long;5;111;43,243;-0,39;-0,863;80;50,0;1,071;0,708;1,409;12,704;-0,863;False;10,021;0
Nasdaq 100;Indici;Breakout Donchian 55 + filtro VIX;Long+Short;40;56;60,714;1,207;-0,776;38;55,263;0,178;-0,863;1,053;1,002;-0,863;False;12,371;0
S&P 500;Indici;Momentum 10g;Solo short;10;132;36,364;-0,646;-0,864;91;36,264;-0,53;0,021;0,701;-7,152;-0,864;False;4,915;0
Oro;Commodities;EMA 10/30;Long+Short;3;771;47,471;-0,05;-0,864;565;51,327;0,049;0,096;1,068;4,087;-0,864;False;2,667;0
Petrolio WTI;Commodities;Breakout Donchian 55;Long+Short;60;39;46,154;-2,407;-0,864;27;40,741;-1,888;-0,546;0,789;-7,561;-0,864;False;27,986;0
Euro Stoxx 50;Indici;Momentum 120g;Long+Short;40;58;51,724;-0,585;-0,865;41;58,537;0,002;-0,682;1,001;0,014;-0,865;False;13,434;0
Gas naturale;Commodities;Momentum 10g;Long+Short;1;2309;48,939;-0,041;-0,865;1694;48,583;0,027;0,317;1,019;6,849;-0,865;False;4,886;0
USD/JPY;Valute;Momentum 20g;Long+Short;5;481;48,649;-0,047;-0,866;350;49,714;0,009;-0,135;1,019;0,471;-0,866;False;2,183;0
FTSE MIB;Indici;ADX>25 + direzione DI;Long+Short;3;285;47,719;-0,088;-0,609;159;47,799;-0,196;-0,866;0,799;-4,629;-0,866;False;3,69;0
Petrolio WTI;Commodities;Momentum 20g;Solo short;1;1090;47,89;-0,035;-0,866;801;49,688;0,07;0,702;1,067;8,342;-0,866;False;3,757;0
Gas naturale;Commodities;Momentum 120g;Solo short;1;1278;50,156;0,044;-0,866;756;51,323;0,165;0,8;1,126;18,496;-0,866;False;4,676;0
USD/JPY;Valute;Breakout Donchian 20;Solo short;1;1015;45,911;-0,023;-0,866;570;44,561;-0,033;-0,376;0,87;-2,822;-0,866;False;1,173;0
Oro;Commodities;EMA 10/30;Solo long;20;78;48,718;-0,098;-0,866;65;61,538;1,217;-0,134;1,864;11,727;-0,866;False;7,639;0
Argento;Commodities;EMA 20/50;Solo long;20;61;42,623;-0,592;-0,867;59;47,458;1,024;-0,651;1,304;8,958;-0,867;False;13,442;0
Petrolio WTI;Commodities;SMA200 + Momentum20 concordi;Long+Short;40;55;41,818;-1,436;-0,868;39;43,59;-0,531;0,03;0,922;-3,072;-0,868;False;21,98;0
Oro;Commodities;Momentum 60g;Long+Short;40;58;39,655;-0,615;-0,868;42;59,524;1,603;1,106;1,871;9,987;-0,868;False;10,941;0
S&P 500;Indici;Momentum 60g;Solo long;40;52;71,154;1,568;-0,554;36;66,667;1,381;-0,868;1,736;7,374;-0,868;False;8,641;0
Argento;Commodities;Prezzo vs SMA20;Long+Short;5;463;48,596;0,388;2,293;338;48,225;-0,224;-0,868;0,89;-11,216;-0,868;False;5,923;0
USD/JPY;Valute;Momentum 120g + filtro VIX;Solo short;20;65;49,231;-0,117;0,176;32;43,75;-0,827;-0,868;0,436;-3,924;-0,868;False;4,239;0
FTSE MIB;Indici;EMA 50/200;Solo long;3;459;53,595;-0,03;-0,131;451;52,993;0,025;-0,868;1,037;1,642;-0,868;False;3,169;0
S&P 500;Indici;Breakout Donchian 55;Long+Short;20;116;56,897;0,19;-0,868;84;61,905;0,342;-0,485;1,199;4,265;-0,868;False;7,427;0
Bitcoin;Cripto;Prezzo vs SMA100;Long+Short;1;1732;50,058;0,08;0,429;2462;46,913;-0,033;-0,87;0,969;-12,006;-0,87;False;4,871;0
USD/JPY;Valute;Momentum 60g + filtro VIX;Long+Short;1;2002;47,153;-0,003;-0,255;1407;50,888;-0,004;-0,87;0,979;-0,866;-0,87;False;1,111;0
Oro;Commodities;Prezzo vs SMA200;Long+Short;5;463;49,46;-0,043;-0,493;338;53,846;0,029;-0,87;1,032;1,461;-0,87;False;3,719;0
DAX;Indici;Prezzo vs SMA20;Solo long;20;100;61,0;0,535;-0,418;77;57,143;0,262;-0,87;1,144;2,993;-0,87;False;7,849;0
Petrolio WTI;Commodities;EMA 50/200;Long+Short;5;463;48,164;-0,171;-0,87;338;48,521;-0,138;-0,293;0,943;-6,911;-0,87;False;8,864;0
EUR/CHF;Valute;Prezzo vs SMA50;Solo long;40;46;34,783;-0,541;-0,262;32;46,875;-0,581;-0,871;0,419;-2,758;-0,871;False;4,153;0
EUR/USD;Valute;Momentum 120g + filtro VIX;Solo long;60;25;56,0;-0,467;-0,034;21;52,381;-0,284;-0,871;0,745;-0,885;-0,871;False;6,678;0
Petrolio WTI;Commodities;Momentum 60g + filtro VIX;Solo long;10;135;51,852;0,246;0,461;88;55,682;0,159;-0,872;1,071;2,077;-0,872;False;10,1;0
DAX;Indici;ADX>25 + direzione DI;Solo short;3;129;39,535;-0,198;-0,571;65;36,923;-0,469;-0,872;0,663;-4,522;-0,872;False;4,198;0
Petrolio WTI;Commodities;Reversione RSI2;Solo long;10;98;45,918;-0,466;-0,743;72;55,556;-0,13;-0,873;0,958;-1,386;-0,873;False;12,845;0
Gas naturale;Commodities;Momentum 20g;Solo short;10;157;47,771;-0,413;-0,873;104;50,962;-0,806;0,068;0,861;-12,438;-0,873;False;17,874;0
Euro Stoxx 50;Indici;Prezzo vs SMA100;Solo long;40;48;52,083;0,21;-0,526;36;63,889;0,42;-0,873;1,18;2,243;-0,873;False;10,752;0
Bitcoin;Cripto;Reversione RSI2;Long+Short;5;206;50,485;-0,801;-0,873;287;52,265;-0,184;-0,309;0,935;-7,812;-0,873;False;16,062;0
EUR/CHF;Valute;Reversione RSI2;Long+Short;1;553;47,92;0,012;0,444;411;50,365;-0,016;-0,874;0,889;-0,959;-0,874;False;0,814;0
FTSE MIB;Indici;Acquisto su picco VIX;Long+Short;1;239;51,883;0,043;0,706;201;54,229;-0,135;-0,874;0,81;-4,036;-0,874;False;2,955;0
FTSE MIB;Indici;Acquisto su picco VIX;Solo long;1;239;51,883;0,043;0,706;201;54,229;-0,135;-0,874;0,81;-4,036;-0,874;False;2,955;0
DAX;Indici;Prezzo vs SMA50;Solo long;40;52;55,769;0,734;-0,874;39;61,538;1,357;-0,546;1,879;7,849;-0,874;False;10,228;0
FTSE MIB;Indici;Breakout Donchian 20;Solo short;3;389;45,758;-0,104;-0,874;209;43,541;-0,267;-0,77;0,758;-8,281;-0,874;False;3,878;0
Petrolio WTI;Commodities;Prezzo vs SMA200 + filtro VIX;Long+Short;60;39;46,154;-2,212;-0,678;26;53,846;-3,892;-0,875;0,608;-15,008;-0,875;False;31,829;0
Euro Stoxx 50;Indici;Prezzo vs SMA200 + filtro VIX;Solo long;3;467;55,889;-0,027;-0,875;383;52,742;0,085;-0,204;1,173;4,828;-0,875;False;2,559;0
Bitcoin;Cripto;Momentum 60g;Solo long;1;1072;54,011;0,272;0,505;1387;48,089;0,077;-0,875;1,079;15,924;-0,875;False;4,96;0
Argento;Commodities;Momentum 60g;Solo long;20;70;40,0;-0,552;-0,875;64;51,562;0,976;-0,646;1,266;9,261;-0,875;False;11,969;0
DAX;Indici;Momentum 60g;Long+Short;10;234;53,419;0,121;0,076;170;47,647;-0,055;-0,875;0,956;-1,392;-0,875;False;6,055;0
Oro;Commodities;Momentum 5g;Long+Short;3;771;48,898;-0,007;-0,138;564;48,404;-0,051;-0,876;0,933;-4,24;-0,876;False;2,611;0
GBP/USD;Valute;EMA 50/200 + filtro VIX;Solo short;3;412;47,816;-0,026;-0,876;150;41,333;-0,05;-0,504;0,884;-1,104;-0,876;False;1,772;0
USD/JPY;Valute;SMA200 + Momentum20 concordi;Solo short;5;167;45,509;-0,113;-0,766;98;38,776;-0,233;-0,877;0,63;-3,39;-0,877;False;2,354;0
Ethereum;Cripto;Reversione RSI2 nel trend SMA200;Solo short;1;35;60,0;-0,305;-0,348;122;47,541;-0,464;-0,877;0,664;-8,402;-0,877;False;5,785;0
Oro;Commodities;ADX>20 + direzione DI;Long+Short;20;88;50,0;-0,155;-0,35;68;50,0;-0,176;-0,877;0,906;-1,772;-0,877;False;7,432;0
FTSE MIB;Indici;Momentum 60g;Solo long;5;286;51,748;-0,038;-0,235;274;51,825;0,096;-0,877;1,12;3,897;-0,877;False;4,182;0
EUR/CHF;Valute;EMA 50/200;Solo short;5;342;49,123;0,039;-0,179;280;52,857;0,001;-0,878;1,004;0,042;-0,878;False;1,412;0
S&P 500;Indici;Momentum 10g;Solo long;20;105;64,762;0,603;-0,878;74;66,216;1,021;-0,179;1,801;11,204;-0,878;False;6,187;0
GBP/USD;Valute;EMA 50/200 + filtro VIX;Long+Short;3;688;48,11;-0,024;-0,773;484;46,901;-0,033;-0,878;0,903;-2,346;-0,878;False;1,575;0
DAX;Indici;Momentum 120g;Solo short;10;82;41,463;-0,361;-0,052;56;30,357;-1,08;-0,878;0,557;-8,973;-0,878;False;6,547;0
Nasdaq 100;Indici;Prezzo vs SMA50;Solo short;40;35;25,714;-3,549;-0,879;24;41,667;-3,283;-0,046;0,383;-11,688;-0,879;False;13,691;0
USD/JPY;Valute;Prezzo vs SMA50;Solo short;3;428;47,43;-0,064;-0,879;251;39,044;-0,11;-0,578;0,765;-4,083;-0,879;False;1,738;0
S&P 500;Indici;Momentum 5g;Long+Short;10;232;56,034;0,061;-0,198;168;54,167;-0,106;-0,879;0,916;-2,641;-0,879;False;4,567;0
Euro Stoxx 50;Indici;EMA 50/200 + filtro VIX;Solo long;60;26;53,846;-0,83;-0,879;22;68,182;2,49;-0,106;3,034;8,126;-0,879;False;13,394;0
Euro Stoxx 50;Indici;EMA 20/50;Long+Short;40;58;58,621;0,4;0,316;41;51,22;-0,279;-0,88;0,894;-1,698;-0,88;False;13,394;0
Bitcoin;Cripto;Prezzo vs SMA200;Solo short;1;612;44,771;-0,17;0,31;1028;45,914;-0,239;-0,88;0,804;-36,388;-0,88;False;4,683;0
Argento;Commodities;EMA 50/200;Long+Short;60;39;35,897;-0,286;-0,024;27;37,037;-1,612;-0,88;0,831;-6,453;-0,88;False;26,96;0
Bitcoin;Cripto;Prezzo vs SMA100;Solo long;1;1035;54,106;0,253;0,349;1414;47,949;0,079;-0,88;1,083;16,556;-0,88;False;4,915;0
DAX;Indici;Breakout Donchian 55;Solo short;5;157;43,312;-0,172;-0,097;111;36,036;-0,512;-0,88;0,665;-8,434;-0,88;False;4,705;0
EUR/CHF;Valute;Breakout Donchian 55 + filtro VIX;Solo short;20;75;57,333;0,231;0,055;49;53,061;-0,015;-0,881;0,971;-0,11;-0,881;False;2,32;0
Euro Stoxx 50;Indici;Prezzo vs SMA20;Solo short;10;144;43,056;-0,414;-0,881;101;38,614;-0,339;0,075;0,789;-5,081;-0,881;False;5,322;0
Argento;Commodities;Prezzo vs SMA100;Solo long;3;358;49,162;-0,134;-0,775;360;48,611;-0,006;-0,881;0,996;-0,299;-0,881;False;4,567;0
DAX;Indici;Prezzo vs SMA100;Solo long;20;93;55,914;0,296;-0,882;67;52,239;0,574;-0,587;1,388;5,708;-0,882;False;6,969;0
Euro Stoxx 50;Indici;Momentum 120g + filtro VIX;Solo long;20;82;53,659;0,044;-0,614;65;53,846;0,108;-0,882;1,061;1,043;-0,882;False;7,583;0
Petrolio WTI;Commodities;Momentum 60g + filtro VIX;Long+Short;10;209;51,675;0,113;0,253;149;50,336;-0,497;-0,882;0,834;-10,988;-0,882;False;11,264;0
FTSE MIB;Indici;EMA 20/50;Solo short;3;358;46,369;-0,093;-0,737;142;36,62;-0,341;-0,882;0,741;-7,174;-0,882;False;4,221;0
Oro;Commodities;Prezzo vs SMA100;Solo long;3;421;47,981;-0,04;-0,883;407;51,597;0,124;-0,251;1,176;7,466;-0,883;False;2,698;0
DAX;Indici;EMA 10/30;Solo short;3;288;42,708;-0,197;-0,883;190;45,263;-0,16;-0,276;0,846;-4,502;-0,883;False;3,677;0
Petrolio WTI;Commodities;Momentum 60g;Long+Short;1;2313;48,941;-0,028;-0,63;1692;49,173;-0,063;-0,883;0,938;-15,82;-0,883;False;3,542;0
Euro Stoxx 50;Indici;EMA 50/200 + filtro VIX;Solo long;5;263;54,373;-0,046;-0,883;233;57,082;0,2;0,195;1,338;6,919;-0,883;False;3,403;0
Gas naturale;Commodities;SMA200 + Momentum20 concordi;Long+Short;1;1589;48,332;-0,039;-0,884;1112;49,73;0,047;0,441;1,033;7,832;-0,884;False;4,879;0
Gas naturale;Commodities;Momentum 5g;Solo short;10;190;47,895;-0,38;-0,884;136;51,471;-1,588;-0,555;0,744;-32,029;-0,884;False;19,394;0
S&P 500;Indici;EMA 10/30;Solo long;60;36;75,0;2,852;0,327;26;76,923;2,288;-0,885;2,012;8,827;-0,885;False;10,885;0
DAX;Indici;Prezzo vs SMA200 + filtro VIX;Solo long;10;174;58,046;0,118;-0,885;130;55,385;0,21;-0,858;1,224;4,046;-0,885;False;5,055;0
S&P 500;Indici;Prezzo vs SMA100;Solo long;10;200;63,0;0,313;-0,885;136;63,235;0,455;-0,346;1,542;9,186;-0,885;False;3,865;0
S&P 500;Indici;ADX>25 + direzione DI;Long+Short;20;55;50,909;-0,345;-0,885;42;54,762;-0,256;-0,501;0,876;-1,598;-0,885;False;7,259;0
USD/JPY;Valute;Prezzo vs SMA50;Solo long;10;158;46,203;-0,05;-0,886;129;57,364;0,244;0,118;1,46;4,663;-0,886;False;2,976;0
GBP/USD;Valute;Momentum 120g;Solo long;10;133;50,376;-0,112;-0,307;108;48,148;-0,124;-0,886;0,812;-1,993;-0,886;False;2,301;0
FTSE MIB;Indici;Momentum 60g;Solo short;3;369;43,089;-0,125;-0,886;158;42,405;-0,223;-0,466;0,822;-5,217;-0,886;False;4,238;0
Petrolio WTI;Commodities;ADX>20 + direzione DI;Solo short;1;756;48,28;-0,015;-0,448;486;45,267;-0,166;-0,886;0,872;-11,942;-0,886;False;4,087;0
Euro Stoxx 50;Indici;EMA 20/50;Solo long;40;45;51,111;0,495;-0,219;33;57,576;0,592;-0,886;1,272;2,898;-0,886;False;11,051;0
Argento;Commodities;Momentum 10g;Long+Short;40;58;44,828;-1,209;-0,887;42;54,762;4,389;1,178;2,049;27,335;-0,887;False;19,837;0
S&P 500;Indici;Reversione RSI2;Solo short;1;449;44,543;-0,011;0,804;296;45,608;-0,054;-0,888;0,78;-2,363;-0,888;False;0,749;0
EUR/CHF;Valute;Prezzo vs SMA20;Solo long;20;94;42,553;-0,24;-0,098;67;38,806;-0,302;-0,889;0,563;-3,003;-0,889;False;2,297;0
Oro;Commodities;Momentum 5g;Solo long;3;486;52,881;0,04;0,227;383;51,697;0,056;-0,889;1,075;3,166;-0,889;False;2,716;0
DAX;Indici;ADX>20 + direzione DI;Solo short;5;135;37,037;-0,317;-0,754;80;32,5;-0,605;-0,889;0,631;-7,183;-0,889;False;4,492;0
Oro;Commodities;ADX>25 + direzione DI;Solo long;5;102;50,98;0,165;0,524;118;50,0;0,064;-0,889;1,067;1,128;-0,889;False;3,841;0
EUR/USD;Valute;Reversione RSI2;Solo long;20;75;48,0;-0,136;0,11;53;41,509;-0,18;-0,889;0,795;-1,413;-0,889;False;3,37;0
Petrolio WTI;Commodities;Momentum 60g + filtro VIX;Solo short;3;290;48,276;-0,117;-0,639;242;41,736;-0,391;-0,889;0,78;-14,034;-0,889;False;5,728;0
DAX;Indici;Prezzo vs SMA100;Solo long;40;50;60,0;0,653;-0,889;37;64,865;1,314;-0,55;1,75;7,21;-0,889;False;12,995;0
Euro Stoxx 50;Indici;Reversione RSI2 nel trend SMA200;Long+Short;20;62;50,0;0,187;0,227;50;56,0;-0,543;-0,889;0,77;-4,029;-0,889;False;7,921;0
Argento;Commodities;Momentum 60g;Solo long;10;128;41,406;-0,302;-0,791;116;52,586;0,3;-0,889;1,119;5,157;-0,889;False;8,52;0
GBP/USD;Valute;Breakout Donchian 55;Solo long;40;31;41,935;-0,731;-0,889;27;48,148;-0,153;-0,513;0,875;-0,611;-0,889;False;4,597;0
FTSE MIB;Indici;Reversione RSI2;Solo long;5;131;57,252;0,637;2,118;83;55,422;-0,201;-0,89;0,859;-2,481;-0,89;False;4,984;0
GBP/USD;Valute;Breakout Donchian 20;Solo short;5;249;47,791;-0,036;-0,89;161;48,447;0,004;0,126;1,009;0,095;-0,89;False;1,989;0
DAX;Indici;Momentum 20g;Long+Short;3;777;50,064;-0,019;-0,445;572;46,678;-0,046;-0,89;0,934;-3,903;-0,89;False;2,846;0
Euro Stoxx 50;Indici;Prezzo vs SMA200 + filtro VIX;Long+Short;5;406;51,97;-0,065;-0,772;284;54,225;-0,005;-0,89;0,993;-0,229;-0,89;False;3,618;0
Oro;Commodities;Fine/inizio mese;Long+Short;60;37;48,649;0,15;-0,891;26;61,538;4,16;0,066;3,138;16,041;-0,891;False;11,453;0
Oro;Commodities;Fine/inizio mese;Solo long;60;37;48,649;0,15;-0,891;26;61,538;4,16;0,066;3,138;16,041;-0,891;False;11,453;0
Argento;Commodities;EMA 50/200 + filtro VIX;Solo long;1;655;40,763;-0,083;-0,891;1027;40,312;-0,08;-0,846;0,875;-12,124;-0,891;False;2,378;0
Gas naturale;Commodities;Momentum 10g;Solo short;10;171;53,801;-0,303;-0,7;115;41,739;-2,004;-0,892;0,676;-34,168;-0,892;False;20,944;0
Euro Stoxx 50;Indici;EMA 50/200 + filtro VIX;Long+Short;10;208;47,115;-0,069;-0,473;148;52,027;-0,005;-0,892;0,996;-0,103;-0,892;False;5,286;0
S&P 500;Indici;Breakout Donchian 55;Solo long;10;186;65,054;0,38;-0,39;132;61,364;0,311;-0,892;1,326;6,083;-0,892;False;4,175;0
EUR/USD;Valute;Reversione RSI2 nel trend SMA200;Long+Short;60;29;55,172;-0,391;-0,892;23;52,174;-0,402;-0,555;0,742;-1,372;-0,892;False;6,21;0
USD/JPY;Valute;Momentum 20g;Solo long;10;164;47,561;0,078;-0,012;132;59,848;0,081;-0,892;1,122;1,581;-0,892;False;3,034;0
FTSE MIB;Indici;Reversione RSI2;Solo long;10;102;50,98;0,681;1,436;65;60,0;-0,135;-0,892;0,93;-1,3;-0,892;False;8,384;0
GBP/USD;Valute;Breakout Donchian 55 + filtro VIX;Solo long;3;308;47,403;-0,069;-0,892;273;47,619;-0,032;-0,766;0,905;-1,28;-0,892;False;1,504;0
USD/JPY;Valute;Prezzo vs SMA20;Solo short;3;439;46,014;-0,065;-0,893;275;43,273;-0,067;0,031;0,843;-2,733;-0,893;False;1,756;0
Argento;Commodities;Breakout Donchian 55;Solo long;10;124;42,742;-0,353;-0,893;116;52,586;0,452;-0,65;1,189;7,781;-0,893;False;8,069;0
Euro Stoxx 50;Indici;EMA 50/200 + filtro VIX;Solo short;3;240;40,417;-0,163;-0,894;86;45,349;-0,17;-0,276;0,829;-2,169;-0,894;False;3,413;0
Petrolio WTI;Commodities;Prezzo vs SMA100;Solo long;10;146;58,219;0,09;0,099;102;55,882;-0,014;-0,895;0,995;-0,215;-0,895;False;11,527;0
Petrolio WTI;Commodities;Momentum 5g;Long+Short;3;772;49,87;0,043;0,35;563;47,247;-0,196;-0,896;0,896;-16,359;-0,896;False;6,234;0
Nasdaq 100;Indici;Momentum 10g;Solo short;40;51;25,49;-3,437;-0,896;35;31,429;-2,697;0,355;0,443;-14,002;-0,896;False;12,296;0
GBP/USD;Valute;Breakout Donchian 55;Solo long;20;56;44,643;-0,402;-0,897;52;48,077;-0,092;-0,468;0,908;-0,706;-0,897;False;3,786;0
EUR/USD;Valute;Prezzo vs SMA50;Long+Short;10;241;46,473;-0,09;-0,897;174;50,0;0,056;0,521;1,104;1,443;-0,897;False;2,459;0
DAX;Indici;Momentum 60g;Solo short;3;292;45,89;-0,072;-0,024;197;45,685;-0,264;-0,897;0,751;-7,715;-0,897;False;3,617;0
Petrolio WTI;Commodities;Prezzo vs SMA50;Long+Short;40;58;51,724;0,127;0,064;42;45,238;-2,662;-0,897;0,674;-16,579;-0,897;False;22,53;0
Argento;Commodities;Prezzo vs SMA100;Long+Short;10;232;46,983;-0,307;-0,851;168;44,643;-0,271;-0,897;0,903;-6,745;-0,897;False;8,991;0
Ethereum;Cripto;Reversione RSI2 nel trend SMA200;Solo short;5;20;55,0;0,095;0,11;56;42,857;-2,136;-0,898;0,522;-17,74;-0,898;False;17,362;0
Bitcoin;Cripto;Breakout Donchian 20;Long+Short;1;1732;50,462;0,021;-0,284;2462;46,223;-0,02;-0,898;0,981;-7,25;-0,898;False;4,791;0
DAX;Indici;ADX>25 + direzione DI;Solo long;3;127;52,756;0,065;-0,035;105;45,714;-0,032;-0,899;0,94;-0,5;-0,899;False;2,352;0
Petrolio WTI;Commodities;Momentum 10g;Solo short;5;271;51,661;0,124;0,478;200;44,5;-0,781;-0,899;0,738;-23,166;-0,899;False;8,319;0
Nasdaq 100;Indici;Momentum 20g;Solo short;3;290;41,724;-0,279;-0,899;218;44,037;-0,2;0,034;0,83;-6,473;-0,899;False;3,738;0
EUR/USD;Valute;EMA 50/200;Long+Short;3;801;48,315;-0,006;-0,305;584;48,63;-0,029;-0,899;0,908;-2,54;-0,899;False;1,55;0
Petrolio WTI;Commodities;Momentum 120g + filtro VIX;Long+Short;20;108;46,296;-0,686;-0,899;77;57,143;1,709;1,24;1,506;19,512;-0,899;False;15,759;0
Argento;Commodities;SMA200 + Momentum20 concordi;Long+Short;10;197;48,223;-0,347;-0,9;136;51,471;-0,168;-0,719;0,941;-3,397;-0,9;False;9,267;0
EUR/CHF;Valute;Prezzo vs SMA200;Long+Short;60;41;56,098;0,568;1,087;28;53,571;-0,035;-0,9;0,952;-0,145;-0,9;False;3,657;0
Petrolio WTI;Commodities;Momentum 120g;Solo long;5;265;50,566;-0,097;-0,465;182;48,901;-0,051;-0,9;0,976;-1,383;-0,9;False;7,981;0
Petrolio WTI;Commodities;Breakout Donchian 55 + filtro VIX;Solo short;10;91;49,451;-0,015;0,042;73;42,466;-1,435;-0,9;0,584;-15,534;-0,9;False;11,988;0
Oro;Commodities;Prezzo vs SMA20;Solo short;10;156;48,718;-0,021;0,472;103;41,748;-0,927;-0,9;0,48;-14,164;-0,9;False;4,985;0
Bitcoin;Cripto;Momentum 120g + filtro VIX;Solo long;1;992;54,536;0,297;0,677;1239;48,023;0,071;-0,9;1,072;12,97;-0,9;False;4,941;0
S&P 500;Indici;Prezzo vs SMA20;Long+Short;10;232;57,328;-0,008;-0,9;168;61,31;0,325;0,425;1,313;8,105;-0,9;False;4,599;0
USD/JPY;Valute;Reversione RSI2 nel trend SMA200;Long+Short;10;99;47,475;0,185;1,012;64;50,0;-0,174;-0,901;0,773;-1,655;-0,901;False;2,98;0
S&P 500;Indici;EMA 20/50;Long+Short;60;39;66,667;0,711;-0,901;27;62,963;1,031;-0,527;1,383;4,13;-0,901;False;12,22;0
S&P 500;Indici;EMA 50/200;Solo short;10;29;34,483;-1,126;-0,901;32;31,25;-1,193;-0,803;0,479;-5,661;-0,901;False;6,835;0
Euro Stoxx 50;Indici;Momentum 120g;Solo long;3;490;53,265;-0,031;-0,901;417;54,916;0,053;-0,614;1,097;3,265;-0,901;False;2,671;0
Oro;Commodities;Breakout Donchian 55;Solo long;20;72;37,5;-0,102;-0,901;64;56,25;1,406;0,174;2,137;13,341;-0,901;False;7,655;0
GBP/USD;Valute;EMA 10/30;Solo long;3;421;49,406;-0,058;-0,901;316;47,785;-0,013;-0,379;0,96;-0,616;-0,901;False;1,544;0
Nasdaq 100;Indici;Reversione RSI2;Long+Short;20;99;55,556;0,87;2,448;73;41,096;-1,084;-0,901;0,633;-11,743;-0,901;False;8,017;0
Gas naturale;Commodities;Breakout Donchian 55;Solo short;5;237;49,789;-0,165;-0,846;174;47,126;-1,303;-0,901;0,712;-33,616;-0,901;False;12,154;0
Oro;Commodities;ADX>25 + direzione DI;Solo long;10;61;50,82;0,198;0,14;66;46,97;0,239;-0,902;1,203;2,342;-0,902;False;4,558;0
Petrolio WTI;Commodities;Breakout Donchian 20;Long+Short;60;39;43,59;-2,512;-0,902;27;55,556;0,235;0,444;1,03;0,942;-0,902;False;26,382;0
Argento;Commodities;ADX>25 + direzione DI;Solo long;1;374;38,503;-0,097;-0,808;340;46,765;-0,168;-0,902;0,809;-8,469;-0,902;False;2,793;0
EUR/USD;Valute;SMA200 + Momentum20 concordi;Long+Short;20;107;49,533;-0,166;-0,902;79;50,633;0,161;0,727;1,222;1,886;-0,902;False;3,943;0
USD/JPY;Valute;Prezzo vs SMA20;Solo long;3;471;48,195;-0,016;-0,902;387;52,713;0,037;-0,644;1,111;2,144;-0,902;False;1,732;0
GBP/USD;Valute;EMA 50/200;Solo short;10;147;45,578;0,019;-0,307;63;47,619;-0,262;-0,902;0,727;-2,451;-0,902;False;2,812;0
USD/JPY;Valute;Momentum 20g;Solo short;3;418;47,129;-0,068;-0,902;268;38,433;-0,114;-0,62;0,767;-4,54;-0,902;False;1,809;0
DAX;Indici;Breakout Donchian 20;Long+Short;10;234;51,709;-0,133;-0,74;170;45,294;-0,153;-0,903;0,882;-3,847;-0,903;False;5,852;0
Oro;Commodities;Momentum 5g;Solo short;3;460;50,217;0,016;0,537;293;47,782;-0,251;-0,903;0,696;-10,913;-0,903;False;2,768;0
DAX;Indici;Momentum 120g;Solo long;10;177;53,107;0,195;-0,574;134;58,209;0,174;-0,903;1,163;3,468;-0,903;False;5,228;0
Gas naturale;Commodities;Prezzo vs SMA20;Solo short;1;1228;50,489;0,04;-0,904;797;50,439;0,149;0,644;1,11;17,618;-0,904;False;4,77;0
DAX;Indici;Breakout Donchian 55;Solo short;20;44;36,364;-0,904;-0,186;32;37,5;-2,104;-0,904;0,463;-9,986;-0,904;False;8,906;0
Argento;Commodities;Breakout Donchian 55;Solo long;60;25;28,0;-1,745;-0,904;22;45,455;5,679;-0,166;2,059;18,526;-0,904;False;20,207;0
Bitcoin;Cripto;Reversione RSI2 nel trend SMA200;Solo long;1;81;58,025;-0,402;-0,905;124;58,065;0,532;1,293;1,605;9,785;-0,905;False;7,717;0
Gas naturale;Commodities;Momentum 20g;Long+Short;40;58;53,448;1,541;0,731;42;47,619;-2,473;-0,905;0,798;-15,401;-0,905;False;36,655;0
EUR/CHF;Valute;Momentum 60g;Long+Short;5;481;45,738;0,003;-0,12;350;52,571;-0,025;-0,905;0,905;-1,309;-0,905;False;1,284;0
Argento;Commodities;EMA 20/50;Solo long;60;25;32,0;-1,79;-0,906;23;43,478;4,706;-0,407;1,997;16,05;-0,906;False;20,454;0
Oro;Commodities;Prezzo vs SMA20;Solo long;10;160;48,75;0,04;-0,461;128;50,781;0,335;-0,906;1,29;6,366;-0,906;False;4,575;0
FTSE MIB;Indici;Breakout Donchian 55 + filtro VIX;Solo short;1;677;49,926;-0,004;-0,79;224;41,071;-0,062;-0,908;0,858;-2,05;-0,908;False;1,989;0
Argento;Commodities;EMA 20/50;Solo short;5;277;48,014;-0,134;-0,533;151;45,033;-0,765;-0,908;0,657;-17,141;-0,908;False;6,026;0
Argento;Commodities;Prezzo vs SMA100;Solo short;10;152;49,342;-0,356;-0,644;86;41,86;-1,499;-0,909;0,534;-19,12;-0,909;False;9,46;0
FTSE MIB;Indici;Reversione RSI2;Solo short;5;143;45,455;0,19;0,788;131;41,985;-0,405;-0,909;0,64;-7,869;-0,909;False;3,548;0
Argento;Commodities;Momentum 60g;Solo short;10;142;49,296;-0,18;-0,185;86;41,86;-1,506;-0,909;0,545;-19,21;-0,909;False;10,074;0
Petrolio WTI;Commodities;Momentum 120g;Solo long;3;435;51,724;-0,127;-0,909;294;50,68;-0,073;-0,859;0,96;-3,174;-0,909;False;6,557;0
Petrolio WTI;Commodities;Momentum 10g;Solo long;10;170;59,412;0,152;0,239;126;50,0;-0,012;-0,91;0,996;-0,23;-0,91;False;11,864;0
USD/JPY;Valute;Reversione RSI2 nel trend SMA200;Solo long;10;54;50,0;0,178;0,433;36;55,556;-0,056;-0,91;0,922;-0,299;-0,91;False;3,088;0
DAX;Indici;Breakout Donchian 55;Long+Short;60;39;51,282;-0,535;-0,91;28;67,857;1,106;-0,268;1,456;4,592;-0,91;False;17,898;0
Gas naturale;Commodities;Momentum 60g + filtro VIX;Solo short;40;44;47,727;-1,204;-0,911;26;46,154;-7,126;-0,56;0,521;-27,476;-0,911;False;44,767;0
FTSE MIB;Indici;ADX>25 + direzione DI;Long+Short;40;37;40,541;-1,385;-0,911;22;36,364;-1,326;-0,851;0,671;-4,328;-0,911;False;14,623;0
Argento;Commodities;ADX>25 + direzione DI;Long+Short;20;63;49,206;-0,9;-0,911;38;36,842;-0,933;-0,729;0,791;-5,259;-0,911;False;11,528;0
FTSE MIB;Indici;Momentum 20g;Solo short;1;1094;47,623;-0,003;-0,911;641;43,058;-0,04;-0,78;0,917;-3,826;-0,911;False;2,065;0
EUR/USD;Valute;Momentum 60g + filtro VIX;Solo short;5;249;51,807;-0,028;-0,911;157;47,134;-0,049;-0,478;0,877;-1,141;-0,911;False;1,83;0
Euro Stoxx 50;Indici;Breakout Donchian 20;Solo short;60;33;39,394;-1,793;-0,655;21;23,81;-3,815;-0,911;0,194;-11,884;-0,911;False;13,505;0
Gas naturale;Commodities;Prezzo vs SMA100;Solo short;60;33;51,515;-1,326;-0,585;22;36,364;-12,967;-0,911;0,365;-42,304;-0,911;False;72,043;0
S&P 500;Indici;Momentum 60g;Solo long;10;194;63,918;0,303;-0,911;135;65,926;0,277;-0,879;1,261;5,544;-0,911;False;4,207;0
Argento;Commodities;EMA 50/200;Solo short;10;161;49,689;0,024;0,339;48;45,833;-1,761;-0,912;0,515;-12,532;-0,912;False;9,112;0
FTSE MIB;Indici;Reversione RSI2 nel trend SMA200;Long+Short;5;103;56,311;0,507;1,584;81;54,321;-0,23;-0,912;0,804;-2,767;-0,912;False;4,168;0
FTSE MIB;Indici;Prezzo vs SMA20;Long+Short;40;59;49,153;0,169;0,101;42;50,0;-0,714;-0,912;0,779;-4,448;-0,912;False;13,143;0
USD/JPY;Valute;EMA 20/50;Solo long;1;1253;47,326;-0,007;-0,912;1155;54,286;0,015;-0,505;1,078;2,528;-0,912;False;1,143;0
DAX;Indici;Breakout Donchian 55 + filtro VIX;Long+Short;60;39;64,103;-0,735;-0,912;26;53,846;0,579;-0,431;1,214;2,234;-0,912;False;17,111;0
Euro Stoxx 50;Indici;Momentum 120g;Solo long;20;85;54,118;-0,114;-0,912;67;53,731;0,315;-0,587;1,179;3,132;-0,912;False;7,852;0
FTSE MIB;Indici;EMA 20/50;Long+Short;3;779;49,807;-0,062;-0,693;571;48,161;-0,027;-0,913;0,963;-2,319;-0,913;False;3,506;0
S&P 500;Indici;Momentum 60g;Long+Short;10;232;56,034;0,069;-0,913;168;58,929;0,15;-0,474;1,133;3,737;-0,913;False;4,785;0
FTSE MIB;Indici;Momentum 60g;Solo short;10;128;46,875;-0,447;-0,913;59;33,898;-0,917;-0,539;0,624;-8,024;-0,913;False;7,617;0
Euro Stoxx 50;Indici;Momentum 20g;Solo short;40;47;31,915;-1,585;-0,913;33;36,364;-1,795;-0,176;0,523;-8,786;-0,913;False;11,629;0
EUR/CHF;Valute;EMA 50/200 + filtro VIX;Solo long;1;590;45,932;-0,013;-0,183;336;46,726;-0,02;-0,914;0,813;-1,003;-0,914;False;0,594;0
USD/JPY;Valute;Prezzo vs SMA200 + filtro VIX;Solo long;5;250;52,8;0,12;1,014;202;53,465;0,031;-0,914;1,066;0,915;-0,914;False;2,157;0
EUR/CHF;Valute;Momentum 60g + filtro VIX;Solo long;3;310;40,645;-0,064;-0,914;226;46,903;-0,019;0,116;0,9;-0,625;-0,914;False;1,03;0
USD/JPY;Valute;Reversione RSI2 nel trend SMA200;Long+Short;60;31;51,613;-0,617;-0,855;22;50,0;-0,696;-0,915;0,71;-2,272;-0,915;False;7,573;0
Gas naturale;Commodities;EMA 10/30;Solo long;3;360;50,278;-0,058;0,194;295;49,492;-0,197;-0,915;0,927;-8,606;-0,915;False;9,091;0
EUR/USD;Valute;Momentum 20g;Solo short;3;471;50,106;-0,014;-0,916;326;49,08;-0,03;-0,555;0,903;-1,435;-0,916;False;1,606;0
Petrolio WTI;Commodities;EMA 50/200;Long+Short;60;39;43,59;-2,549;-0,916;27;44,444;-3,413;-0,442;0,649;-13,665;-0,916;False;28,192;0
EUR/USD;Valute;Momentum 60g + filtro VIX;Solo short;20;78;55,128;-0,079;-0,916;50;54,0;-0,118;-0,195;0,866;-0,874;-0,916;False;3,661;0
Oro;Commodities;SMA200 + Momentum20 concordi;Solo short;20;51;41,176;-0,032;0,557;22;22,727;-2,379;-0,917;0,312;-7,761;-0,917;False;6,796;0
EUR/CHF;Valute;Momentum 60g + filtro VIX;Solo long;10;111;34,234;-0,195;-0,917;75;49,333;-0,047;0,277;0,865;-0,517;-0,917;False;1,702;0
GBP/USD;Valute;Prezzo vs SMA200;Solo short;3;439;49,658;0,009;-0,184;242;41,736;-0,074;-0,917;0,839;-2,647;-0,917;False;1,697;0
Gas naturale;Commodities;Reversione RSI2;Long+Short;60;36;47,222;-3,561;-0,918;26;53,846;-0,416;0,01;0,964;-1,602;-0,918;False;43,767;0
USD/JPY;Valute;Momentum 60g;Solo long;1;1246;48,475;0,013;0,335;1155;54,026;0,008;-0,918;1,044;1,418;-0,918;False;1,134;0
Nasdaq 100;Indici;Momentum 120g + filtro VIX;Solo long;10;195;62,564;0,446;-0,918;128;64,062;0,624;-0,443;1,535;11,855;-0,918;False;5,193;0
Petrolio WTI;Commodities;Momentum 120g + filtro VIX;Solo long;10;126;50,794;-0,128;-0,342;88;47,727;-0,033;-0,918;0,989;-0,435;-0,918;False;11,207;0
GBP/USD;Valute;Momentum 10g;Long+Short;10;241;43,154;-0,101;-0,919;174;49,425;-0,096;-0,719;0,858;-2,484;-0,919;False;2,674;0
Bitcoin;Cripto;Momentum 120g;Solo long;1;1180;52,797;0,217;0,065;1369;47,991;0,072;-0,919;1,072;14,544;-0,919;False;5,375;0
Argento;Commodities;EMA 10/30;Solo long;10;116;44,828;-0,381;-0,919;111;50,45;0,834;-0,098;1,335;13,725;-0,919;False;9,215;0
Nasdaq 100;Indici;ADX>25 + direzione DI;Long+Short;3;240;50,833;-0,085;-0,919;223;51,121;-0,077;-0,67;0,925;-2,56;-0,919;False;3,527;0
FTSE MIB;Indici;Fine/inizio mese;Long+Short;3;111;50,45;-0,235;-0,92;80;55,0;0,231;0,505;1,333;2,743;-0,92;False;3,792;0
FTSE MIB;Indici;Fine/inizio mese;Solo long;3;111;50,45;-0,235;-0,92;80;55,0;0,231;0,505;1,333;2,743;-0,92;False;3,792;0
DAX;Indici;Prezzo vs SMA200 + filtro VIX;Long+Short;40;57;63,158;0,6;-0,144;40;60,0;-0,033;-0,92;0,988;-0,195;-0,92;False;11,911;0
S&P 500;Indici;Momentum 120g;Solo short;5;89;39,326;-0,402;-0,635;90;37,778;-0,564;-0,92;0,633;-7,53;-0,92;False;4,431;0
Petrolio WTI;Commodities;Momentum 120g;Solo long;20;72;44,444;-0,661;-0,92;52;46,154;0,869;-0,462;1,21;6,703;-0,92;False;16,22;0
GBP/USD;Valute;Prezzo vs SMA200 + filtro VIX;Solo short;5;234;47,009;-0,016;-0,532;114;50,0;-0,117;-0,92;0,772;-1,986;-0,92;False;1,971;0
DAX;Indici;Prezzo vs SMA200 + filtro VIX;Solo long;60;34;64,706;0,862;-0,921;22;72,727;3,509;0,446;5,524;11,452;-0,921;False;11,783;0
Gas naturale;Commodities;EMA 50/200;Long+Short;5;463;47,948;-0,221;-0,922;339;51,327;0,083;0,128;1,023;4,194;-0,922;False;12,245;0
FTSE MIB;Indici;EMA 50/200 + filtro VIX;Solo long;1;1193;49,288;-0,061;-0,706;1134;50,529;-0,025;-0,922;0,915;-4,247;-0,922;False;1,47;0
Euro Stoxx 50;Indici;Breakout Donchian 55 + filtro VIX;Solo long;60;28;46,429;0,292;-0,371;23;65,217;0,969;-0,922;1,331;3,305;-0,922;False;14,881;0
Ethereum;Cripto;Acquisto su picco VIX;Long+Short;1;52;59,615;0,817;0,969;293;50,171;-0,078;-0,923;0,955;-3,386;-0,923;False;8,844;0
Ethereum;Cripto;Acquisto su picco VIX;Solo long;1;52;59,615;0,817;0,969;293;50,171;-0,078;-0,923;0,955;-3,386;-0,923;False;8,844;0
USD/JPY;Valute;Momentum 60g;Long+Short;1;2403;47,399;0,001;0,087;1754;50,912;-0,006;-0,923;0,973;-1,446;-0,923;False;1,137;0
Euro Stoxx 50;Indici;EMA 10/30;Solo long;10;150;56,0;-0,08;-0,923;122;52,459;0,139;-0,796;1,129;2,508;-0,923;False;5,211;0
Petrolio WTI;Commodities;Prezzo vs SMA100;Solo short;1;1027;47,712;-0,045;-0,923;825;47,394;-0,072;-0,536;0,934;-8,809;-0,923;False;4,008;0
Petrolio WTI;Commodities;Breakout Donchian 55 + filtro VIX;Solo long;20;67;52,239;0,249;0,151;45;48,889;0,142;-0,924;1,037;0,947;-0,924;False;15,861;0
USD/JPY;Valute;Breakout Donchian 55 + filtro VIX;Long+Short;1;2002;49,301;0,001;-0,07;1407;50,32;-0,007;-0,924;0,965;-1,445;-0,924;False;1,123;0
EUR/CHF;Valute;Breakout Donchian 55 + filtro VIX;Solo short;5;282;47,163;0,005;-0,924;171;53,801;0,002;-0,749;1,007;0,043;-0,924;False;1,139;0
Oro;Commodities;Momentum 5g;Long+Short;60;39;43,59;-1,113;-0,924;27;55,556;0,982;0,129;1,277;3,93;-0,924;False;13,808;0
USD/JPY;Valute;EMA 50/200;Solo short;20;56;51,786;-0,293;-0,394;30;40,0;-0,79;-0,925;0,343;-3,513;-0,925;False;4,482;0
Oro;Commodities;Breakout Donchian 55;Solo long;40;40;40,0;-0,203;-0,925;32;62,5;3,083;0,289;2,721;14,629;-0,925;False;9,066;0
Oro;Commodities;Reversione RSI2 nel trend SMA200;Solo short;5;51;39,216;-0,29;-0,925;20;45,0;-0,171;0,2;0,849;-0,506;-0,925;False;3,307;0
EUR/USD;Valute;Prezzo vs SMA50;Solo short;10;157;50,955;-0,041;-0,925;107;50,467;0,005;0,219;1,009;0,075;-0,925;False;2,459;0
Bitcoin;Cripto;Momentum 60g;Long+Short;1;1732;50,462;0,12;0,777;2462;46,994;-0,04;-0,926;0,963;-14,472;-0,926;False;4,853;0
FTSE MIB;Indici;Momentum 60g;Long+Short;10;234;45,726;-0,21;-0,797;171;50,292;-0,056;-0,927;0,962;-1,418;-0,927;False;6,779;0
S&P 500;Indici;EMA 20/50;Solo short;3;156;38,462;-0,302;-0,928;129;43,411;-0,229;-0,323;0,828;-4,373;-0,928;False;3,705;0
GBP/USD;Valute;EMA 10/30;Long+Short;10;241;45,643;-0,102;-0,928;174;53,448;0,037;0,253;1,06;0,944;-0,928;False;2,771;0
EUR/USD;Valute;Prezzo vs SMA100;Solo short;10;153;47,059;-0,035;-0,928;102;51,961;-0,04;-0,102;0,932;-0,598;-0,928;False;2,493;0
GBP/USD;Valute;Breakout Donchian 55 + filtro VIX;Solo long;5;189;47,619;-0,112;-0,928;167;47,904;-0,022;-0,421;0,943;-0,542;-0,928;False;1,815;0
FTSE MIB;Indici;EMA 10/30;Solo short;40;40;40,0;-1,394;-0,645;25;24,0;-3,92;-0,928;0,361;-14,539;-0,928;False;15,309;0
S&P 500;Indici;Breakout Donchian 20;Solo short;40;35;17,143;-2,627;-0,929;22;27,273;-2,91;-0,424;0,379;-9,498;-0,929;False;10,412;0
S&P 500;Indici;EMA 50/200;Solo long;40;53;69,811;1,276;-0,929;35;77,143;2,192;-0,098;2,725;11,384;-0,929;False;8,328;0
Bitcoin;Cripto;EMA 20/50;Solo long;1;1047;54,537;0,261;0,419;1387;47,729;0,073;-0,929;1,075;14,942;-0,929;False;4,965;0
EUR/CHF;Valute;Prezzo vs SMA200 + filtro VIX;Long+Short;40;58;60,345;0,144;0,235;41;39,024;-0,13;-0,929;0,829;-0,793;-0,929;False;3,578;0
S&P 500;Indici;Breakout Donchian 20;Solo short;10;94;35,106;-0,737;-0,929;57;33,333;-0,685;-0,24;0,694;-5,794;-0,929;False;5,456;0
GBP/USD;Valute;Breakout Donchian 55;Solo long;10;107;44,86;-0,217;-0,884;99;43,434;-0,142;-0,929;0,795;-2,083;-0,929;False;2,305;0
S&P 500;Indici;EMA 50/200 + filtro VIX;Long+Short;60;39;71,795;0,927;-0,93;25;60,0;1,605;-0,487;1,772;5,954;-0,93;False;12,867;0
EUR/USD;Valute;Momentum 5g;Solo long;5;303;45,875;-0,105;-0,93;230;47,391;-0,023;-0,499;0,943;-0,79;-0,93;False;1,959;0
GBP/USD;Valute;EMA 20/50;Long+Short;5;481;49,272;-0,052;-0,93;350;50,571;0,054;0,802;1,13;2,797;-0,93;False;1,92;0
Euro Stoxx 50;Indici;Prezzo vs SMA50;Solo short;20;74;37,838;-0,822;-0,93;47;36,17;-1,106;-0,325;0,637;-7,714;-0,93;False;7,445;0
Petrolio WTI;Commodities;Breakout Donchian 55;Solo long;10;133;54,887;0,224;0,403;89;55,056;-0,009;-0,93;0,997;-0,119;-0,93;False;9,692;0
Nasdaq 100;Indici;Breakout Donchian 20;Solo long;5;329;60,486;0,203;-0,931;236;56,78;0,282;-0,538;1,332;9,876;-0,931;False;3,613;0
Gas naturale;Commodities;EMA 10/30;Solo short;3;447;49,888;-0,072;-0,931;288;49,653;-0,11;0,154;0,963;-4,684;-0,931;False;8,763;0
FTSE MIB;Indici;ADX>25 + direzione DI;Long+Short;1;802;48,628;-0,033;-0,81;451;43,902;-0,066;-0,931;0,857;-4,425;-0,931;False;2,008;0
DAX;Indici;SMA200 + Momentum20 concordi;Solo short;20;35;42,857;-1,054;-0,301;23;34,783;-2,362;-0,931;0,443;-8,061;-0,931;False;10,676;0
GBP/USD;Valute;Momentum 120g;Solo short;5;258;49,612;0,035;0,056;172;49,419;-0,107;-0,932;0,803;-2,724;-0,932;False;2,055;0
USD/JPY;Valute;EMA 50/200 + filtro VIX;Long+Short;10;216;46,759;0,039;0,231;152;53,289;-0,04;-0,932;0,943;-0,894;-0,932;False;3,097;0
Gas naturale;Commodities;Breakout Donchian 55;Solo short;10;122;48,361;-0,465;-0,922;89;50,562;-2,671;-0,932;0,633;-35,255;-0,932;False;20,439;0
Gas naturale;Commodities;Fine/inizio mese;Long+Short;10;111;50,45;-0,847;-0,931;80;48,75;-0,264;-0,932;0,942;-3,131;-0,932;False;15,689;0
Gas naturale;Commodities;Fine/inizio mese;Solo long;10;111;50,45;-0,847;-0,931;80;48,75;-0,264;-0,932;0,942;-3,131;-0,932;False;15,689;0
Argento;Commodities;Breakout Donchian 55;Solo long;5;239;47,28;-0,129;-0,602;225;49,778;0,059;-0,932;1,033;1,963;-0,932;False;6,103;0
Argento;Commodities;Reversione RSI2;Solo long;3;159;45,912;-0,143;-0,714;100;50,0;-0,201;-0,932;0,866;-2,98;-0,932;False;4,76;0
DAX;Indici;Breakout Donchian 20;Solo short;20;63;39,683;-1,187;-0,654;48;27,083;-1,601;-0,932;0,417;-11,401;-0,932;False;8,255;0
Argento;Commodities;Momentum 120g + filtro VIX;Solo long;1;928;39,224;-0,074;-0,932;920;42,174;-0,062;-0,53;0,904;-8,453;-0,932;False;2,19;0
EUR/CHF;Valute;Prezzo vs SMA200;Solo short;5;306;50,0;0,045;-0,086;254;51,969;-0,003;-0,933;0,989;-0,109;-0,933;False;1,382;0
Euro Stoxx 50;Indici;Prezzo vs SMA200;Long+Short;3;768;50,0;-0,048;-0,783;564;51,241;-0,033;-0,933;0,953;-2,759;-0,933;False;3,135;0
S&P 500;Indici;Momentum 120g + filtro VIX;Solo short;10;32;34,375;-0,936;-0,933;31;38,71;-0,612;-0,107;0,666;-2,814;-0,933;False;5,837;0
EUR/USD;Valute;Momentum 10g;Long+Short;40;61;47,541;-0,393;-0,933;42;47,619;-0,094;-0,193;0,921;-0,585;-0,933;False;6,343;0
EUR/CHF;Valute;Prezzo vs SMA50;Solo long;3;386;41,192;-0,061;-0,934;279;48,746;-0,052;-0,928;0,765;-2,16;-0,934;False;1,047;0
Nasdaq 100;Indici;Reversione RSI2 nel trend SMA200;Solo long;5;90;57,778;0,056;-0,935;57;64,912;0,43;0,171;1,536;3,633;-0,935;False;4,452;0
Gas naturale;Commodities;Prezzo vs SMA20;Long+Short;5;463;50,108;0,031;0,081;339;49,853;-0,523;-0,935;0,867;-26,278;-0,935;False;12,044;0
FTSE MIB;Indici;Momentum 60g + filtro VIX;Solo long;5;269;51,673;-0,102;-0,612;247;52,227;0,088;-0,935;1,113;3,229;-0,935;False;4,201;0
Petrolio WTI;Commodities;EMA 50/200 + filtro VIX;Long+Short;3;666;47,598;-0,113;-0,936;463;48,38;-0,105;-0,496;0,932;-7,237;-0,936;False;5,847;0
S&P 500;Indici;Breakout Donchian 55 + filtro VIX;Solo long;5;342;60,526;0,139;-0,936;245;62,449;0,19;-0,582;1,324;6,902;-0,936;False;2,819;0
Gas naturale;Commodities;SMA200 + Momentum20 concordi;Long+Short;20;106;48,113;-0,957;-0,937;75;49,333;-1,588;-0,825;0,78;-17,658;-0,937;False;23,812;0
Petrolio WTI;Commodities;Prezzo vs SMA200 + filtro VIX;Solo long;20;71;49,296;0,027;-0,109;48;47,917;-0,005;-0,937;0,999;-0,033;-0,937;False;15,608;0
EUR/CHF;Valute;Momentum 120g;Long+Short;60;41;60,976;0,721;1,139;28;50,0;-0,079;-0,938;0,895;-0,328;-0,938;False;3,657;0
Argento;Commodities;Momentum 60g + filtro VIX;Long+Short;5;407;47,666;-0,026;-0,141;287;49,477;-0,187;-0,938;0,9;-7,949;-0,938;False;5,92;0
S&P 500;Indici;Prezzo vs SMA200;Solo long;40;55;67,273;1,341;-0,938;36;72,222;1,569;-0,624;1,862;8,377;-0,938;False;8,64;0
Gas naturale;Commodities;Momentum 20g;Solo short;3;453;49,227;-0,081;-0,938;288;48,611;-0,218;-0,09;0,923;-9,314;-0,938;False;9,247;0
Euro Stoxx 50;Indici;Prezzo vs SMA200;Long+Short;60;39;51,282;0,26;0,04;27;59,259;0,207;-0,938;1,072;0,83;-0,938;False;15,737;0
Petrolio WTI;Commodities;EMA 50/200;Long+Short;3;772;49,741;-0,115;-0,939;563;50,444;-0,064;-0,202;0,966;-5,385;-0,939;False;6,296;0
Gas naturale;Commodities;Prezzo vs SMA200 + filtro VIX;Long+Short;3;666;48,498;-0,144;-0,939;464;50,0;-0,254;-0,759;0,91;-17,463;-0,939;False;8,929;0
Euro Stoxx 50;Indici;Breakout Donchian 55;Solo long;10;144;54,167;-0,037;-0,734;118;54,237;0,114;-0,939;1,113;1,991;-0,939;False;4,686;0
DAX;Indici;ADX>20 + direzione DI;Long+Short;40;46;52,174;0,716;0,876;28;46,429;-1,207;-0,94;0,658;-5,015;-0,94;False;11,376;0
FTSE MIB;Indici;Momentum 5g;Solo short;5;300;45,667;-0,181;-0,94;191;45,026;-0,05;0,697;0,955;-1,422;-0,94;False;4,823;0
Argento;Commodities;ADX>20 + direzione DI;Long+Short;10;160;47,5;-0,302;-0,725;107;42,991;-0,485;-0,94;0,821;-7,691;-0,94;False;8,746;0
Euro Stoxx 50;Indici;Prezzo vs SMA100;Solo short;20;66;42,424;-0,953;-0,94;40;35,0;-1,251;-0,55;0,562;-7,426;-0,94;False;8,401;0
FTSE MIB;Indici;Prezzo vs SMA20;Solo long;5;297;51,178;-0,152;-0,94;252;51,587;0,128;-0,614;1,157;4,772;-0,94;False;4,399;0
DAX;Indici;ADX>25 + direzione DI;Solo long;5;81;49,383;0,098;-0,265;68;54,412;0,02;-0,94;1,034;0,198;-0,94;False;2,762;0
FTSE MIB;Indici;SMA200 + Momentum20 concordi;Solo long;1;896;48,103;-0,062;-0,697;919;50,925;-0,028;-0,941;0,906;-3,82;-0,941;False;1,406;0
Argento;Commodities;Momentum 60g + filtro VIX;Solo long;1;934;38,116;-0,062;-0,638;832;41,827;-0,096;-0,941;0,855;-11,9;-0,941;False;2,19;0
Oro;Commodities;Momentum 5g;Solo short;5;299;46,488;0,042;0,88;199;43,719;-0,454;-0,941;0,619;-13,4;-0,941;False;3,542;0
FTSE MIB;Indici;Reversione RSI2 nel trend SMA200;Long+Short;20;63;58,73;0,071;0,058;46;52,174;-0,527;-0,941;0,774;-3,597;-0,941;False;10,66;0
DAX;Indici;Momentum 120g + filtro VIX;Solo long;3;533;51,595;0,015;-0,793;386;50,259;0,035;-0,942;1,07;2,011;-0,942;False;2,587;0
Petrolio WTI;Commodities;Momentum 120g;Solo short;1;1047;48,042;-0,038;-0,857;848;46,344;-0,112;-0,942;0,893;-14,106;-0,942;False;3,849;0
Petrolio WTI;Commodities;Momentum 10g;Solo short;1;1095;47,123;-0,014;-0,579;759;45,455;-0,123;-0,942;0,893;-13,879;-0,942;False;3,787;0
Euro Stoxx 50;Indici;EMA 50/200;Long+Short;40;58;51,724;-0,338;-0,622;41;53,659;-0,116;-0,943;0,955;-0,706;-0,943;False;12,939;0
FTSE MIB;Indici;Reversione RSI2;Solo short;3;177;41,243;0,062;0,259;151;41,722;-0,225;-0,943;0,678;-5,049;-0,943;False;2,679;0
EUR/CHF;Valute;Momentum 10g;Solo long;5;288;40,972;-0,106;-0,943;199;46,734;-0,054;-0,337;0,806;-1,589;-0,943;False;1,245;0
Gas naturale;Commodities;ADX>20 + direzione DI;Solo short;40;38;47,368;-1,472;-0,943;22;59,091;5,793;2,331;2,024;18,899;-0,943;False;46,779;0
FTSE MIB;Indici;Momentum 60g + filtro VIX;Long+Short;10;214;46,729;-0,228;-0,827;149;55,034;0,037;-0,943;1,03;0,826;-0,943;False;6,479;0
Argento;Commodities;EMA 20/50;Solo long;5;207;47,343;-0,25;-0,943;205;50,244;0,109;-0,775;1,062;3,311;-0,943;False;6,149;0
Gas naturale;Commodities;Momentum 60g;Solo short;3;441;48,299;-0,084;-0,944;283;52,297;-0,466;-0,629;0,843;-19,557;-0,944;False;9,902;0
Gas naturale;Commodities;EMA 50/200;Long+Short;3;772;45,725;-0,128;-0,944;564;52,66;0,199;0,606;1,074;16,645;-0,944;False;9,233;0
USD/JPY;Valute;EMA 50/200;Solo long;3;451;49,667;0,041;0,383;408;53,922;0,021;-0,945;1,06;1,3;-0,945;False;1,784;0
FTSE MIB;Indici;ADX>20 + direzione DI;Long+Short;40;50;38,0;-1,099;-0,945;31;54,839;0,778;0,103;1,284;3,577;-0,945;False;14,144;0
Argento;Commodities;EMA 50/200;Solo long;3;247;52,632;-0,01;-0,033;413;50,363;-0,014;-0,945;0,99;-0,845;-0,945;False;5,102;0
Nasdaq 100;Indici;Momentum 20g;Long+Short;5;464;52,371;0,001;-0,945;337;53,116;0,08;-0,225;1,073;3,995;-0,945;False;4,123;0
Gas naturale;Commodities;EMA 10/30;Solo short;10;146;52,74;-0,497;-0,946;97;54,639;-0,108;0,59;0,98;-1,549;-0,946;False;20,261;0
Nasdaq 100;Indici;Momentum 20g;Solo short;1;745;45,369;-0,07;-0,946;587;46,678;-0,078;-0,568;0,879;-6,786;-0,946;False;1,888;0
EUR/USD;Valute;Prezzo vs SMA200 + filtro VIX;Long+Short;1;2003;49,276;-0,011;-0,947;1407;48,33;-0,007;-0,664;0,956;-1,507;-0,947;False;0,984;0
EUR/USD;Valute;SMA200 + Momentum20 concordi;Solo long;1;728;48,077;-0,027;-0,947;649;46,379;-0,007;-0,496;0,961;-0,646;-0,947;False;1,003;0
EUR/USD;Valute;Momentum 120g + filtro VIX;Solo short;3;402;49,005;-0,017;-0,947;227;52,863;0,044;0,976;1,169;1,471;-0,947;False;1,55;0
USD/JPY;Valute;EMA 10/30;Solo short;3;412;46,117;-0,067;-0,948;235;42,553;-0,099;-0,429;0,78;-3,461;-0,948;False;1,849;0
Argento;Commodities;Momentum 20g;Solo short;3;460;52,609;0,175;1,325;281;42,705;-0,396;-0,949;0,742;-16,49;-0,949;False;4,29;0
GBP/USD;Valute;Prezzo vs SMA200;Solo short;40;40;57,5;0,396;0,257;27;40,741;-0,856;-0,95;0,551;-3,425;-0,95;False;6,151;0
Euro Stoxx 50;Indici;Momentum 120g;Solo long;5;299;52,843;-0,049;-0,95;255;54,51;0,131;-0,335;1,187;4,966;-0,95;False;3,36;0
FTSE MIB;Indici;ADX>20 + direzione DI;Solo short;20;69;39,13;-0,906;-0,951;36;36,111;-1,587;-0,397;0,523;-8,477;-0,951;False;10,142;0
FTSE MIB;Indici;Breakout Donchian 55;Solo long;10;148;55,405;0,119;0,244;129;58,14;0,206;-0,951;1,185;3,947;-0,951;False;5,92;0
S&P 500;Indici;Breakout Donchian 55;Solo long;40;49;65,306;1,314;-0,951;33;72,727;2,097;-0,213;2,678;10,265;-0,951;False;7,786;0
GBP/USD;Valute;Prezzo vs SMA20;Solo long;5;292;46,575;-0,095;-0,952;217;47,465;-0,023;-0,416;0,95;-0,73;-0,952;False;2,007;0
EUR/USD;Valute;Reversione RSI2 nel trend SMA200;Long+Short;20;60;60,0;0,202;0,617;48;41,667;-0,253;-0,953;0,702;-1,804;-0,953;False;3,933;0
FTSE MIB;Indici;Momentum 120g;Long+Short;1;2334;48,843;-0,032;-0,953;1714;49,183;-0,021;-0,698;0,944;-5,452;-0,953;False;1,805;0
Argento;Commodities;Prezzo vs SMA100;Solo long;40;39;35,897;-1,061;-0,953;33;57,576;4,752;0,145;2,25;23,255;-0,953;False;16,817;0
DAX;Indici;Momentum 20g;Solo short;10;129;38,76;-0,356;-0,055;94;35,106;-0,878;-0,953;0,563;-12,248;-0,953;False;5,928;0
Argento;Commodities;Breakout Donchian 20;Long+Short;5;463;44,924;-0,048;-0,251;338;47,041;-0,194;-0,953;0,904;-9,701;-0,953;False;6,156;0
EUR/USD;Valute;Prezzo vs SMA200 + filtro VIX;Long+Short;60;39;48,718;0,302;0,551;27;51,852;-0,615;-0,954;0,631;-2,464;-0,954;False;5,745;0
Gas naturale;Commodities;ADX>25 + direzione DI;Solo long;1;376;44,947;-0,262;-0,955;433;48,499;-0,022;0,217;0,986;-1,388;-0,955;False;5,772;0
Euro Stoxx 50;Indici;Prezzo vs SMA200;Solo long;40;44;52,273;-0,255;-0,955;35;60,0;1,143;-0,361;1,664;5,936;-0,955;False;11,895;0
Euro Stoxx 50;Indici;SMA200 + Momentum20 concordi;Solo short;20;47;40,426;-1,094;-0,955;25;44,0;-1,176;-0,324;0,611;-4,362;-0,955;False;8,874;0
Gas naturale;Commodities;ADX>20 + direzione DI;Solo long;40;36;44,444;-2,11;-0,556;28;50,0;-0,077;-0,955;0,991;-0,318;-0,955;False;29,749;0
Argento;Commodities;Momentum 20g;Solo short;60;34;55,882;1,807;1,236;25;28,0;-10,224;-0,956;0,214;-37,905;-0,956;False;29,175;0
Petrolio WTI;Commodities;Momentum 120g + filtro VIX;Solo long;40;36;47,222;-1,27;-0,827;29;37,931;-0,125;-0,956;0,984;-0,539;-0,956;False;22,238;0
EUR/USD;Valute;Momentum 5g;Solo short;10;194;45,361;-0,01;-0,831;143;46,853;-0,137;-0,956;0,777;-2,904;-0,956;False;2,662;0
DAX;Indici;Prezzo vs SMA200 + filtro VIX;Solo long;5;329;55,015;0,033;-0,956;252;57,54;0,145;-0,419;1,239;5,417;-0,956;False;3,466;0
EUR/CHF;Valute;Momentum 5g;Solo short;5;343;47,813;-0,004;-0,714;248;50,806;-0,006;-0,956;0,979;-0,203;-0,956;False;1,288;0
DAX;Indici;Momentum 60g + filtro VIX;Solo long;10;168;56,548;0,119;-0,956;124;54,032;0,193;-0,901;1,202;3,551;-0,956;False;5,12;0
Petrolio WTI;Commodities;Breakout Donchian 20;Solo long;1;1247;51,002;-0,067;-0,957;826;52,663;0,061;0,555;1,07;7,433;-0,957;False;3,325;0
EUR/USD;Valute;Prezzo vs SMA100;Long+Short;5;481;48,441;-0,049;-0,957;350;50,571;-0,014;-0,243;0,964;-0,745;-0,957;False;1,95;0
Euro Stoxx 50;Indici;Breakout Donchian 55;Long+Short;5;461;46,638;-0,103;-0,957;338;50,888;-0,056;-0,778;0,942;-2,828;-0,957;False;4,114;0
S&P 500;Indici;ADX>25 + direzione DI;Solo short;20;35;37,143;-1,508;-0,958;23;26,087;-1,985;-0,597;0,466;-6,773;-0,958;False;8,169;0
GBP/USD;Valute;SMA200 + Momentum20 concordi;Solo long;3;276;50,0;-0,077;-0,959;258;47,674;-0,022;-0,6;0,924;-0,828;-0,959;False;1,485;0
GBP/USD;Valute;EMA 50/200 + filtro VIX;Long+Short;60;39;53,846;-0,024;-0,19;27;51,852;-0,724;-0,959;0,633;-2,897;-0,959;False;6,58;0
S&P 500;Indici;Momentum 60g;Solo short;3;200;37,5;-0,274;-0,959;146;45,205;-0,206;-0,303;0,813;-4,468;-0,959;False;3,225;0
GBP/USD;Valute;EMA 50/200;Solo long;5;197;47,208;-0,051;-0,286;232;46,121;-0,059;-0,96;0,861;-2,031;-0,96;False;1,754;0
Euro Stoxx 50;Indici;Momentum 60g;Solo short;40;39;30,769;-1,709;-0,96;24;41,667;-2,091;-0,314;0,542;-7,444;-0,96;False;11,845;0
FTSE MIB;Indici;Momentum 120g;Solo long;1;1325;49,057;-0,062;-0,771;1339;50,934;-0,027;-0,96;0,918;-5,447;-0,96;False;1,52;0
Argento;Commodities;Prezzo vs SMA200 + filtro VIX;Solo long;1;793;39,596;-0,081;-0,96;961;40,791;-0,074;-0,715;0,886;-10,481;-0,96;False;2,285;0
Petrolio WTI;Commodities;Momentum 60g;Solo long;5;272;53,676;0,084;0,338;183;51,366;-0,081;-0,961;0,961;-2,19;-0,961;False;7,957;0
EUR/USD;Valute;Prezzo vs SMA200;Solo long;1;1078;48,794;-0,021;-0,806;932;46,137;-0,012;-0,961;0,931;-1,665;-0,961;False;0,999;0
S&P 500;Indici;ADX>25 + direzione DI;Solo long;3;139;61,871;0,036;-0,961;134;58,209;0,108;-0,283;1,268;2,145;-0,961;False;1,8;0
Euro Stoxx 50;Indici;Momentum 10g;Solo short;5;258;45,349;-0,248;-0,961;194;40,722;-0,231;-0,247;0,794;-6,647;-0,961;False;4,528;0
Gas naturale;Commodities;Breakout Donchian 55;Solo short;3;388;50,0;-0,094;-0,961;289;52,595;-0,426;-0,541;0,861;-18,257;-0,961;False;9,703;0
USD/JPY;Valute;Reversione RSI2;Solo short;10;110;44,545;-0,247;-0,961;96;45,833;-0,139;0,454;0,824;-1,98;-0,961;False;3,144;0
Argento;Commodities;ADX>20 + direzione DI;Solo short;5;185;45,946;-0,155;-0,633;94;39,362;-0,871;-0,961;0,605;-12,141;-0,961;False;5,126;0
Gas naturale;Commodities;Breakout Donchian 55;Long+Short;3;772;47,28;-0,136;-0,828;564;50,355;-0,31;-0,962;0,894;-25,915;-0,962;False;9,355;0
Nasdaq 100;Indici;Prezzo vs SMA200 + filtro VIX;Solo long;10;198;62,121;0,443;-0,962;128;63,281;0,742;-0,099;1,686;14,09;-0,962;False;5,033;0
Argento;Commodities;Momentum 120g;Solo long;20;63;38,095;-0,634;-0,962;64;51,562;1,687;-0,2;1,544;16,009;-0,962;False;11,842;0
FTSE MIB;Indici;Momentum 20g;Solo short;20;85;48,235;-0,826;-0,962;53;37,736;-1,207;-0,175;0,547;-9,487;-0,962;False;9,456;0
S&P 500;Indici;Breakout Donchian 55;Solo short;3;173;38,728;-0,295;-0,962;137;42,336;-0,22;-0,372;0,789;-4,47;-0,962;False;3,414;0
S&P 500;Indici;Prezzo vs SMA20;Solo short;40;48;22,917;-2,439;-0,962;31;22,581;-2,197;0,069;0,448;-10,106;-0,962;False;9,175;0
Petrolio WTI;Commodities;Prezzo vs SMA20;Solo long;1;1234;50,324;-0,069;-0,962;890;51,348;0,012;0,007;1,014;1,603;-0,962;False;3,367;0
DAX;Indici;Prezzo vs SMA100;Solo long;10;176;58,523;0,086;-0,963;132;54,545;0,17;-0,953;1,165;3,332;-0,963;False;5,184;0
Nasdaq 100;Indici;Momentum 120g;Long+Short;5;464;58,621;0,112;-0,963;337;53,412;0,169;-0,343;1,161;8,453;-0,963;False;4,36;0
Gas naturale;Commodities;Breakout Donchian 55 + filtro VIX;Long+Short;5;407;48,649;-0,299;-0,963;288;48,611;-0,117;-0,195;0,968;-5,006;-0,963;False;12,112;0
Gas naturale;Commodities;Prezzo vs SMA200;Solo short;40;43;55,814;0,164;-0,251;28;39,286;-9,049;-0,963;0,432;-37,574;-0,963;False;43,968;0
Oro;Commodities;Breakout Donchian 55;Solo long;60;28;46,429;-0,02;-0,963;23;69,565;4,509;0,27;4,462;15,379;-0,963;False;10,918;0
Ethereum;Cripto;Momentum 20g;Solo long;3;85;45,882;-0,72;-0,964;480;51,667;0,73;0,343;1,344;51,955;-0,964;False;10,156;0
EUR/USD;Valute;Breakout Donchian 55 + filtro VIX;Solo long;1;975;48,308;-0,023;-0,964;789;47,909;-0,011;-0,88;0,933;-1,292;-0,964;False;0,93;0
S&P 500;Indici;Momentum 120g + filtro VIX;Long+Short;20;109;63,303;0,577;-0,193;76;61,842;0,099;-0,964;1,055;1,116;-0,964;False;6,179;0
EUR/USD;Valute;Momentum 20g;Long+Short;5;481;46,985;-0,036;-0,719;350;48,857;-0,054;-0,964;0,868;-2,826;-0,964;False;1,908;0
S&P 500;Indici;EMA 50/200;Solo short;5;56;35,714;-0,575;-0,964;63;41,27;-0,552;-0,667;0,666;-5,158;-0,964;False;5,108;0
EUR/USD;Valute;Prezzo vs SMA50;Solo long;3;423;46,336;-0,068;-0,964;302;47,351;-0,005;-0,228;0,984;-0,212;-0,964;False;1,527;0
Nasdaq 100;Indici;SMA200 + Momentum20 concordi;Long+Short;60;39;71,795;2,027;-0,965;26;76,923;2,177;-0,281;1,691;8,399;-0,965;False;15,458;0
Nasdaq 100;Indici;ADX>25 + direzione DI;Long+Short;10;83;48,193;-0,235;-0,965;78;48,718;-0,231;-0,651;0,882;-2,677;-0,965;False;7,688;0
Oro;Commodities;EMA 50/200 + filtro VIX;Solo long;5;229;52,402;0,01;-0,393;230;53,478;0,136;-0,965;1,163;4,631;-0,965;False;3,662;0
GBP/USD;Valute;Breakout Donchian 20;Solo long;3;402;46,517;-0,064;-0,966;329;49,24;-0,012;-0,35;0,964;-0,597;-0,966;False;1,468;0
Oro;Commodities;Breakout Donchian 55;Long+Short;40;58;41,379;-0,716;-0,966;42;69,048;2,614;1,36;2,963;16,28;-0,966;False;10,88;0
S&P 500;Indici;Momentum 20g;Solo short;20;66;30,303;-1,416;-0,967;47;36,17;-1,363;-0,306;0,543;-9,504;-0,967;False;8,453;0
Oro;Commodities;EMA 50/200 + filtro VIX;Long+Short;10;209;53,589;0,039;0,125;149;50,336;0,101;-0,967;1,082;2,243;-0,967;False;4,997;0
EUR/CHF;Valute;Prezzo vs SMA200 + filtro VIX;Solo long;5;176;38,636;-0,061;-0,199;107;46,729;-0,093;-0,968;0,664;-1,474;-0,968;False;1,146;0
Gas naturale;Commodities;Momentum 60g + filtro VIX;Long+Short;3;666;48,198;-0,157;-0,968;463;48,164;-0,281;-0,876;0,901;-19,297;-0,968;False;8,741;0
Petrolio WTI;Commodities;Reversione RSI2 nel trend SMA200;Solo long;3;66;46,97;-0,336;-0,968;31;61,29;1,314;1,208;1,845;6,039;-0,968;False;6,524;0
USD/JPY;Valute;Reversione RSI2;Solo short;3;174;50,575;-0,096;-0,968;164;48,78;-0,004;0,849;0,99;-0,092;-0,968;False;1,813;0
Gas naturale;Commodities;SMA200 + Momentum20 concordi;Long+Short;40;56;44,643;-0,451;-0,281;39;43,59;-3,666;-0,968;0,683;-21,205;-0,968;False;35,734;0
S&P 500;Indici;Prezzo vs SMA200;Solo short;5;73;41,096;-0,509;-0,969;79;45,57;-0,456;-0,481;0,718;-5,344;-0,969;False;4,802;0
Gas naturale;Commodities;ADX>20 + direzione DI;Solo long;20;58;37,931;-0,802;-0,332;49;44,898;-0,298;-0,969;0,955;-2,165;-0,969;False;22,766;0
Argento;Commodities;EMA 20/50;Long+Short;40;58;36,207;-1,477;-0,97;42;50,0;0,394;0,059;1,064;2,453;-0,97;False;20,984;0
S&P 500;Indici;Reversione RSI2 nel trend SMA200;Long+Short;10;81;51,852;-0,004;-0,971;63;58,73;0,138;-0,338;1,101;1,287;-0,971;False;4,483;0
Euro Stoxx 50;Indici;SMA200 + Momentum20 concordi;Long+Short;3;558;51,613;-0,061;-0,859;415;53,976;-0,045;-0,971;0,934;-2,785;-0,971;False;3,013;0
Nasdaq 100;Indici;EMA 20/50;Solo long;40;51;70,588;1,949;-0,971;36;61,111;2,357;-0,592;1,979;12,589;-0,971;False;12,017;0
FTSE MIB;Indici;ADX>25 + direzione DI;Solo short;10;64;43,75;-0,315;-0,418;29;31,034;-1,883;-0,971;0,492;-8,102;-0,971;False;7,039;0
Petrolio WTI;Commodities;Reversione RSI2;Long+Short;3;339;48,083;-0,168;-0,972;251;52,988;0,305;0,987;1,186;11,369;-0,972;False;6,59;0
EUR/CHF;Valute;Prezzo vs SMA200 + filtro VIX;Long+Short;5;424;44,104;-0,018;-0,721;292;53,082;-0,023;-0,972;0,906;-1,013;-0,972;False;1,188;0
DAX;Indici;Momentum 10g;Solo long;20;105;59,048;0,816;0,194;77;55,844;0,23;-0,972;1,127;2,63;-0,972;False;7,634;0
S&P 500;Indici;Prezzo vs SMA200;Solo short;3;113;38,053;-0,362;-0,972;125;43,2;-0,206;-0,276;0,819;-3,815;-0,972;False;3,859;0
Argento;Commodities;Momentum 120g;Solo long;10;118;46,61;-0,365;-0,972;122;53,279;1,108;0,292;1,485;20,055;-0,972;False;8,625;0
FTSE MIB;Indici;Momentum 60g;Solo short;20;73;39,726;-0,913;-0,972;35;31,429;-1,769;-0,506;0,527;-9,184;-0,972;False;11,179;0
DAX;Indici;Reversione RSI2 nel trend SMA200;Long+Short;1;196;52,041;-0,073;-0,973;133;55,639;0,13;1,361;1,449;2,571;-0,973;False;1,473;0
Oro;Commodities;Reversione RSI2 nel trend SMA200;Solo short;1;101;44,554;-0,057;-0,973;39;53,846;0,015;0,271;1,056;0,085;-0,973;False;1,296;0
Gas naturale;Commodities;Prezzo vs SMA20;Solo short;5;296;50,676;-0,197;-0,973;199;50,754;-0,61;-0,217;0,853;-17,993;-0,973;False;12,436;0
Gas naturale;Commodities;Momentum 10g;Solo short;1;1190;50,672;0,034;-0,974;800;49,75;0,1;0,277;1,073;11,87;-0,974;False;4,814;0
DAX;Indici;EMA 10/30;Solo long;5;319;53,918;0,041;-0,902;246;57,724;0,055;-0,974;1,073;2,022;-0,974;False;3,634;0
FTSE MIB;Indici;EMA 10/30;Solo long;20;85;52,941;-0,075;-0,442;72;58,333;0,446;-0,976;1,269;4,769;-0,976;False;10,044;0
EUR/USD;Valute;Momentum 60g + filtro VIX;Long+Short;5;425;50,824;-0,005;-0,136;292;47,603;-0,054;-0,976;0,86;-2,322;-0,976;False;1,843;0
S&P 500;Indici;EMA 20/50;Solo long;60;36;75,0;2,566;0,006;26;73,077;2,188;-0,976;2,006;8,438;-0,976;False;11,71;0
Nasdaq 100;Indici;Momentum 120g + filtro VIX;Solo long;20;100;72,0;1,186;-0,34;68;63,235;0,921;-0,976;1,543;9,295;-0,976;False;8,358;0
S&P 500;Indici;SMA200 + Momentum20 concordi;Long+Short;40;56;64,286;0,804;-0,976;39;61,538;0,566;-0,305;1,243;3,272;-0,976;False;9,765;0
Nasdaq 100;Indici;Breakout Donchian 55 + filtro VIX;Long+Short;20;109;61,468;0,553;-0,895;76;59,211;0,105;-0,977;1,043;1,18;-0,977;False;7,815;0
Argento;Commodities;Breakout Donchian 55 + filtro VIX;Solo long;20;60;40,0;-0,572;-0,977;57;45,614;1,425;-0,33;1,418;12,041;-0,977;False;12,224;0
Gas naturale;Commodities;Momentum 20g;Long+Short;60;39;43,59;-3,609;-0,977;27;33,333;-3,857;-0,698;0,75;-15,443;-0,977;False;43,337;0
Petrolio WTI;Commodities;EMA 50/200;Long+Short;10;232;44,828;-0,38;-0,977;168;47,024;-0,338;-0,319;0,901;-8,415;-0,977;False;11,565;0
FTSE MIB;Indici;ADX>25 + direzione DI;Solo long;10;46;52,174;-0,022;-0,135;36;44,444;0,052;-0,977;1,046;0,276;-0,977;False;6,157;0
Gas naturale;Commodities;Momentum 20g;Long+Short;1;2311;48,291;-0,044;-0,978;1692;49,409;-0,003;0,036;0,998;-0,684;-0,978;False;4,902;0
S&P 500;Indici;Momentum 120g + filtro VIX;Solo long;20;98;67,347;0,697;-0,62;70;68,571;0,542;-0,978;1,412;5,628;-0,978;False;6,329;0
Oro;Commodities;Prezzo vs SMA50;Solo short;3;430;45,581;-0,098;-0,978;235;46,383;-0,198;-0,39;0,75;-6,898;-0,978;False;2,651;0
Oro;Commodities;Reversione RSI2 nel trend SMA200;Solo long;1;103;39,806;-0,018;-0,067;92;50,0;-0,111;-0,978;0,753;-1,52;-0,978;False;1,599;0
DAX;Indici;Momentum 120g;Long+Short;5;467;50,321;-0,055;-0,956;342;52,339;-0,049;-0,979;0,944;-2,469;-0,979;False;4,044;0
GBP/USD;Valute;ADX>25 + direzione DI;Solo long;40;23;34,783;-0,659;-0,721;20;55,0;-0,572;-0,979;0,638;-1,698;-0,979;False;6,185;0
GBP/USD;Valute;Momentum 120g;Long+Short;20;121;52,893;0,101;0,572;86;45,349;-0,277;-0,979;0,745;-3,532;-0,979;False;3,764;0
Petrolio WTI;Commodities;Momentum 120g;Long+Short;5;463;52,484;0,027;0,132;338;47,041;-0,352;-0,979;0,862;-17,651;-0,979;False;8,91;0
Argento;Commodities;Momentum 10g;Long+Short;5;463;47,084;0,241;1,422;338;47,929;-0,241;-0,98;0,88;-12,071;-0,98;False;5,932;0
FTSE MIB;Indici;Momentum 10g;Long+Short;20;117;46,154;-0,525;-0,98;85;55,294;0,125;-0,196;1,069;1,581;-0,98;False;9,141;0
FTSE MIB;Indici;Breakout Donchian 20;Solo short;1;1136;48,415;-0,005;-0,981;607;43,657;-0,036;-0,66;0,929;-3,231;-0,981;False;2,075;0
Argento;Commodities;ADX>25 + direzione DI;Solo long;3;138;46,377;-0,268;-0,981;121;56,198;0,298;0,238;1,201;5,342;-0,981;False;5,022;0
GBP/USD;Valute;Momentum 120g;Solo short;10;134;52,239;0,068;0,023;92;44,565;-0,194;-0,981;0,745;-2,643;-0,981;False;2,933;0
FTSE MIB;Indici;EMA 20/50;Long+Short;10;234;47,009;-0,1;-0,388;171;50,292;-0,074;-0,981;0,949;-1,884;-0,981;False;6,662;0
DAX;Indici;Prezzo vs SMA200 + filtro VIX;Solo short;10;53;30,189;-0,623;-0,522;28;42,857;-1,165;-0,982;0,471;-4,841;-0,982;False;6,229;0
Petrolio WTI;Commodities;EMA 50/200;Long+Short;40;58;51,724;-0,745;-0,445;42;40,476;-3,238;-0,983;0,617;-20,167;-0,983;False;22,678;0
Bitcoin;Cripto;Reversione RSI2;Solo long;3;107;55,14;-0,013;-0,983;166;57,229;0,298;-0,272;1,136;7,344;-0,983;False;12,638;0
Argento;Commodities;Prezzo vs SMA20;Solo long;1;1067;39,831;-0,012;0,537;934;39,936;-0,091;-0,983;0,859;-12,633;-0,983;False;2,111;0
Nasdaq 100;Indici;Momentum 60g + filtro VIX;Solo long;20;97;65,979;0,896;-0,984;65;64,615;1,067;-0,717;1,652;10,293;-0,984;False;7,416;0
DAX;Indici;Prezzo vs SMA50;Solo short;10;111;38,739;-0,737;-0,984;81;39,506;-0,628;-0,371;0,685;-7,547;-0,984;False;6,53;0
Nasdaq 100;Indici;SMA200 + Momentum20 concordi;Solo long;10;180;61,111;0,43;-0,985;117;63,248;0,735;-0,121;1,727;12,762;-0,985;False;4,679;0
Ethereum;Cripto;EMA 50/200;Solo short;1;482;52,282;-0,001;-0,016;1077;45,59;-0,324;-0,985;0,783;-51,752;-0,985;False;5,705;0
Argento;Commodities;EMA 20/50;Long+Short;3;771;47,341;-0,098;-0,985;565;49,381;-0,107;-0,807;0,925;-8,962;-0,985;False;4,487;0
DAX;Indici;Breakout Donchian 20;Solo short;10;109;40,367;-0,45;-0,281;85;31,765;-0,883;-0,986;0,568;-11,141;-0,986;False;5,381;0
S&P 500;Indici;Breakout Donchian 20;Solo long;5;310;61,29;0,171;-0,516;248;56,452;0,141;-0,986;1,23;5,198;-0,986;False;2,776;0
Gas naturale;Commodities;Prezzo vs SMA100;Solo short;10;152;49,342;-0,457;-0,987;99;46,465;-1,119;-0,155;0,804;-16,435;-0,987;False;18,362;0
Argento;Commodities;Prezzo vs SMA100;Long+Short;60;39;25,641;-2,384;-0,987;27;44,444;3,042;0,069;1,422;12,178;-0,987;False;21,604;0
Argento;Commodities;EMA 10/30;Long+Short;60;39;25,641;-2,384;-0,987;27;33,333;-1,031;-0,373;0,889;-4,128;-0,987;False;22,999;0
Argento;Commodities;EMA 20/50;Long+Short;60;39;25,641;-2,384;-0,987;27;37,037;-0,456;-0,036;0,949;-1,827;-0,987;False;22,999;0
EUR/USD;Valute;EMA 50/200;Long+Short;40;61;52,459;0,303;0,636;42;42,857;-0,404;-0,988;0,701;-2,519;-0,988;False;5,34;0
FTSE MIB;Indici;Breakout Donchian 20;Solo long;20;76;50,0;0,136;-0,039;66;57,576;0,348;-0,988;1,214;3,41;-0,988;False;9,425;0
S&P 500;Indici;EMA 20/50;Solo long;20;99;67,677;0,586;-0,988;70;64,286;0,893;-0,505;1,855;9,276;-0,988;False;6,016;0
Bitcoin;Cripto;Prezzo vs SMA20;Solo short;1;743;44,549;-0,123;0,569;1146;43,717;-0,245;-0,988;0,799;-41,632;-0,988;False;4,926;0
GBP/USD;Valute;Breakout Donchian 55;Solo short;5;276;48,551;-0,044;-0,989;160;48,125;-0,07;-0,518;0,868;-1,656;-0,989;False;2,088;0
Argento;Commodities;ADX>20 + direzione DI;Solo long;10;86;45,349;-0,119;-0,369;73;42,466;0,107;-0,989;1,045;1,159;-0,989;False;8,658;0
EUR/CHF;Valute;ADX>25 + direzione DI;Long+Short;10;117;45,299;0,01;0,18;80;48,75;-0,093;-0,989;0,778;-1,101;-0,989;False;1,784;0
S&P 500;Indici;Breakout Donchian 20;Solo long;20;87;71,264;0,852;-0,175;68;66,176;0,466;-0,989;1,294;4,698;-0,989;False;5,622;0
Argento;Commodities;Prezzo vs SMA100;Long+Short;5;463;46,868;-0,173;-0,99;338;45,266;-0,109;-0,6;0,945;-5,484;-0,99;False;6,379;0
Euro Stoxx 50;Indici;ADX>25 + direzione DI;Solo long;5;77;59,74;-0,038;-0,575;64;59,375;-0,01;-0,99;0,981;-0,097;-0,99;False;3,486;0
Argento;Commodities;Breakout Donchian 20;Solo short;3;463;46,22;-0,101;-0,846;225;45,778;-0,435;-0,991;0,724;-14,524;-0,991;False;4,177;0
FTSE MIB;Indici;Prezzo vs SMA200;Long+Short;40;59;50,847;-0,088;-0,133;42;54,762;0,012;-0,991;1,004;0,075;-0,991;False;13,442;0
FTSE MIB;Indici;EMA 50/200;Solo short;10;99;44,444;-0,082;-0,064;37;43,243;-1,374;-0,991;0,517;-7,541;-0,991;False;8,978;0
Petrolio WTI;Commodities;Momentum 120g + filtro VIX;Solo short;5;185;52,973;-0,324;-0,991;148;42,568;-0,669;-0,973;0,681;-14,682;-0,991;False;7,565;0
Gas naturale;Commodities;Prezzo vs SMA100;Solo short;40;47;44,681;-1,472;-0,991;28;42,857;-7,923;-0,774;0,457;-32,898;-0,991;False;47,085;0
Petrolio WTI;Commodities;Prezzo vs SMA20;Long+Short;40;58;43,103;-1,72;-0,991;42;50,0;3,106;1,051;1,588;19,343;-0,991;False;21,93;0
S&P 500;Indici;Momentum 10g;Solo short;40;50;22,0;-2,48;-0,992;34;23,529;-2,42;-0,106;0,444;-12,206;-0,992;False;9,273;0
Oro;Commodities;Breakout Donchian 55;Solo short;20;60;36,667;-0,861;-0,992;26;46,154;-1,296;0,004;0,475;-4,998;-0,992;False;7,384;0
DAX;Indici;Momentum 120g;Solo long;5;344;54,651;0,094;-0,466;264;54,924;0,06;-0,992;1,082;2,355;-0,992;False;3,619;0
FTSE MIB;Indici;EMA 10/30;Solo short;20;70;41,429;-0,81;-0,784;37;35,135;-2,221;-0,993;0,411;-12,193;-0,993;False;10,948;0
Nasdaq 100;Indici;ADX>25 + direzione DI;Solo short;5;72;36,111;-0,656;-0,993;63;44,444;-0,249;0,199;0,874;-2,33;-0,993;False;5,627;0
Bitcoin;Cripto;Momentum 10g;Solo short;1;727;44,842;-0,133;0,505;1110;43,784;-0,247;-0,993;0,798;-40,704;-0,993;False;4,923;0
Oro;Commodities;Breakout Donchian 55 + filtro VIX;Solo short;20;58;37,931;-0,893;-0,994;24;50,0;-0,575;0,797;0,697;-2,046;-0,994;False;7,549;0
Nasdaq 100;Indici;EMA 50/200 + filtro VIX;Solo long;3;642;55,763;0,107;-0,994;393;59,033;0,23;0,252;1,387;13,394;-0,994;False;2,677;0
EUR/CHF;Valute;Prezzo vs SMA20;Solo short;10;178;50,0;0,043;-0,476;131;51,908;-0,006;-0,995;0,983;-0,118;-0,995;False;1,717;0
EUR/USD;Valute;Momentum 20g;Long+Short;20;121;47,934;0,069;0,326;86;43,023;-0,219;-0,995;0,757;-2,796;-0,995;False;3,968;0
FTSE MIB;Indici;Breakout Donchian 20;Solo long;3;412;51,456;-0,116;-0,995;378;56,085;0,016;-0,994;1,027;0,924;-0,995;False;3,058;0
Euro Stoxx 50;Indici;Prezzo vs SMA200;Solo long;5;301;53,156;-0,051;-0,996;259;57,915;0,092;-0,666;1,133;3,549;-0,996;False;3,484;0
Gas naturale;Commodities;EMA 10/30;Long+Short;1;2314;47,623;-0,039;-0,996;1696;47,759;-0,065;-0,656;0,957;-16,34;-0,996;False;4,85;0
FTSE MIB;Indici;Momentum 5g;Long+Short;20;117;46,154;-0,545;-0,996;85;62,353;0,815;1,025;1,557;10,283;-0,996;False;10,056;0
EUR/USD;Valute;Reversione RSI2;Solo long;1;321;52,336;0,02;0,981;236;48,305;-0,03;-0,996;0,842;-1,048;-0,996;False;0,97;0
Nasdaq 100;Indici;Breakout Donchian 55;Solo long;20;99;60,606;0,932;-0,996;63;71,429;1,061;-0,738;1,719;9,921;-0,996;False;6,542;0
EUR/USD;Valute;Prezzo vs SMA200;Solo short;1;1325;48,981;-0,007;-0,997;822;49,027;-0,015;-0,771;0,919;-1,809;-0,997;False;1,083;0
Petrolio WTI;Commodities;SMA200 + Momentum20 concordi;Long+Short;20;104;46,154;-0,898;-0,997;75;52,0;-0,37;-0,127;0,933;-4,119;-0,997;False;17,22;0
USD/JPY;Valute;EMA 50/200;Solo short;5;214;43,925;-0,062;-0,273;109;44,037;-0,226;-0,998;0,57;-3,652;-0,998;False;2,28;0
Argento;Commodities;Momentum 60g + filtro VIX;Long+Short;20;108;39,815;-0,624;-0,903;77;41,558;-1,095;-0,998;0,766;-12,506;-0,998;False;13,049;0
FTSE MIB;Indici;Acquisto su picco VIX;Long+Short;3;102;58,824;0,128;0,463;79;54,43;-0,314;-0,998;0,784;-3,679;-0,998;False;5,669;0
FTSE MIB;Indici;Acquisto su picco VIX;Solo long;3;102;58,824;0,128;0,463;79;54,43;-0,314;-0,998;0,784;-3,679;-0,998;False;5,669;0
GBP/USD;Valute;Prezzo vs SMA200 + filtro VIX;Long+Short;60;39;53,846;0,05;0,068;27;48,148;-0,738;-0,999;0,627;-2,954;-0,999;False;6,58;0
Gas naturale;Commodities;EMA 50/200 + filtro VIX;Solo short;40;37;43,243;-1,585;-0,999;20;60,0;-0,901;0,497;0,924;-2,672;-0,999;False;36,425;0
DAX;Indici;Prezzo vs SMA200 + filtro VIX;Solo short;5;98;38,776;-0,45;-0,999;44;36,364;-0,486;-0,771;0,609;-3,176;-0,999;False;4,888;0
Euro Stoxx 50;Indici;Prezzo vs SMA200 + filtro VIX;Solo short;20;46;41,304;-1,033;-0,999;22;40,909;-0,896;-0,099;0,659;-2,926;-0,999;False;8,236;0
Petrolio WTI;Commodities;EMA 50/200 + filtro VIX;Solo long;1;1115;50,314;-0,069;-1,0;621;51,53;-0,067;-0,822;0,926;-6,189;-1,0;False;3,203;0
Petrolio WTI;Commodities;Reversione RSI2 nel trend SMA200;Solo long;1;119;45,378;-0,19;-1,0;47;63,83;0,819;2,086;2,249;5,705;-1,0;False;3,024;0
Argento;Commodities;EMA 50/200 + filtro VIX;Solo short;10;143;53,147;0,312;1,033;38;39,474;-1,933;-1,0;0,478;-10,894;-1,0;False;8,675;0
S&P 500;Indici;Breakout Donchian 20;Solo short;20;57;29,825;-1,409;-1,001;32;25,0;-1,512;-0,356;0,525;-7,179;-1,001;False;6,602;0
EUR/USD;Valute;Prezzo vs SMA100;Solo short;20;81;49,383;-0,107;-1,001;57;50,877;-0,049;0,039;0,943;-0,414;-1,001;False;3,971;0
EUR/USD;Valute;Prezzo vs SMA200 + filtro VIX;Solo short;10;130;49,231;-0,069;-1,001;73;50,685;0,059;0,494;1,118;0,635;-1,001;False;2,602;0
Petrolio WTI;Commodities;Prezzo vs SMA200 + filtro VIX;Solo long;10;132;52,273;-0,121;-0,365;83;51,807;-0,1;-1,001;0,965;-1,225;-1,001;False;10,986;0
USD/JPY;Valute;Prezzo vs SMA200;Solo long;3;446;51,121;0,047;0,517;387;54,005;0,019;-1,001;1,055;1,1;-1,001;False;1,802;0
Euro Stoxx 50;Indici;EMA 20/50;Solo long;20;83;53,012;-0,056;-0,789;64;54,688;0,234;-1,001;1,16;2,223;-1,001;False;7,517;0
USD/JPY;Valute;Breakout Donchian 20;Long+Short;1;2403;47,399;-0,009;-0,879;1754;50,684;-0,006;-1,002;0,972;-1,534;-1,002;False;1,145;0
DAX;Indici;Prezzo vs SMA200;Long+Short;5;467;51,178;-0,062;-1,002;342;53,801;0,06;-0,358;1,074;3,047;-1,002;False;4,033;0
EUR/USD;Valute;Breakout Donchian 55;Long+Short;3;801;48,439;-0,031;-1,002;584;50,856;-0,026;-0,797;0,917;-2,284;-1,002;False;1,548;0
Gas naturale;Commodities;Momentum 20g;Solo short;5;287;49,477;-0,208;-1,002;187;52,406;-0,445;-0,01;0,882;-12,331;-1,002;False;12,003;0
Oro;Commodities;Momentum 20g;Solo long;3;424;49,292;-0,026;-0,648;376;52,394;0,048;-1,002;1,067;2,657;-1,002;False;2,632;0
DAX;Indici;Momentum 120g + filtro VIX;Solo long;10;173;52,601;0,097;-0,987;124;58,065;0,169;-1,002;1,175;3,107;-1,002;False;5,13;0
DAX;Indici;Breakout Donchian 20;Solo long;60;33;72,727;2,056;-0,038;25;68,0;1,101;-1,002;1,373;4,084;-1,002;False;12,503;0
Gas naturale;Commodities;EMA 50/200;Solo short;3;479;50,313;-0,092;-1,002;278;50,36;0,196;0,931;1,079;8,092;-1,002;False;8,975;0
USD/JPY;Valute;Breakout Donchian 20;Solo long;1;1388;48,487;0,001;-0,433;1184;53,632;0,007;-1,002;1,039;1,288;-1,002;False;1,123;0
DAX;Indici;Momentum 60g;Solo long;40;50;66,0;1,394;-0,182;37;67,568;0,827;-1,003;1,437;4,542;-1,003;False;10,722;0
Argento;Commodities;Momentum 5g;Solo short;3;492;50,813;0,096;0,724;324;45,37;-0,405;-1,004;0,75;-19,442;-1,004;False;4,659;0
Euro Stoxx 50;Indici;Prezzo vs SMA200;Long+Short;40;58;48,276;-0,619;-0,851;41;53,659;-0,18;-1,005;0,931;-1,093;-1,005;False;13,238;0
EUR/USD;Valute;Momentum 120g;Solo long;1;1031;49,37;-0,024;-0,974;912;45,724;-0,013;-1,005;0,926;-1,712;-1,005;False;1,002;0
Petrolio WTI;Commodities;Momentum 60g + filtro VIX;Solo long;3;411;52,068;0,086;0,632;251;53,386;-0,09;-1,005;0,942;-3,351;-1,005;False;5,696;0
Euro Stoxx 50;Indici;Momentum 60g;Solo short;3;341;43,695;-0,171;-1,005;211;43,128;-0,283;-0,985;0,736;-8,87;-1,005;False;3,964;0
Bitcoin;Cripto;Momentum 60g + filtro VIX;Solo long;1;980;54,898;0,301;0,698;1247;48,035;0,064;-1,005;1,065;11,763;-1,005;False;4,909;0
Euro Stoxx 50;Indici;Prezzo vs SMA100;Solo long;20;90;53,333;-0,142;-1,006;69;57,971;0,592;-0,383;1,496;6,055;-1,006;False;8,017;0
S&P 500;Indici;ADX>25 + direzione DI;Solo long;40;23;60,87;0,953;-1,007;20;75,0;0,851;-0,686;1,305;2,526;-1,007;False;8,314;0
Argento;Commodities;Fine/inizio mese;Long+Short;1;111;42,342;-0,159;-0,782;81;48,148;-0,495;-1,007;0,584;-5,952;-1,007;False;2,39;0
Argento;Commodities;Fine/inizio mese;Solo long;1;111;42,342;-0,159;-0,782;81;48,148;-0,495;-1,007;0,584;-5,952;-1,007;False;2,39;0
GBP/USD;Valute;Breakout Donchian 20;Solo long;5;247;43,725;-0,106;-1,007;200;52,0;0,01;0,005;1,023;0,285;-1,007;False;1,781;0
USD/JPY;Valute;Momentum 120g + filtro VIX;Solo long;1;1020;50,49;0,03;1,216;922;55,315;0,005;-1,007;1,025;0,632;-1,007;False;1,133;0
Argento;Commodities;SMA200 + Momentum20 concordi;Long+Short;3;584;50,514;0,128;1,161;400;45,25;-0,146;-1,007;0,903;-8,638;-1,007;False;4,432;0
DAX;Indici;ADX>25 + direzione DI;Long+Short;20;54;50,0;-0,173;-0,398;34;47,059;-0,791;-1,007;0,696;-3,989;-1,007;False;7,893;0
FTSE MIB;Indici;Momentum 60g;Long+Short;5;468;47,65;-0,141;-1,008;341;51,026;-0,039;-0,916;0,962;-1,976;-1,008;False;4,574;0
Euro Stoxx 50;Indici;Prezzo vs SMA50;Solo short;3;359;43,733;-0,14;-0,798;227;41,85;-0,275;-1,008;0,737;-9,267;-1,008;False;3,568;0
DAX;Indici;Momentum 120g;Solo long;40;49;61,224;0,558;-1,008;35;60,0;0,567;-0,92;1,251;2,942;-1,008;False;10,987;0
S&P 500;Indici;Momentum 120g + filtro VIX;Long+Short;10;209;57,416;0,153;-1,009;147;60,544;0,183;-0,72;1,184;3,999;-1,009;False;4,041;0
Ethereum;Cripto;Prezzo vs SMA100;Solo long;1;152;50,0;0,269;0,746;1440;49,236;0,096;-1,009;1,07;20,558;-1,009;False;6,279;0
Argento;Commodities;Breakout Donchian 55;Solo long;20;65;40,0;-0,704;-1,009;60;43,333;1,291;-0,416;1,367;11,488;-1,009;False;13,717;0
Euro Stoxx 50;Indici;EMA 50/200;Solo long;10;144;50,694;0,073;-0,267;134;55,224;0,075;-1,01;1,07;1,488;-1,01;False;5,028;0
USD/JPY;Valute;Prezzo vs SMA50;Solo long;3;445;46,292;-0,005;-0,641;381;53,018;0,021;-1,01;1,063;1,207;-1,01;False;1,794;0
Nasdaq 100;Indici;ADX>20 + direzione DI;Solo short;5;132;37,121;-0,551;-1,01;99;44,444;-0,161;0,514;0,904;-2,369;-1,01;False;5,036;0
Gas naturale;Commodities;ADX>20 + direzione DI;Solo long;5;150;44,0;-0,651;-1,011;137;48,905;-0,465;-0,861;0,896;-9,453;-1,011;False;13,657;0
S&P 500;Indici;EMA 50/200;Solo short;3;92;42,391;-0,365;-1,011;105;39,048;-0,367;-0,874;0,693;-5,714;-1,011;False;3,349;0
S&P 500;Indici;Momentum 120g;Solo long;60;36;75,0;1,349;-1,011;24;75,0;2,872;-0,56;2,641;10,225;-1,011;False;10,647;0
S&P 500;Indici;Prezzo vs SMA200;Long+Short;20;116;64,655;0,311;-1,011;84;60,714;0,164;-0,901;1,09;2,038;-1,011;False;7,909;0
DAX;Indici;EMA 50/200;Solo long;40;47;61,702;0,532;-1,012;36;69,444;1,195;-0,538;1,666;6,384;-1,012;False;11,654;0
Nasdaq 100;Indici;ADX>25 + direzione DI;Solo long;10;53;64,151;0,29;-1,012;50;58,0;0,891;0,225;1,905;6,612;-1,012;False;4,765;0
Bitcoin;Cripto;EMA 20/50;Long+Short;1;1732;50,982;0,095;0,566;2462;46,751;-0,045;-1,012;0,958;-16,435;-1,012;False;4,904;0
Gas naturale;Commodities;Breakout Donchian 55 + filtro VIX;Long+Short;1;1936;48,605;-0,062;-1,013;1361;49,816;0,028;0,259;1,02;5,655;-1,013;False;4,656;0
DAX;Indici;Breakout Donchian 55 + filtro VIX;Solo long;40;46;56,522;0,47;-1,013;33;63,636;1,535;-0,268;2,038;7,517;-1,013;False;11,166;0
Argento;Commodities;Prezzo vs SMA200;Long+Short;5;463;47,732;-0,056;-0,286;338;45,562;-0,163;-1,013;0,919;-8,15;-1,013;False;6,319;0
Oro;Commodities;ADX>25 + direzione DI;Long+Short;5;190;48,947;-0,069;-0,454;167;45,509;-0,112;-1,013;0,892;-2,767;-1,013;False;4,138;0
FTSE MIB;Indici;SMA200 + Momentum20 concordi;Solo short;20;53;45,283;-1,196;-1,014;21;38,095;-2,581;-0,714;0,481;-8,041;-1,014;False;12,741;0
GBP/USD;Valute;EMA 50/200;Long+Short;60;41;43,902;-0,555;-1,014;28;42,857;-0,497;-0,726;0,711;-2,064;-1,014;False;6,815;0
S&P 500;Indici;SMA200 + Momentum20 concordi;Solo short;1;201;41,791;-0,129;-0,838;236;47,034;-0,143;-1,014;0,807;-5,005;-1,014;False;2,266;0
Nasdaq 100;Indici;Momentum 5g;Solo short;3;387;42,377;-0,26;-1,015;288;40,625;-0,351;-0,953;0,703;-15,0;-1,015;False;3,152;0
Euro Stoxx 50;Indici;Reversione RSI2 nel trend SMA200;Solo long;20;38;52,632;0,366;0,084;35;60,0;-0,364;-1,015;0,828;-1,892;-1,015;False;7,881;0
FTSE MIB;Indici;ADX>20 + direzione DI;Solo long;10;89;53,933;-0,365;-1,015;66;54,545;0,371;-0,309;1,349;3,635;-1,015;False;6,232;0
GBP/USD;Valute;EMA 10/30;Solo long;5;260;48,462;-0,104;-1,015;193;50,259;0,022;0,169;1,057;0,636;-1,015;False;1,939;0
Euro Stoxx 50;Indici;Fine/inizio mese;Long+Short;40;53;52,83;-0,237;-1,015;38;63,158;1,409;-0,143;1,891;7,942;-1,015;False;12,789;0
Euro Stoxx 50;Indici;Fine/inizio mese;Solo long;40;53;52,83;-0,237;-1,015;38;63,158;1,409;-0,143;1,891;7,942;-1,015;False;12,789;0
Oro;Commodities;ADX>25 + direzione DI;Solo long;3;153;49,673;0,064;0,286;187;52,406;-0,014;-1,015;0,983;-0,384;-1,015;False;3,06;0
Euro Stoxx 50;Indici;Breakout Donchian 55 + filtro VIX;Solo long;10;142;55,634;-0,094;-1,016;109;57,798;0,299;-0,263;1,312;4,83;-1,016;False;5,107;0
DAX;Indici;Prezzo vs SMA100;Solo long;60;35;57,143;0,711;-1,016;24;70,833;2,898;-0,094;3,265;10,317;-1,016;False;14,229;0
EUR/CHF;Valute;Breakout Donchian 55 + filtro VIX;Solo long;5;147;40,816;-0,057;-0,073;124;42,742;-0,095;-1,017;0,673;-1,745;-1,017;False;1,279;0
USD/JPY;Valute;Momentum 5g;Long+Short;10;241;48,548;-0,116;-1,017;174;53,448;0,132;0,639;1,226;3,404;-1,017;False;3,032;0
EUR/CHF;Valute;SMA200 + Momentum20 concordi;Solo short;3;353;47,592;-0,009;-0,949;285;51,579;-0,011;-1,017;0,946;-0,445;-1,017;False;1,111;0
FTSE MIB;Indici;Momentum 120g + filtro VIX;Solo long;20;74;58,108;0,611;0,749;68;61,765;0,394;-1,017;1,25;3,978;-1,017;False;7,768;0
GBP/USD;Valute;Momentum 5g;Solo long;3;475;48,211;-0,064;-1,017;355;49,859;-0,032;-0,753;0,91;-1,667;-1,017;False;1,531;0
FTSE MIB;Indici;Momentum 10g;Long+Short;40;59;47,458;-0,298;-0,389;42;47,619;-1,046;-1,017;0,691;-6,521;-1,017;False;13,88;0
Argento;Commodities;Prezzo vs SMA50;Solo long;1;966;37,578;-0,078;-1,017;953;41,553;-0,087;-0,894;0,868;-12,293;-1,017;False;2,236;0
Argento;Commodities;SMA200 + Momentum20 concordi;Long+Short;20;105;43,81;-0,808;-1,017;73;49,315;-0,597;-0,929;0,87;-6,459;-1,017;False;13,699;0
EUR/CHF;Valute;Prezzo vs SMA100;Solo long;3;341;44,575;-0,048;-0,548;248;46,774;-0,059;-1,018;0,743;-2,162;-1,018;False;1,017;0
USD/JPY;Valute;Reversione RSI2;Solo short;20;77;33,766;-0,458;-1,018;60;41,667;-0,553;-0,328;0,556;-4,921;-1,018;False;4,389;0
S&P 500;Indici;Momentum 60g;Long+Short;60;39;64,103;0,478;-1,019;27;62,963;1,031;-0,527;1,383;4,13;-1,019;False;12,22;0
Euro Stoxx 50;Indici;EMA 10/30;Solo long;3;463;53,564;-0,033;-0,966;378;54,497;0,02;-1,019;1,036;1,095;-1,019;False;2,654;0
DAX;Indici;EMA 10/30;Solo long;3;522;53,64;-0,002;-1,019;402;51,244;0,029;-0,87;1,051;1,725;-1,019;False;2,571;0
Gas naturale;Commodities;EMA 10/30;Long+Short;10;232;49,569;-0,529;-1,019;169;51,479;-0,231;-0,235;0,957;-5,783;-1,019;False;16,106;0
Euro Stoxx 50;Indici;Prezzo vs SMA20;Solo short;3;382;46,335;-0,123;-0,73;276;40,217;-0,251;-1,019;0,75;-10,288;-1,019;False;3,335;0
S&P 500;Indici;Prezzo vs SMA50;Solo long;20;103;66,99;0,586;-1,02;69;71,014;1,005;-0,238;1,947;10,288;-1,02;False;5,678;0
Euro Stoxx 50;Indici;Breakout Donchian 55 + filtro VIX;Solo short;10;76;42,105;-0,591;-1,02;42;42,857;-0,654;-0,459;0,637;-4,073;-1,02;False;5,812;0
Bitcoin;Cripto;Acquisto su picco VIX;Long+Short;10;32;46,875;-0,064;-1,02;47;59,574;1,941;0,267;1,608;13,53;-1,02;False;18,511;0
Bitcoin;Cripto;Acquisto su picco VIX;Solo long;10;32;46,875;-0,064;-1,02;47;59,574;1,941;0,267;1,608;13,53;-1,02;False;18,511;0
Petrolio WTI;Commodities;Fine/inizio mese;Long+Short;3;111;44,144;-0,42;-1,02;80;56,25;0,788;0,85;1,426;9,349;-1,02;False;6,994;0
Petrolio WTI;Commodities;Fine/inizio mese;Solo long;3;111;44,144;-0,42;-1,02;80;56,25;0,788;0,85;1,426;9,349;-1,02;False;6,994;0
DAX;Indici;Momentum 60g;Long+Short;3;777;50,837;-0,043;-0,91;572;49,476;-0,044;-1,02;0,936;-3,755;-1,02;False;2,901;0
EUR/USD;Valute;EMA 10/30;Long+Short;40;61;47,541;-0,053;-0,183;42;38,095;-0,448;-1,021;0,674;-2,788;-1,021;False;5,978;0
GBP/USD;Valute;EMA 50/200;Long+Short;40;61;54,098;-0,022;-0,178;42;40,476;-0,477;-1,021;0,688;-2,971;-1,021;False;5,176;0
Oro;Commodities;ADX>20 + direzione DI;Solo short;10;99;46,465;-0,066;0,241;63;41,27;-1,055;-1,021;0,412;-9,859;-1,021;False;5,052;0
Euro Stoxx 50;Indici;Prezzo vs SMA200 + filtro VIX;Long+Short;10;208;47,115;-0,143;-0,874;148;50,676;-0,048;-1,021;0,959;-1,056;-1,021;False;5,181;0
EUR/CHF;Valute;Momentum 120g;Solo short;5;310;48,71;0,031;-0,253;245;53,061;-0,008;-1,021;0,972;-0,277;-1,021;False;1,354;0
FTSE MIB;Indici;Momentum 120g;Long+Short;10;234;48,291;0,076;0,257;171;54,386;-0,058;-1,022;0,96;-1,481;-1,022;False;6,703;0
DAX;Indici;Prezzo vs SMA20;Solo short;5;243;45,267;-0,345;-1,022;175;42,286;-0,095;0,411;0,915;-2,458;-1,022;False;4,178;0
Bitcoin;Cripto;Prezzo vs SMA200 + filtro VIX;Long+Short;1;1424;51,685;0,149;0,729;1973;47,491;-0,023;-1,022;0,977;-6,674;-1,022;False;4,633;0
EUR/CHF;Valute;Prezzo vs SMA50;Solo long;10;139;35,971;-0,116;-0,125;98;43,878;-0,163;-1,022;0,608;-2,374;-1,022;False;1,743;0
Gas naturale;Commodities;Momentum 120g;Solo short;3;445;49,663;-0,094;-1,023;268;48,507;-0,104;0,18;0,961;-4,143;-1,023;False;9,005;0
S&P 500;Indici;Momentum 10g;Solo long;10;188;63,298;0,267;-1,023;135;70,37;0,853;1,249;2,286;17,079;-1,023;False;4,12;0
EUR/CHF;Valute;Reversione RSI2 nel trend SMA200;Solo short;3;81;45,679;-0,017;-0,757;64;42,188;-0,054;-1,023;0,791;-0,511;-1,023;False;1,367;0
GBP/USD;Valute;Breakout Donchian 55 + filtro VIX;Solo long;40;30;43,333;-0,845;-1,024;24;50,0;-0,353;-0,931;0,711;-1,258;-1,024;False;4,667;0
USD/JPY;Valute;Momentum 120g;Long+Short;40;61;50,82;0,049;0,147;42;54,762;-0,366;-1,024;0,772;-2,278;-1,024;False;6,185;0
Bitcoin;Cripto;Reversione RSI2 nel trend SMA200;Long+Short;1;143;54,545;-0,425;-1,025;237;51,899;0,031;0,121;1,03;1,099;-1,025;False;6,799;0
Gas naturale;Commodities;ADX>20 + direzione DI;Solo long;3;231;45,022;-0,443;-1,025;221;50,679;0,19;0,022;1,07;6,219;-1,025;False;9,808;0
S&P 500;Indici;EMA 50/200 + filtro VIX;Solo long;20;99;69,697;0,747;-0,482;65;70,769;0,444;-1,025;1,305;4,285;-1,025;False;6,238;0
Petrolio WTI;Commodities;Momentum 60g + filtro VIX;Long+Short;3;666;50,901;0,056;0,476;463;47,3;-0,188;-1,025;0,883;-12,885;-1,025;False;5,852;0
S&P 500;Indici;Momentum 120g + filtro VIX;Solo long;5;364;59,89;0,149;-0,798;244;59,426;0,134;-1,025;1,211;4,838;-1,025;False;2,75;0
EUR/USD;Valute;Momentum 5g;Long+Short;10;241;45,643;-0,079;-0,764;174;46,552;-0,116;-1,025;0,814;-2,985;-1,025;False;2,531;0
DAX;Indici;EMA 20/50;Solo short;1;744;47,849;-0,038;-1,026;481;45,53;-0,059;-0,928;0,871;-4,192;-1,026;False;1,804;0
S&P 500;Indici;Prezzo vs SMA200;Solo long;10;208;61,538;0,276;-1,026;139;64,029;0,365;-0,717;1,403;7,53;-1,026;False;3,928;0
S&P 500;Indici;Breakout Donchian 55 + filtro VIX;Solo long;40;49;69,388;1,282;-1,028;33;72,727;2,096;-0,216;2,713;10,259;-1,028;False;7,889;0
Argento;Commodities;Momentum 60g + filtro VIX;Solo short;5;227;47,137;-0,0;0,119;129;45,736;-0,779;-1,028;0,626;-14,897;-1,028;False;5,855;0
EUR/CHF;Valute;Breakout Donchian 55 + filtro VIX;Solo long;3;236;49,153;-0,039;-0,197;204;46,569;-0,06;-1,028;0,734;-1,818;-1,028;False;1,091;0
DAX;Indici;Momentum 60g + filtro VIX;Solo long;3;504;53,77;-0,003;-0,991;379;49,077;0,022;-1,028;1,041;1,229;-1,028;False;2,57;0
GBP/USD;Valute;Prezzo vs SMA20;Long+Short;40;61;52,459;0,221;0,668;42;42,857;-0,511;-1,028;0,669;-3,182;-1,028;False;4,73;0
Euro Stoxx 50;Indici;Momentum 60g + filtro VIX;Long+Short;40;55;52,727;0,445;0,37;40;62,5;-0,509;-1,028;0,816;-3,021;-1,028;False;12,121;0
S&P 500;Indici;Momentum 120g;Solo long;20;103;66,99;0,706;-0,562;72;68,056;0,492;-1,028;1,338;5,256;-1,028;False;6,417;0
S&P 500;Indici;SMA200 + Momentum20 concordi;Solo long;40;52;67,308;1,241;-1,029;32;71,875;2,684;0,462;4,071;12,744;-1,029;False;8,197;0
S&P 500;Indici;SMA200 + Momentum20 concordi;Solo short;5;54;38,889;-0,599;-1,029;56;50,0;-0,358;-0,193;0,777;-2,972;-1,029;False;5,44;0
Gas naturale;Commodities;Breakout Donchian 20;Solo long;20;68;44,118;-0,221;0,033;56;51,786;-0,461;-1,029;0,936;-3,825;-1,029;False;22,622;0
EUR/CHF;Valute;EMA 10/30;Solo short;5;297;44,444;-0,008;-0,68;209;52,632;-0,009;-1,03;0,964;-0,294;-1,03;False;1,286;0
Bitcoin;Cripto;ADX>25 + direzione DI;Solo short;3;150;46,0;-1,252;-1,031;223;41,704;-0,288;0,371;0,873;-9,531;-1,031;False;10,761;0
USD/JPY;Valute;EMA 50/200 + filtro VIX;Long+Short;5;424;47,877;0,019;0,234;292;51,712;-0,023;-1,031;0,95;-0,999;-1,031;False;2,215;0
Euro Stoxx 50;Indici;Breakout Donchian 55;Solo short;5;192;41,667;-0,301;-1,031;110;40,0;-0,249;-0,203;0,828;-4,062;-1,031;False;4,747;0
Gas naturale;Commodities;Momentum 20g;Long+Short;5;463;48,38;-0,269;-1,031;338;49,704;-0,3;-0,602;0,92;-15,038;-1,031;False;12,005;0
DAX;Indici;Momentum 120g;Solo long;60;34;64,706;0,32;-1,031;23;60,87;2,721;-0,224;2,828;9,285;-1,031;False;12,781;0
EUR/CHF;Valute;EMA 20/50;Solo long;3;333;45,345;-0,049;-0,566;240;47,083;-0,06;-1,031;0,742;-2,136;-1,031;False;1,057;0
S&P 500;Indici;Prezzo vs SMA200 + filtro VIX;Solo long;20;103;69,903;0,578;-1,032;67;68,657;0,878;-0,529;1,805;8,731;-1,032;False;5,804;0
Oro;Commodities;ADX>20 + direzione DI;Solo short;5;167;43,713;-0,139;-0,42;108;40,741;-0,552;-1,032;0,561;-8,844;-1,032;False;3,979;0
GBP/USD;Valute;Prezzo vs SMA50;Solo long;3;439;46,241;-0,062;-0,935;329;46,505;-0,041;-1,032;0,877;-2,01;-1,032;False;1,555;0
Argento;Commodities;Breakout Donchian 55 + filtro VIX;Solo long;60;25;28,0;-2,058;-1,032;21;38,095;4,701;-0,336;1,782;14,641;-1,032;False;20,424;0
Euro Stoxx 50;Indici;EMA 20/50;Solo short;5;189;42,857;-0,301;-1,033;106;41,509;-0,347;-0,427;0,77;-5,454;-1,033;False;4,874;0
Argento;Commodities;Momentum 60g + filtro VIX;Solo short;10;128;46,094;-0,165;-0,139;71;45,07;-1,642;-1,033;0,502;-17,293;-1,033;False;9,254;0
DAX;Indici;ADX>20 + direzione DI;Solo long;1;608;52,303;-0,004;0,121;456;50,877;-0,029;-1,034;0,896;-1,94;-1,034;False;1,257;0
FTSE MIB;Indici;EMA 50/200;Solo short;3;324;47,84;-0,001;-0,118;121;44,628;-0,348;-1,034;0,693;-6,248;-1,034;False;4,249;0
S&P 500;Indici;ADX>20 + direzione DI;Solo long;60;29;79,31;2,205;-0,381;22;72,727;1,916;-1,034;1,822;6,254;-1,034;False;15,664;0
Euro Stoxx 50;Indici;Acquisto su picco VIX;Long+Short;1;237;53,586;0,051;0,476;196;51,02;-0,127;-1,034;0,827;-3,687;-1,034;False;2,969;0
Euro Stoxx 50;Indici;Acquisto su picco VIX;Solo long;1;237;53,586;0,051;0,476;196;51,02;-0,127;-1,034;0,827;-3,687;-1,034;False;2,969;0
EUR/CHF;Valute;Breakout Donchian 20;Long+Short;60;41;53,659;0,165;0,112;28;39,286;-0,205;-1,035;0,748;-0,853;-1,035;False;4,038;0
Euro Stoxx 50;Indici;Prezzo vs SMA200 + filtro VIX;Solo long;40;44;54,545;-0,4;-1,035;33;57,576;1,255;-0,259;1,755;6,143;-1,035;False;11,104;0
FTSE MIB;Indici;EMA 50/200;Solo short;1;966;49,068;0,015;-0,469;363;43,251;-0,068;-1,035;0,873;-3,674;-1,035;False;2,355;0
FTSE MIB;Indici;ADX>25 + direzione DI;Solo long;3;120;50,833;-0,096;-0,497;93;56,989;-0,053;-1,036;0,903;-0,726;-1,036;False;2,718;0
DAX;Indici;Momentum 60g;Solo long;5;326;56,135;0,02;-1,036;259;55,212;0,112;-0,621;1,159;4,305;-1,036;False;3,697;0
Euro Stoxx 50;Indici;Prezzo vs SMA50;Solo short;10;127;39,37;-0,501;-1,036;82;36,585;-0,523;-0,263;0,751;-6,364;-1,036;False;6,245;0
Gas naturale;Commodities;EMA 50/200;Long+Short;10;232;46,121;-0,521;-1,036;169;50,296;0,387;0,302;1,077;9,702;-1,036;False;16,106;0
Argento;Commodities;Breakout Donchian 55;Solo long;40;36;33,333;-1,319;-1,036;33;48,485;3,915;-0,074;1,886;19,16;-1,036;False;16,026;0
Nasdaq 100;Indici;Momentum 120g;Solo long;5;404;57,673;0,198;-1,037;278;56,835;0,335;-0,245;1,399;13,805;-1,037;False;3,884;0
Gas naturale;Commodities;Momentum 5g;Solo short;5;315;50,159;-0,198;-1,037;222;50,901;-0,65;-0,31;0,836;-21,391;-1,037;False;13,383;0
S&P 500;Indici;EMA 50/200 + filtro VIX;Solo short;1;147;38,095;-0,118;-1,038;203;45,813;-0,075;-0,676;0,84;-2,271;-1,038;False;1,373;0
S&P 500;Indici;Momentum 120g + filtro VIX;Solo long;3;593;58,685;0,074;-1,038;396;57,576;0,097;-0,641;1,219;5,702;-1,038;False;2,053;0
EUR/CHF;Valute;Momentum 60g;Solo short;3;498;44,779;-0,006;-0,713;377;49,602;-0,006;-1,038;0,97;-0,341;-1,038;False;1,058;0
Nasdaq 100;Indici;Momentum 120g + filtro VIX;Long+Short;40;56;62,5;1,319;-1,039;38;68,421;3,454;0,935;3,045;19,469;-1,039;False;11,151;0
DAX;Indici;EMA 20/50;Solo long;40;50;56,0;0,575;-1,039;37;70,27;0,823;-0,744;1,369;4,518;-1,039;False;13,802;0
Euro Stoxx 50;Indici;Momentum 120g;Solo short;1;886;46,163;-0,05;-1,039;480;45,208;-0,053;-0,431;0,903;-3,792;-1,039;False;2,037;0
FTSE MIB;Indici;Prezzo vs SMA100;Solo long;3;458;53,275;-0,104;-0,878;445;52,809;0,023;-1,04;1,04;1,551;-1,04;False;3,047;0
EUR/CHF;Valute;Reversione RSI2 nel trend SMA200;Solo long;5;37;45,946;-0,053;-0,007;20;30,0;-0,182;-1,04;0,444;-0,539;-1,04;False;1,551;0
S&P 500;Indici;ADX>25 + direzione DI;Solo long;20;33;60,606;0,283;-1,04;30;76,667;1,674;1,226;6,675;7,451;-1,04;False;5,005;0
Petrolio WTI;Commodities;Prezzo vs SMA50;Solo long;1;1261;50,515;-0,071;-1,04;868;51,728;0,03;0,217;1,035;3,878;-1,04;False;3,262;0
Oro;Commodities;Prezzo vs SMA50;Long+Short;60;39;41,026;-1,3;-1,04;27;66,667;3,841;1,601;2,822;15,378;-1,04;False;12,152;0
Oro;Commodities;Breakout Donchian 20;Solo long;3;376;49,734;0,013;-0,137;374;50,535;0,045;-1,041;1,065;2,506;-1,041;False;2,841;0
Nasdaq 100;Indici;Momentum 120g;Solo short;10;50;24,0;-1,124;-1,042;39;41,026;-0,494;0,345;0,795;-2,859;-1,042;False;6,41;0
Argento;Commodities;Acquisto su picco VIX;Long+Short;10;40;52,5;-0,74;-0,816;34;44,118;-0,534;-1,043;0,845;-2,691;-1,043;False;10,857;0
Argento;Commodities;Acquisto su picco VIX;Solo long;10;40;52,5;-0,74;-0,816;34;44,118;-0,534;-1,043;0,845;-2,691;-1,043;False;10,857;0
Euro Stoxx 50;Indici;Prezzo vs SMA50;Solo long;20;87;52,874;0,237;-0,176;71;54,93;0,22;-1,043;1,137;2,313;-1,043;False;8,078;0
S&P 500;Indici;Prezzo vs SMA200;Solo long;20;106;65,094;0,566;-1,044;70;68,571;0,667;-0,815;1,489;6,924;-1,044;False;6,08;0
DAX;Indici;Prezzo vs SMA50;Solo short;3;306;43,791;-0,208;-1,044;209;44,019;-0,181;-0,486;0,805;-5,597;-1,044;False;3,335;0
S&P 500;Indici;Prezzo vs SMA200;Long+Short;60;39;71,795;1,781;-0,285;27;66,667;0,609;-1,044;1,21;2,441;-1,044;False;13,522;0
S&P 500;Indici;EMA 50/200;Long+Short;60;39;69,231;1,37;-0,599;27;66,667;0,609;-1,044;1,21;2,441;-1,044;False;13,522;0
EUR/USD;Valute;Momentum 60g;Solo short;40;48;47,917;-0,197;-1,044;31;48,387;-0,044;0,214;0,961;-0,201;-1,044;False;5,489;0
Petrolio WTI;Commodities;Momentum 120g;Solo long;40;39;53,846;-1,158;-0,833;29;37,931;-0,353;-1,044;0,954;-1,519;-1,044;False;21,536;0
GBP/USD;Valute;SMA200 + Momentum20 concordi;Solo short;5;190;51,053;0,02;-0,104;113;44,248;-0,155;-1,044;0,722;-2,593;-1,044;False;2,063;0
Bitcoin;Cripto;Breakout Donchian 20;Solo long;1;1062;53,484;0,195;-0,119;1539;46,979;0,071;-1,045;1,075;16,154;-1,045;False;4,68;0
Nasdaq 100;Indici;Prezzo vs SMA20;Long+Short;60;39;61,538;1,226;-1,045;27;66,667;2,951;-0,571;2,191;11,82;-1,045;False;14,174;0
FTSE MIB;Indici;Breakout Donchian 55;Solo long;5;290;52,069;-0,026;-0,171;258;56,202;0,072;-1,045;1,091;2,743;-1,045;False;4,189;0
S&P 500;Indici;ADX>20 + direzione DI;Solo long;20;60;63,333;0,444;-1,045;47;68,085;0,635;-0,886;1,547;4,427;-1,045;False;5,923;0
Petrolio WTI;Commodities;EMA 50/200 + filtro VIX;Long+Short;10;209;45,933;-0,429;-1,046;149;47,651;-0,403;-0,55;0,863;-8,913;-1,046;False;11,176;0
Argento;Commodities;Momentum 120g;Solo long;40;36;33,333;-1,281;-1,046;34;50,0;3,87;-0,131;2,072;19,513;-1,046;False;16,498;0
GBP/USD;Valute;Momentum 60g + filtro VIX;Solo short;10;132;46,212;-0,09;-1,046;81;48,148;-0,068;-0,277;0,893;-0,822;-1,046;False;2,601;0
Gas naturale;Commodities;Momentum 10g;Solo short;20;97;57,732;-0,433;-0,58;71;38,028;-4,419;-1,046;0,547;-46,526;-1,046;False;35,531;0
USD/JPY;Valute;Momentum 10g;Long+Short;10;241;51,867;-0,037;-0,343;174;48,276;-0,097;-1,046;0,867;-2,509;-1,046;False;3,132;0
GBP/USD;Valute;Reversione RSI2 nel trend SMA200;Solo long;5;59;40,678;-0,15;-1,046;48;54,167;0,139;0,91;1,432;0,988;-1,046;False;1,686;0
EUR/USD;Valute;ADX>25 + direzione DI;Solo long;5;97;39,175;-0,176;-1,047;85;51,765;0,061;0,453;1,17;0,769;-1,047;False;1,791;0
Petrolio WTI;Commodities;Reversione RSI2 nel trend SMA200;Long+Short;1;221;42,081;-0,153;-1,047;157;54,777;0,063;0,283;1,065;1,456;-1,047;False;3,246;0
Euro Stoxx 50;Indici;ADX>20 + direzione DI;Solo short;40;39;38,462;-1,636;-1,047;23;26,087;-2,101;-0,393;0,408;-7,17;-1,047;False;10,444;0
DAX;Indici;Breakout Donchian 55;Solo long;40;47;55,319;0,493;-1,047;34;61,765;1,33;-0,483;2,041;6,71;-1,047;False;10,228;0
FTSE MIB;Indici;Reversione RSI2 nel trend SMA200;Solo long;20;37;59,459;0,386;0,214;34;52,941;-0,158;-1,048;0,914;-0,798;-1,048;False;8,94;0
Bitcoin;Cripto;Momentum 120g;Long+Short;1;1732;50,231;0,098;0,239;2462;46,913;-0,049;-1,048;0,954;-18,033;-1,048;False;4,973;0
Euro Stoxx 50;Indici;Momentum 120g;Solo long;40;47;48,936;-0,394;-1,048;35;62,857;1,056;-0,427;1,568;5,483;-1,048;False;10,5;0
DAX;Indici;Momentum 10g;Solo short;5;254;42,52;-0,347;-1,049;182;41,758;-0,274;-0,326;0,785;-7,4;-1,049;False;4,323;0
EUR/CHF;Valute;EMA 50/200;Long+Short;5;481;47,401;0,028;0,122;350;52,0;-0,015;-1,049;0,944;-0,755;-1,049;False;1,298;0
GBP/USD;Valute;Momentum 20g;Long+Short;10;241;45,643;-0,015;-0,149;174;49,425;-0,141;-1,05;0,798;-3,633;-1,05;False;2,716;0
Argento;Commodities;Momentum 10g;Long+Short;60;39;48,718;0,042;0,101;27;40,741;-4,012;-1,05;0,626;-16,063;-1,05;False;25,451;0
FTSE MIB;Indici;EMA 50/200;Long+Short;3;779;51,861;0,015;0,209;571;51,138;-0,033;-1,051;0,956;-2,799;-1,051;False;3,498;0
Petrolio WTI;Commodities;Prezzo vs SMA100;Long+Short;40;58;44,828;-1,784;-1,051;42;45,238;-1,163;-0,389;0,843;-7,243;-1,051;False;23,826;0
FTSE MIB;Indici;Breakout Donchian 20;Long+Short;10;234;44,017;-0,283;-1,051;171;52,632;-0,18;-0,983;0,881;-4,575;-1,051;False;6,795;0
Euro Stoxx 50;Indici;Prezzo vs SMA20;Solo long;20;101;51,485;-0,195;-1,051;72;58,333;0,439;-0,487;1,281;4,688;-1,051;False;7,725;0
DAX;Indici;Reversione RSI2 nel trend SMA200;Long+Short;60;30;50,0;-0,571;-1,051;22;68,182;1,064;-0,299;1,356;3,474;-1,051;False;16,818;0
Nasdaq 100;Indici;Momentum 120g + filtro VIX;Solo long;5;368;57,88;0,193;-1,052;251;58,566;0,305;-0,451;1,388;11,349;-1,052;False;3,648;0
EUR/USD;Valute;Breakout Donchian 55 + filtro VIX;Long+Short;3;689;47,605;-0,034;-1,052;484;50,0;0,011;0,294;1,039;0,756;-1,052;False;1,492;0
DAX;Indici;SMA200 + Momentum20 concordi;Solo long;20;80;55,0;0,161;-1,052;61;55,738;0,655;-0,6;1,66;5,925;-1,052;False;7,212;0
Argento;Commodities;Breakout Donchian 55 + filtro VIX;Long+Short;3;666;49,099;-0,107;-0,981;464;47,845;-0,116;-1,053;0,913;-7,951;-1,053;False;4,481;0
EUR/CHF;Valute;Momentum 60g;Solo long;20;72;40,278;-0,194;0,115;44;45,455;-0,394;-1,053;0,452;-2,574;-1,053;False;3,139;0
S&P 500;Indici;Momentum 120g;Solo long;40;52;67,308;1,514;-0,535;37;70,27;0,963;-1,053;1,425;5,288;-1,053;False;8,879;0
DAX;Indici;Breakout Donchian 55;Solo short;3;261;43,678;-0,187;-0,798;180;41,667;-0,341;-1,053;0,719;-9,095;-1,053;False;3,881;0
FTSE MIB;Indici;Breakout Donchian 55;Solo long;20;77;61,039;0,408;0,404;65;64,615;0,28;-1,053;1,16;2,701;-1,053;False;7,718;0
S&P 500;Indici;EMA 50/200 + filtro VIX;Long+Short;20;109;62,385;0,406;-1,054;76;64,474;0,154;-0,876;1,086;1,734;-1,054;False;6,228;0
Gas naturale;Commodities;SMA200 + Momentum20 concordi;Solo short;1;927;50,485;0,02;-1,054;502;50,598;0,068;0,025;1,051;5,057;-1,054;False;4,69;0
EUR/CHF;Valute;Prezzo vs SMA100;Long+Short;40;61;54,098;0,228;0,292;42;42,857;-0,213;-1,054;0,731;-1,327;-1,054;False;3,728;0
Nasdaq 100;Indici;Momentum 60g;Solo long;20;101;67,327;0,887;-1,055;68;64,706;1,374;-0,312;2,022;13,856;-1,055;False;7,636;0
EUR/CHF;Valute;Prezzo vs SMA200 + filtro VIX;Solo long;20;52;44,231;-0,138;0,455;34;41,176;-0,43;-1,056;0,449;-2,166;-1,056;False;1,923;0
Argento;Commodities;EMA 20/50;Long+Short;10;232;48,276;-0,382;-1,056;168;43,452;-0,322;-0,833;0,886;-8,028;-1,056;False;9,115;0
DAX;Indici;Prezzo vs SMA100;Solo short;5;175;40,0;-0,412;-1,056;113;42,478;-0,167;0,072;0,883;-2,804;-1,056;False;4,652;0
Gas naturale;Commodities;Breakout Donchian 20;Solo short;40;47;51,064;-1,626;-1,056;27;48,148;-8,382;-0,822;0,454;-33,562;-1,056;False;55,414;0
Gas naturale;Commodities;Momentum 120g;Solo short;20;77;51,948;0,415;0,115;48;35,417;-4,874;-1,056;0,49;-34,693;-1,056;False;26,8;0
Petrolio WTI;Commodities;Prezzo vs SMA200 + filtro VIX;Solo short;3;298;47,315;-0,204;-1,056;246;45,528;-0,183;-0,077;0,878;-6,688;-1,056;False;5,739;0
USD/JPY;Valute;EMA 50/200;Long+Short;5;481;48,233;0,003;-0,016;350;52,286;-0,028;-1,057;0,944;-1,466;-1,057;False;2,326;0
FTSE MIB;Indici;Prezzo vs SMA50;Solo short;1;1056;49,053;-0,01;-1,057;526;41,255;-0,05;-0,781;0,909;-3,907;-1,057;False;2,151;0
Bitcoin;Cripto;EMA 50/200;Solo short;1;617;43,76;-0,2;0,077;854;46,253;-0,258;-1,057;0,781;-32,705;-1,057;False;4,534;0
Euro Stoxx 50;Indici;Prezzo vs SMA50;Solo short;40;44;27,273;-1,855;-1,057;30;30,0;-2,725;-0,875;0,38;-12,128;-1,057;False;10,68;0
S&P 500;Indici;Prezzo vs SMA100;Solo long;20;104;68,269;0,756;-0,543;71;66,197;0,493;-1,057;1,367;5,191;-1,057;False;5,328;0
Argento;Commodities;EMA 50/200;Long+Short;5;463;52,484;0,107;0,685;338;47,337;-0,136;-1,057;0,932;-6,836;-1,057;False;6,145;0
Ethereum;Cripto;EMA 50/200;Solo long;1;101;50,495;-0,23;-0,514;1385;49,675;0,082;-1,058;1,057;16,91;-1,058;False;6,746;0
Euro Stoxx 50;Indici;Momentum 120g;Solo long;60;33;48,485;-0,725;-1,058;24;70,833;1,575;-0,594;1,651;5,61;-1,058;False;14,332;0
Argento;Commodities;Momentum 60g + filtro VIX;Solo long;60;27;29,63;-2,191;-1,058;22;50,0;5,125;-0,299;2,056;16,721;-1,058;False;19,24;0
GBP/USD;Valute;Momentum 120g;Solo long;5;255;49,02;-0,041;-0,15;207;43,961;-0,073;-1,058;0,825;-2,242;-1,058;False;1,75;0
Petrolio WTI;Commodities;Breakout Donchian 20;Long+Short;1;2314;49,827;-0,044;-1,058;1693;50,916;0,046;0,659;1,049;11,666;-1,058;False;3,519;0
Petrolio WTI;Commodities;EMA 50/200;Solo long;40;37;32,432;-1,782;-1,059;20;65,0;3,985;0,137;1,9;11,819;-1,059;False;18,661;0
S&P 500;Indici;Momentum 60g;Long+Short;40;58;56,897;0,259;-1,059;42;57,143;0,075;-0,866;1,03;0,464;-1,059;False;9,554;0
USD/JPY;Valute;Momentum 20g;Solo long;3;467;48,822;0,024;0,007;381;52,231;0,018;-1,059;1,052;1,016;-1,059;False;1,726;0
Euro Stoxx 50;Indici;EMA 20/50;Long+Short;60;39;43,59;-0,847;-0,782;27;59,259;0,053;-1,059;1,018;0,211;-1,059;False;16,366;0
Nasdaq 100;Indici;Fine/inizio mese;Long+Short;3;111;51,351;0,005;-1,06;80;56,25;0,53;1,224;1,783;6,29;-1,06;False;3,33;0
Nasdaq 100;Indici;Fine/inizio mese;Solo long;3;111;51,351;0,005;-1,06;80;56,25;0,53;1,224;1,783;6,29;-1,06;False;3,33;0
Argento;Commodities;Momentum 120g + filtro VIX;Long+Short;60;38;55,263;2,099;1,106;27;44,444;-1,369;-1,06;0,815;-5,48;-1,06;False;21,882;0
Nasdaq 100;Indici;Momentum 120g;Solo short;3;132;37,121;-0,399;-1,06;121;45,455;-0,453;-0,756;0,723;-8,131;-1,06;False;4,802;0
S&P 500;Indici;Momentum 120g + filtro VIX;Solo long;60;36;69,444;1,396;-1,06;24;79,167;3,098;-0,414;2,933;11,03;-1,06;False;11,33;0
Bitcoin;Cripto;Reversione RSI2 nel trend SMA200;Long+Short;3;91;59,341;-0,644;-1,061;145;50,345;0,131;0,179;1,062;2,818;-1,061;False;11,558;0
Euro Stoxx 50;Indici;Momentum 60g + filtro VIX;Solo short;20;59;37,288;-1,004;-1,061;32;34,375;-1,212;-0,458;0,536;-5,754;-1,061;False;7,984;0
Gas naturale;Commodities;SMA200 + Momentum20 concordi;Solo short;5;220;50,0;-0,282;-1,061;128;50,0;-1,084;-0,754;0,725;-20,58;-1,061;False;12,694;0
Euro Stoxx 50;Indici;Momentum 120g + filtro VIX;Long+Short;40;55;52,727;-0,669;-1,061;40;55,0;-0,455;-1,048;0,834;-2,699;-1,061;False;12,023;0
Gas naturale;Commodities;SMA200 + Momentum20 concordi;Solo short;10;120;48,333;-0,362;-0,705;75;44,0;-2,521;-1,062;0,589;-28,041;-1,062;False;18,667;0
S&P 500;Indici;Momentum 5g;Solo short;10;168;33,333;-0,445;-0,038;130;33,846;-0,903;-1,062;0,532;-17,414;-1,062;False;4,729;0
EUR/CHF;Valute;EMA 20/50;Long+Short;40;61;55,738;0,17;0,09;42;42,857;-0,243;-1,062;0,699;-1,513;-1,062;False;3,845;0
Petrolio WTI;Commodities;Reversione RSI2 nel trend SMA200;Long+Short;40;43;44,186;-1,901;-1,062;30;53,333;-2,052;-0,504;0,675;-9,129;-1,062;False;21,97;0
Petrolio WTI;Commodities;Momentum 120g + filtro VIX;Solo long;3;399;52,632;-0,017;-0,08;256;52,734;-0,131;-1,062;0,926;-4,959;-1,062;False;6,161;0
DAX;Indici;Prezzo vs SMA50;Solo long;3;528;53,409;0,022;-0,638;408;50,49;0,011;-1,062;1,019;0,686;-1,062;False;2,668;0
S&P 500;Indici;Momentum 120g;Solo short;3;143;39,161;-0,258;-0,709;145;39,31;-0,384;-1,062;0,693;-8,258;-1,062;False;3,692;0
Petrolio WTI;Commodities;Prezzo vs SMA200 + filtro VIX;Solo long;5;250;50,4;-0,056;-0,289;152;50,658;-0,149;-1,062;0,927;-3,369;-1,062;False;7,912;0
GBP/USD;Valute;EMA 10/30;Long+Short;40;61;55,738;0,193;0,485;42;42,857;-0,516;-1,063;0,667;-3,212;-1,063;False;4,979;0
Nasdaq 100;Indici;Momentum 20g;Long+Short;60;39;64,103;1,409;-1,063;27;59,259;1,556;-0,97;1,49;6,232;-1,063;False;15,239;0
S&P 500;Indici;Momentum 60g + filtro VIX;Solo long;10;187;62,567;0,282;-1,063;128;65,625;0,399;-0,558;1,443;7,582;-1,063;False;3,719;0
Nasdaq 100;Indici;Momentum 5g;Solo short;1;904;45,796;-0,058;-0,81;695;44,317;-0,099;-1,064;0,832;-10,193;-1,064;False;1,686;0
Petrolio WTI;Commodities;EMA 50/200;Solo long;1;1258;50,556;-0,07;-1,064;755;51,656;-0,036;-0,476;0,964;-3,989;-1,064;False;3,335;0
Argento;Commodities;Momentum 60g;Long+Short;40;58;39,655;-1,567;-1,065;42;50,0;2,196;0,489;1,416;13,675;-1,065;False;19,231;0
Nasdaq 100;Indici;EMA 50/200;Long+Short;3;772;55,311;0,076;-1,066;564;56,206;0,125;-0,098;1,151;10,463;-1,066;False;3,119;0
Euro Stoxx 50;Indici;Prezzo vs SMA50;Solo short;5;225;42,222;-0,271;-1,066;145;38,621;-0,368;-0,659;0,734;-7,914;-1,066;False;4,711;0
Petrolio WTI;Commodities;Momentum 120g + filtro VIX;Long+Short;3;666;50,3;-0,046;-0,378;463;48,596;-0,188;-1,066;0,883;-12,904;-1,066;False;5,91;0
EUR/CHF;Valute;Momentum 120g + filtro VIX;Solo long;10;100;48,0;-0,066;0,419;65;44,615;-0,2;-1,066;0,564;-1,927;-1,066;False;1,56;0
Euro Stoxx 50;Indici;Momentum 60g + filtro VIX;Solo long;5;298;55,034;-0,045;-0,911;224;56,25;0,034;-1,066;1,047;1,129;-1,066;False;3,691;0
Euro Stoxx 50;Indici;Momentum 120g;Long+Short;5;461;47,072;-0,115;-1,066;338;51,775;-0,038;-0,763;0,96;-1,922;-1,066;False;4,104;0
Argento;Commodities;Momentum 20g;Solo long;3;402;49,254;0,066;0,467;346;47,688;-0,053;-1,067;0,963;-2,714;-1,067;False;4,685;0
USD/JPY;Valute;Momentum 10g;Long+Short;3;801;47,066;-0,036;-1,067;584;48,801;0,029;0,409;1,081;2,49;-1,067;False;1,722;0
EUR/USD;Valute;EMA 20/50;Solo short;5;263;49,43;-0,038;-1,067;182;46,703;-0,045;-0,423;0,894;-1,22;-1,067;False;2,048;0
Gas naturale;Commodities;Breakout Donchian 20;Long+Short;5;463;49,244;-0,278;-1,067;339;51,327;-0,296;-0,62;0,923;-14,874;-1,067;False;12,002;0
USD/JPY;Valute;Momentum 5g;Long+Short;40;61;47,541;-0,475;-1,068;42;42,857;-0,348;-0,759;0,782;-2,17;-1,068;False;6,095;0
Euro Stoxx 50;Indici;Momentum 60g + filtro VIX;Solo long;10;159;55,346;0,003;-0,573;119;54,622;0,085;-1,068;1,083;1,509;-1,068;False;5,566;0
FTSE MIB;Indici;Prezzo vs SMA50;Long+Short;20;117;43,59;-0,577;-1,069;85;52,941;0,018;-0,827;1,01;0,229;-1,069;False;10,358;0
Euro Stoxx 50;Indici;Breakout Donchian 55 + filtro VIX;Solo short;20;42;33,333;-1,144;-1,069;24;29,167;-1,226;-0,442;0,517;-4,367;-1,069;False;7,853;0
GBP/USD;Valute;Prezzo vs SMA200;Solo short;10;141;48,936;0,075;0,069;81;40,741;-0,253;-1,07;0,709;-3,034;-1,07;False;2,827;0
GBP/USD;Valute;Momentum 120g;Solo short;3;416;48,798;0,006;-0,232;282;47,518;-0,075;-1,07;0,823;-3,127;-1,07;False;1,718;0
Gas naturale;Commodities;Prezzo vs SMA200 + filtro VIX;Solo short;3;383;49,347;-0,117;-1,071;237;51,899;-0,137;0,09;0,948;-4,802;-1,071;False;8,605;0
Argento;Commodities;Prezzo vs SMA20;Solo short;1;1246;43,74;0,049;0,358;761;37,582;-0,048;-1,072;0,918;-5,472;-1,072;False;2,151;0
EUR/USD;Valute;Breakout Donchian 20;Solo short;1;1240;47,903;-0,01;-1,032;827;47,037;-0,02;-1,072;0,897;-2,4;-1,072;False;1,091;0
Euro Stoxx 50;Indici;SMA200 + Momentum20 concordi;Solo long;40;43;58,14;-0,431;-1,072;32;53,125;1,368;-0,223;2,053;6,494;-1,072;False;11,204;0
DAX;Indici;Momentum 120g + filtro VIX;Solo long;20;90;60,0;0,272;-0,917;65;53,846;0,13;-1,072;1,082;1,254;-1,072;False;7,678;0
Argento;Commodities;Breakout Donchian 20;Solo long;3;329;45,897;-0,023;-0,13;354;49,153;-0,057;-1,072;0,961;-2,968;-1,072;False;4,729;0
S&P 500;Indici;Prezzo vs SMA200;Solo short;20;26;34,615;-1,959;-1,073;24;37,5;-1,777;-0,481;0,549;-6,328;-1,073;False;9,163;0
EUR/USD;Valute;Reversione RSI2 nel trend SMA200;Solo long;20;30;56,667;0,327;1,211;26;34,615;-0,334;-1,075;0,645;-1,29;-1,075;False;2,951;0
S&P 500;Indici;Prezzo vs SMA100;Solo long;40;54;64,815;1,482;-0,582;37;70,27;0,98;-1,075;1,456;5,382;-1,075;False;9,522;0
Gas naturale;Commodities;Momentum 20g;Solo short;1;1229;50,122;0,028;-1,075;764;50,654;0,08;0,116;1,057;9,048;-1,075;False;4,826;0
Nasdaq 100;Indici;Momentum 60g;Solo long;5;384;60,417;0,196;-1,076;253;57,708;0,253;-0,706;1,28;9,488;-1,076;False;3,63;0
Oro;Commodities;Reversione RSI2;Long+Short;20;98;57,143;0,122;0,336;70;47,143;-0,868;-1,076;0,668;-9,012;-1,076;False;8,125;0
Euro Stoxx 50;Indici;Momentum 5g;Solo long;10;198;51,515;-0,13;-1,076;143;56,643;0,432;0,203;1,394;9,157;-1,076;False;6,075;0
GBP/USD;Valute;Momentum 120g + filtro VIX;Long+Short;5;424;50,236;0,023;0,4;292;45,548;-0,066;-1,076;0,846;-2,848;-1,076;False;1,844;0
EUR/CHF;Valute;Momentum 10g;Long+Short;40;61;36,066;-0,433;-1,076;42;47,619;-0,07;-0,599;0,898;-0,435;-1,076;False;3,784;0
EUR/CHF;Valute;EMA 20/50;Solo short;3;491;45,621;-0,005;-0,725;357;50,7;-0,009;-1,077;0,957;-0,47;-1,077;False;1,054;0
DAX;Indici;Prezzo vs SMA20;Long+Short;10;234;51,282;-0,19;-1,077;170;48,824;-0,135;-0,835;0,895;-3,406;-1,077;False;6,188;0
DAX;Indici;EMA 50/200 + filtro VIX;Solo long;40;46;63,043;0,374;-1,077;35;65,714;0,888;-0,809;1,452;4,61;-1,077;False;11,655;0
FTSE MIB;Indici;Prezzo vs SMA20;Long+Short;5;468;51,496;0,033;0,238;342;46,784;-0,12;-1,078;0,887;-6,103;-1,078;False;4,564;0
Euro Stoxx 50;Indici;Prezzo vs SMA200 + filtro VIX;Long+Short;60;38;47,368;-0,149;-0,243;26;57,692;-0,084;-1,079;0,973;-0,324;-1,079;False;15,145;0
DAX;Indici;EMA 50/200 + filtro VIX;Solo long;3;522;52,49;-0,006;-1,079;409;51,1;0,05;-0,723;1,096;3,004;-1,079;False;2,588;0
GBP/USD;Valute;Momentum 10g;Long+Short;40;61;52,459;0,064;0,202;42;45,238;-0,542;-1,08;0,652;-3,377;-1,08;False;5,16;0
Petrolio WTI;Commodities;Momentum 60g + filtro VIX;Long+Short;40;56;44,643;-0,941;-0,555;39;41,026;-3,369;-1,08;0,59;-19,486;-1,08;False;25,664;0
Argento;Commodities;SMA200 + Momentum20 concordi;Solo long;5;150;48,0;-0,391;-1,08;175;46,857;0,209;-0,449;1,116;5,417;-1,08;False;6,829;0
Gas naturale;Commodities;Momentum 120g;Long+Short;60;39;43,59;-2,364;-0,698;27;48,148;-5,895;-1,08;0,652;-23,604;-1,08;False;45,883;0
GBP/USD;Valute;Momentum 20g;Solo long;3;444;48,198;-0,068;-1,08;336;47,321;-0,012;-0,359;0,964;-0,588;-1,08;False;1,562;0
Euro Stoxx 50;Indici;EMA 50/200 + filtro VIX;Solo long;40;37;59,459;0,306;-0,357;33;63,636;0,159;-1,08;1,071;0,776;-1,08;False;10,234;0
GBP/USD;Valute;Momentum 10g;Solo short;10;164;46,341;-0,081;-1,081;122;51,639;-0,009;0,081;0,986;-0,163;-1,081;False;2,775;0
Oro;Commodities;Momentum 20g;Long+Short;5;463;46,004;-0,089;-0,913;338;47,929;-0,097;-1,081;0,902;-4,848;-1,081;False;3,546;0
GBP/USD;Valute;Breakout Donchian 55;Long+Short;10;241;46,473;-0,028;-0,344;174;45,402;-0,144;-1,081;0,795;-3,709;-1,081;False;2,692;0
DAX;Indici;Momentum 10g;Solo short;1;982;46,538;-0,017;-0,662;712;43,82;-0,053;-1,082;0,874;-5,646;-1,082;False;1,629;0
Petrolio WTI;Commodities;Reversione RSI2;Long+Short;5;266;45,113;-0,293;-1,082;195;47,692;-0,316;-0,553;0,868;-9,148;-1,082;False;8,655;0
Argento;Commodities;EMA 10/30;Solo short;3;465;47,527;0,034;0,247;254;44,882;-0,447;-1,083;0,719;-16,838;-1,083;False;4,311;0
DAX;Indici;Momentum 120g + filtro VIX;Solo long;60;34;64,706;0,222;-1,083;23;65,217;2,783;-0,202;3,371;9,495;-1,083;False;13,222;0
Oro;Commodities;Breakout Donchian 55 + filtro VIX;Long+Short;20;108;45,37;-0,39;-1,083;76;55,263;0,641;0,145;1,363;7,224;-1,083;False;7,145;0
FTSE MIB;Indici;EMA 10/30;Long+Short;3;779;48,652;-0,095;-1,084;571;49,912;-0,051;-1,01;0,933;-4,289;-1,084;False;3,451;0
FTSE MIB;Indici;Reversione RSI2;Long+Short;5;259;50,965;0,456;2,342;199;47,739;-0,315;-1,084;0,75;-9,301;-1,084;False;4,138;0
DAX;Indici;Momentum 120g + filtro VIX;Solo long;40;49;61,224;0,424;-1,085;34;58,824;0,576;-0,914;1,271;2,908;-1,085;False;11,484;0
DAX;Indici;Momentum 120g;Long+Short;60;39;58,974;-0,462;-1,085;28;60,714;-0,022;-0,734;0,993;-0,092;-1,085;False;18,129;0
S&P 500;Indici;Momentum 120g;Long+Short;5;464;57,543;0,082;-0,681;337;51,039;-0,007;-1,087;0,992;-0,346;-1,087;False;3,428;0
EUR/CHF;Valute;EMA 50/200 + filtro VIX;Long+Short;40;58;63,793;0,18;-0,011;41;43,902;-0,115;-1,087;0,848;-0,699;-1,087;False;3,578;0
Argento;Commodities;EMA 50/200 + filtro VIX;Solo short;5;275;53,091;0,13;0,837;73;42,466;-0,942;-1,087;0,571;-10,2;-1,087;False;5,601;0
DAX;Indici;Reversione RSI2;Solo long;20;70;50,0;0,097;-1,087;45;64,444;0,214;-0,691;1,115;1,426;-1,087;False;8,926;0
Petrolio WTI;Commodities;Breakout Donchian 55;Solo long;5;262;50,382;0,13;0,595;175;52,571;-0,127;-1,087;0,937;-3,288;-1,087;False;7,417;0
EUR/CHF;Valute;EMA 20/50;Long+Short;10;241;45,228;-0,017;-0,386;174;48,851;-0,065;-1,088;0,841;-1,671;-1,088;False;1,751;0
GBP/USD;Valute;Breakout Donchian 55 + filtro VIX;Long+Short;60;39;41,026;-0,602;-1,088;27;48,148;-0,528;-0,694;0,718;-2,116;-1,088;False;6,58;0
Argento;Commodities;Prezzo vs SMA50;Solo short;1;1347;42,019;-0,009;-1,089;742;39,353;-0,044;-1,075;0,922;-4,85;-1,089;False;2,064;0
DAX;Indici;Prezzo vs SMA20;Long+Short;5;467;50,749;-0,101;-1,091;342;49,708;-0,023;-0,473;0,973;-1,177;-1,091;False;3,97;0
Petrolio WTI;Commodities;Momentum 5g;Long+Short;40;58;44,828;-1,896;-1,091;42;54,762;3,63;1,235;1,723;22,607;-1,091;False;22,528;0
S&P 500;Indici;Momentum 120g;Solo long;3;650;58,308;0,088;-0,731;438;57,078;0,062;-1,091;1,12;4,032;-1,091;False;2,197;0
Euro Stoxx 50;Indici;Momentum 60g;Solo short;20;70;38,571;-0,937;-1,091;41;36,585;-1,306;-0,474;0,581;-7,942;-1,091;False;8,086;0
Euro Stoxx 50;Indici;Momentum 60g + filtro VIX;Solo long;40;47;59,574;-0,014;-0,713;34;55,882;0,1;-1,091;1,039;0,502;-1,091;False;11,635;0
GBP/USD;Valute;SMA200 + Momentum20 concordi;Solo short;1;826;48,668;-0,01;-0,744;468;46,795;-0,034;-1,091;0,858;-2,378;-1,091;False;1,169;0
DAX;Indici;Momentum 20g;Solo long;10;175;59,429;0,276;-0,246;129;56,589;0,112;-1,092;1,103;2,144;-1,092;False;5,354;0
Petrolio WTI;Commodities;Momentum 120g + filtro VIX;Long+Short;5;407;51,351;-0,152;-0,785;286;45,105;-0,327;-1,092;0,846;-13,856;-1,092;False;7,82;0
Argento;Commodities;Prezzo vs SMA100;Solo long;1;1015;38,818;-0,082;-1,09;1016;40,551;-0,098;-1,092;0,852;-14,805;-1,092;False;2,288;0
Ethereum;Cripto;Momentum 5g;Solo short;1;311;49,196;0,187;0,699;1144;42,745;-0,352;-1,093;0,789;-59,701;-1,093;False;6,101;0
GBP/USD;Valute;EMA 50/200;Solo short;5;289;49,481;0,007;-0,31;123;48,78;-0,144;-1,094;0,757;-2,632;-1,094;False;2,054;0
Oro;Commodities;Prezzo vs SMA100;Long+Short;20;116;46,552;-0,446;-1,094;84;58,333;1,12;1,3;1,868;13,952;-1,094;False;7,262;0
Euro Stoxx 50;Indici;EMA 50/200;Solo long;5;283;54,064;-0,011;-0,589;267;55,056;0,012;-1,094;1,014;0,467;-1,094;False;3,715;0
GBP/USD;Valute;Breakout Donchian 55;Solo long;5;209;44,976;-0,114;-1,023;196;44,388;-0,083;-1,095;0,815;-2,399;-1,095;False;1,799;0
EUR/CHF;Valute;Momentum 10g;Long+Short;20;121;45,455;-0,227;-1,095;86;55,814;-0,093;-0,785;0,819;-1,186;-1,095;False;2,677;0
EUR/CHF;Valute;Prezzo vs SMA100;Solo short;5;319;44,514;0,019;-0,401;236;51,695;-0,01;-1,096;0,961;-0,345;-1,096;False;1,329;0
GBP/USD;Valute;Prezzo vs SMA20;Long+Short;5;481;49,272;-0,06;-1,096;350;50,0;0,011;0,153;1,024;0,554;-1,096;False;1,977;0
EUR/CHF;Valute;EMA 50/200;Solo long;5;143;46,853;-0,006;0,768;74;47,297;-0,129;-1,096;0,588;-1,415;-1,096;False;1,178;0
Euro Stoxx 50;Indici;Momentum 120g + filtro VIX;Long+Short;5;406;49,507;-0,104;-1,096;284;52,817;-0,022;-0,961;0,972;-0,925;-1,096;False;3,652;0
FTSE MIB;Indici;Breakout Donchian 55 + filtro VIX;Solo long;3;441;51,701;-0,128;-1,096;392;55,612;0,076;-0,366;1,133;4,425;-1,096;False;3,107;0
Oro;Commodities;Breakout Donchian 55 + filtro VIX;Solo long;60;28;46,429;-0,253;-1,096;21;66,667;4,829;0,338;3,326;15,038;-1,096;False;11,516;0
EUR/CHF;Valute;EMA 10/30;Long+Short;40;61;52,459;0,306;0,714;42;40,476;-0,266;-1,096;0,676;-1,656;-1,096;False;3,723;0
EUR/CHF;Valute;SMA200 + Momentum20 concordi;Solo short;5;226;49,115;-0,021;-0,912;182;56,593;-0,019;-1,097;0,929;-0,513;-1,097;False;1,352;0
Euro Stoxx 50;Indici;Momentum 60g + filtro VIX;Solo long;20;87;52,874;0,005;-0,646;64;56,25;0,007;-1,097;1,004;0,065;-1,097;False;7,693;0
Argento;Commodities;SMA200 + Momentum20 concordi;Long+Short;5;371;50,135;-0,089;-0,413;252;42,857;-0,244;-1,097;0,885;-9,116;-1,097;False;6,34;0
Nasdaq 100;Indici;Prezzo vs SMA200;Long+Short;20;116;64,655;0,541;-1,097;84;61,905;0,715;-0,358;1,336;8,91;-1,097;False;8,553;0
Gas naturale;Commodities;Momentum 10g;Long+Short;5;463;49,244;-0,291;-1,097;338;52,367;-0,316;-0,642;0,917;-15,852;-1,097;False;12,659;0
Petrolio WTI;Commodities;Momentum 10g;Long+Short;60;39;41,026;-3,041;-1,097;27;59,259;7,665;1,93;2,835;30,691;-1,097;False;22,973;0
S&P 500;Indici;EMA 50/200;Solo long;3;684;57,895;0,064;-1,098;462;55,411;0,049;-1,084;1,086;3,39;-1,098;False;2,256;0
Argento;Commodities;EMA 20/50;Solo long;3;333;44,444;-0,196;-1,098;336;46,131;-0,038;-0,919;0,975;-1,903;-1,098;False;4,816;0
Oro;Commodities;Momentum 10g;Solo short;5;276;42,391;-0,207;-1,101;190;41,579;-0,393;-0,601;0,649;-11,077;-1,101;False;3,645;0
Euro Stoxx 50;Indici;Breakout Donchian 55 + filtro VIX;Solo short;3;224;40,625;-0,197;-1,101;118;45,763;-0,168;-0,379;0,792;-2,944;-1,101;False;3,114;0
Argento;Commodities;Breakout Donchian 55 + filtro VIX;Long+Short;10;209;41,148;-0,401;-1,101;149;44,966;0,038;-0,417;1,014;0,844;-1,101;False;9,06;0
EUR/CHF;Valute;EMA 20/50;Solo long;40;34;47,059;-0,288;0,432;26;38,462;-0,633;-1,101;0,309;-2,44;-1,101;False;3,887;0
Gas naturale;Commodities;Prezzo vs SMA200 + filtro VIX;Solo short;20;76;51,316;-0,645;-0,817;44;34,091;-5,264;-1,102;0,489;-34,345;-1,102;False;24,653;0
Petrolio WTI;Commodities;Fine/inizio mese;Long+Short;20;98;50,0;-0,186;-0,34;70;51,429;0,458;-1,102;1,141;4,758;-1,102;False;17,236;0
Petrolio WTI;Commodities;Fine/inizio mese;Solo long;20;98;50,0;-0,186;-0,34;70;51,429;0,458;-1,102;1,141;4,758;-1,102;False;17,236;0
USD/JPY;Valute;Breakout Donchian 55;Solo long;1;1424;50,07;0,005;-0,178;1111;53,825;0,004;-1,102;1,021;0,686;-1,102;False;1,169;0
S&P 500;Indici;Prezzo vs SMA20;Solo short;10;123;37,398;-0,713;-1,102;87;37,931;-0,735;-0,393;0,637;-9,49;-1,102;False;5,262;0
DAX;Indici;Breakout Donchian 20;Solo short;3;346;45,376;-0,115;-0,362;243;39,918;-0,289;-1,104;0,709;-10,425;-1,104;False;3,209;0
Nasdaq 100;Indici;ADX>20 + direzione DI;Solo short;10;80;35,0;-1,124;-1,104;58;44,828;-0,598;0,251;0,755;-5,148;-1,104;False;7,256;0
USD/JPY;Valute;Prezzo vs SMA20;Solo short;10;162;47,531;-0,228;-1,105;104;43,269;-0,178;0,27;0,767;-2,741;-1,105;False;3,044;0
EUR/USD;Valute;Momentum 20g;Long+Short;3;801;48,814;-0,034;-1,105;584;49,829;-0,004;-0,126;0,986;-0,381;-1,105;False;1,612;0
Argento;Commodities;EMA 20/50;Solo long;40;36;38,889;-1,392;-1,105;32;53,125;3,36;-0,284;1,86;15,944;-1,105;False;18,67;0
Euro Stoxx 50;Indici;Breakout Donchian 55;Solo short;3;313;43,77;-0,186;-1,106;183;42,077;-0,251;-0,694;0,777;-6,816;-1,106;False;3,866;0
S&P 500;Indici;ADX>20 + direzione DI;Solo short;5;136;38,971;-0,403;-0,829;103;37,864;-0,632;-1,106;0,611;-9,661;-1,106;False;4,343;0
GBP/USD;Valute;Prezzo vs SMA200 + filtro VIX;Long+Short;20;112;48,214;0,237;1,149;79;48,101;-0,252;-1,107;0,751;-2,949;-1,107;False;3,316;0
GBP/USD;Valute;Prezzo vs SMA100;Solo short;1;1178;49,236;-0,012;-1,108;748;47,995;-0,023;-0,962;0,899;-2,605;-1,108;False;1,134;0
Petrolio WTI;Commodities;Prezzo vs SMA20;Long+Short;1;2314;49,179;-0,046;-1,108;1693;49,852;0,004;0,045;1,004;0,956;-1,108;False;3,549;0
Oro;Commodities;ADX>20 + direzione DI;Solo short;20;59;50,847;0,085;0,781;43;41,86;-2,154;-1,108;0,317;-13,735;-1,108;False;9,386;0
Oro;Commodities;ADX>20 + direzione DI;Solo short;3;254;48,425;0,057;0,682;164;43,902;-0,327;-1,109;0,642;-7,96;-1,109;False;2,881;0
Gas naturale;Commodities;Momentum 60g;Long+Short;60;39;43,59;-3,982;-1,109;27;37,037;-4,579;-0,817;0,719;-18,333;-1,109;False;45,883;0
USD/JPY;Valute;SMA200 + Momentum20 concordi;Long+Short;5;365;48,219;-0,027;-0,457;279;51,613;-0,05;-1,11;0,9;-2,057;-1,11;False;2,246;0
Gas naturale;Commodities;Prezzo vs SMA100;Solo short;20;84;51,19;-1,033;-1,11;53;47,17;-4,939;-1,037;0,516;-38,818;-1,11;False;29,071;0
EUR/CHF;Valute;Reversione RSI2 nel trend SMA200;Solo short;5;70;42,857;0,006;-0,403;52;51,923;-0,078;-1,111;0,75;-0,6;-1,111;False;1,593;0
DAX;Indici;SMA200 + Momentum20 concordi;Solo long;60;33;69,697;0,12;-1,111;22;72,727;3,528;0,408;4,882;11,514;-1,111;False;13,175;0
Oro;Commodities;Momentum 120g + filtro VIX;Solo short;1;828;47,826;-0,023;-1,054;391;47,826;-0,074;-1,112;0,815;-4,267;-1,112;False;1,427;0
Oro;Commodities;Momentum 10g;Solo long;3;463;49,028;0,008;-0,227;370;51,351;0,033;-1,112;1,045;1,802;-1,112;False;2,761;0
Petrolio WTI;Commodities;Breakout Donchian 55 + filtro VIX;Solo long;40;38;52,632;-0,432;-0,346;25;44,0;-0,541;-1,113;0,923;-2,004;-1,113;False;22,036;0
USD/JPY;Valute;Reversione RSI2 nel trend SMA200;Solo long;1;106;64,151;0,116;1,724;80;56,25;-0,066;-1,113;0,778;-0,786;-1,113;False;1,401;0
USD/JPY;Valute;Momentum 10g;Long+Short;5;481;47,609;-0,062;-1,114;350;52,0;0,018;-0,068;1,037;0,917;-1,114;False;2,183;0
Ethereum;Cripto;Breakout Donchian 55;Solo long;1;112;50,893;0,149;0,336;1548;49,871;0,088;-1,114;1,063;20,138;-1,114;False;6,465;0
S&P 500;Indici;Momentum 120g + filtro VIX;Solo long;40;51;62,745;1,716;-0,213;36;69,444;0,819;-1,114;1,343;4,374;-1,114;False;9,073;0
GBP/USD;Valute;Momentum 60g + filtro VIX;Solo short;3;364;50,275;-0,036;-1,114;225;46,222;-0,019;-0,223;0,947;-0,629;-1,114;False;1,633;0
Euro Stoxx 50;Indici;Momentum 120g + filtro VIX;Solo long;3;466;54,077;-0,047;-1,115;378;55,556;0,082;-0,238;1,166;4,617;-1,115;False;2,588;0
Petrolio WTI;Commodities;Prezzo vs SMA200 + filtro VIX;Long+Short;3;666;47,598;-0,134;-1,107;463;48,812;-0,206;-1,115;0,872;-14,12;-1,115;False;5,996;0
Bitcoin;Cripto;Breakout Donchian 55;Solo long;1;1158;53,368;0,229;0,171;1417;48,13;0,06;-1,116;1,062;12,713;-1,116;False;5,005;0
Petrolio WTI;Commodities;Momentum 60g + filtro VIX;Solo short;1;777;47,104;-0,038;-0,861;665;46,165;-0,105;-1,116;0,884;-10,352;-1,116;False;3,329;0
Argento;Commodities;Momentum 5g;Long+Short;20;116;50,862;-0,794;-1,116;84;54,762;1,298;0,991;1,412;16,168;-1,116;False;14,081;0
Petrolio WTI;Commodities;Reversione RSI2;Solo long;20;70;51,429;0,029;-0,081;48;47,917;-0,381;-1,117;0,915;-2,71;-1,117;False;18,062;0
Nasdaq 100;Indici;EMA 20/50;Solo long;20;99;63,636;0,863;-1,117;70;65,714;1,365;-0,346;1,946;14,172;-1,117;False;7,466;0
FTSE MIB;Indici;Breakout Donchian 55;Long+Short;1;2336;49,743;-0,027;-0,65;1714;48,308;-0,032;-1,117;0,916;-8,259;-1,117;False;1,819;0
Euro Stoxx 50;Indici;Momentum 120g + filtro VIX;Long+Short;3;664;49,096;-0,066;-1,117;464;52,371;0,0;-0,781;1,001;0,03;-1,117;False;2,829;0
Petrolio WTI;Commodities;Reversione RSI2 nel trend SMA200;Solo short;5;47;42,553;-0,557;-1,118;54;46,296;-0,485;-0,214;0,764;-3,887;-1,118;False;8,432;0
Argento;Commodities;SMA200 + Momentum20 concordi;Solo long;1;607;39,868;-0,09;-0,978;752;42,819;-0,118;-1,118;0,834;-13,128;-1,118;False;2,447;0
Euro Stoxx 50;Indici;EMA 10/30;Solo short;5;208;41,827;-0,301;-1,119;131;40,458;-0,438;-0,858;0,694;-8,516;-1,119;False;4,592;0
Gas naturale;Commodities;EMA 10/30;Solo short;1;1290;49,457;0,029;-1,119;832;48,798;-0,0;-0,441;1,0;-0,018;-1,119;False;4,795;0
GBP/USD;Valute;Prezzo vs SMA200 + filtro VIX;Solo short;20;69;49,275;0,162;0,094;40;37,5;-0,513;-1,119;0,598;-3,041;-1,119;False;3,644;0
Argento;Commodities;Reversione RSI2 nel trend SMA200;Long+Short;20;53;43,396;-0,97;-1,119;44;52,273;0,38;-0,26;1,108;2,476;-1,119;False;14,894;0
EUR/CHF;Valute;Prezzo vs SMA200 + filtro VIX;Solo short;3;435;47,126;0,002;-0,878;325;48,615;-0,008;-1,121;0,956;-0,388;-1,121;False;0,968;0
DAX;Indici;EMA 50/200;Solo long;20;90;53,333;0,147;-1,121;72;62,5;0,453;-0,758;1,295;4,84;-1,121;False;8,007;0
DAX;Indici;EMA 50/200 + filtro VIX;Solo long;60;32;53,125;0,432;-1,121;23;69,565;1,163;-1,093;1,47;3,967;-1,121;False;13,213;0
DAX;Indici;EMA 20/50;Solo short;3;256;42,969;-0,24;-1,122;164;43,293;-0,206;-0,523;0,807;-5,02;-1,122;False;3,892;0
Nasdaq 100;Indici;Momentum 60g;Solo long;10;196;60,714;0,412;-1,123;129;57,364;0,681;-0,299;1,65;13,024;-1,123;False;5,097;0
EUR/USD;Valute;Prezzo vs SMA50;Solo short;3;456;48,684;-0,026;-1,123;320;48,438;0,0;0,132;1,001;0,018;-1,123;False;1,625;0
Argento;Commodities;Momentum 60g;Long+Short;20;116;44,828;-0,822;-1,123;84;45,238;0,112;-0,211;1,03;1,392;-1,123;False;12,856;0
Argento;Commodities;Prezzo vs SMA200;Long+Short;3;771;48,638;-0,084;-0,846;565;49,204;-0,124;-1,123;0,914;-10,43;-1,123;False;4,509;0
EUR/USD;Valute;Momentum 10g;Long+Short;20;121;43,802;-0,222;-1,124;86;50,0;0,187;0,871;1,267;2,381;-1,124;False;3,816;0
Bitcoin;Cripto;Reversione RSI2;Solo long;10;71;53,521;0,647;-1,124;113;57,522;1,7;0,21;1,529;28,49;-1,124;False;20,287;0
Euro Stoxx 50;Indici;ADX>20 + direzione DI;Solo short;20;59;38,983;-0,966;-1,124;37;32,432;-1,974;-0,985;0,489;-10,833;-1,124;False;8,022;0
Oro;Commodities;EMA 50/200 + filtro VIX;Long+Short;3;666;50,751;0,002;-0,011;463;48,812;-0,005;-1,124;0,993;-0,319;-1,124;False;2,642;0
USD/JPY;Valute;Prezzo vs SMA20;Solo long;1;1251;47,642;-0,01;-1,124;1047;52,722;0,011;-0,712;1,063;1,76;-1,124;False;1,079;0
Gas naturale;Commodities;Prezzo vs SMA200;Solo short;20;82;53,659;-0,109;-0,322;51;41,176;-5,103;-1,125;0,5;-38,592;-1,125;False;27,287;0
EUR/CHF;Valute;Momentum 5g;Long+Short;3;798;44,361;-0,009;-0,333;584;46,575;-0,024;-1,125;0,889;-2,111;-1,125;False;1,026;0
Gas naturale;Commodities;Prezzo vs SMA200;Long+Short;1;2314;48,963;-0,041;-1,125;1696;49,882;0,025;0,277;1,017;6,287;-1,125;False;4,866;0
GBP/USD;Valute;Prezzo vs SMA200;Solo short;20;75;49,333;0,207;0,241;46;41,304;-0,479;-1,126;0,617;-3,266;-1,126;False;4,006;0
DAX;Indici;Prezzo vs SMA200;Solo short;20;42;47,619;-0,659;0,077;27;37,037;-2,398;-1,126;0,434;-9,606;-1,126;False;10,612;0
Euro Stoxx 50;Indici;Momentum 120g;Solo long;10;156;53,205;-0,135;-1,126;131;56,489;0,39;0,072;1,424;7,588;-1,126;False;5,113;0
S&P 500;Indici;Prezzo vs SMA50;Solo short;40;36;19,444;-2,787;-1,126;25;32,0;-2,499;-0,157;0,415;-9,27;-1,126;False;10,269;0
DAX;Indici;EMA 50/200 + filtro VIX;Solo short;3;153;41,83;-0,27;-1,126;62;38,71;-0,137;-0,129;0,845;-1,259;-1,126;False;3,394;0
Nasdaq 100;Indici;Prezzo vs SMA50;Solo short;20;55;27,273;-1,996;-1,127;42;35,714;-1,343;0,241;0,562;-8,371;-1,127;False;9,052;0
Argento;Commodities;ADX>20 + direzione DI;Solo long;5;145;47,586;0,189;0,532;124;47,581;-0,136;-1,127;0,926;-2,505;-1,127;False;5,874;0
Euro Stoxx 50;Indici;EMA 10/30;Solo short;20;68;38,235;-1,037;-1,129;44;34,091;-1,21;-0,607;0,525;-7,9;-1,129;False;7,722;0
Euro Stoxx 50;Indici;Momentum 60g;Solo short;10;124;36,29;-0,536;-1,129;74;41,892;-0,825;-0,739;0,619;-9,057;-1,129;False;6,278;0
Euro Stoxx 50;Indici;Breakout Donchian 20;Solo short;40;41;29,268;-1,796;-1,129;29;37,931;-2,061;-0,36;0,47;-8,866;-1,129;False;11,639;0
Petrolio WTI;Commodities;EMA 50/200;Long+Short;1;2314;49,395;-0,048;-1,13;1693;49,557;-0,049;-0,669;0,951;-12,229;-1,13;False;3,574;0
FTSE MIB;Indici;EMA 20/50;Solo long;5;269;51,673;-0,124;-0,76;266;56,015;0,063;-1,13;1,083;2,501;-1,13;False;4,264;0
DAX;Indici;EMA 10/30;Long+Short;10;234;53,419;-0,072;-0,7;170;46,471;-0,115;-1,13;0,91;-2,91;-1,13;False;6,188;0
Gas naturale;Commodities;Prezzo vs SMA50;Solo short;10;158;48,734;-0,581;-1,13;103;46,602;-0,545;0,307;0,897;-8,323;-1,13;False;18,713;0
Gas naturale;Commodities;Prezzo vs SMA50;Long+Short;1;2314;48,012;-0,047;-1,132;1696;48,526;0,0;0,028;1,0;0,074;-1,132;False;4,837;0
DAX;Indici;Prezzo vs SMA200 + filtro VIX;Long+Short;60;39;66,667;-0,963;-1,132;26;69,231;2,159;0,05;2,128;8,33;-1,132;False;18,202;0
S&P 500;Indici;Breakout Donchian 20;Solo short;1;823;44,228;-0,066;-0,926;494;44,332;-0,095;-1,132;0,827;-6,946;-1,132;False;1,603;0
Argento;Commodities;Momentum 60g + filtro VIX;Solo short;3;363;49,036;-0,063;-0,473;196;43,367;-0,446;-1,132;0,694;-12,967;-1,132;False;4,165;0
S&P 500;Indici;Prezzo vs SMA20;Solo short;5;205;36,098;-0,399;-1,133;146;40,411;-0,247;0,023;0,823;-5,36;-1,133;False;3,833;0
EUR/USD;Valute;Momentum 60g + filtro VIX;Long+Short;10;217;48,387;-0,124;-1,133;152;46,053;-0,017;-0,167;0,966;-0,392;-1,133;False;2,63;0
USD/JPY;Valute;Momentum 120g;Long+Short;10;241;48,963;0,069;0,63;174;51,149;-0,092;-1,133;0,872;-2,372;-1,133;False;2,933;0
Argento;Commodities;SMA200 + Momentum20 concordi;Solo short;10;123;50,407;0,004;0,246;49;38,776;-2,022;-1,133;0,459;-14,689;-1,133;False;8,863;0
EUR/USD;Valute;Prezzo vs SMA50;Long+Short;5;481;48,025;-0,059;-1,133;350;48,857;-0,047;-0,809;0,888;-2,419;-1,133;False;1,963;0
Petrolio WTI;Commodities;Reversione RSI2 nel trend SMA200;Solo short;40;20;30,0;-3,179;-1,133;22;45,455;-4,589;-0,174;0,574;-14,973;-1,133;False;23,541;0
Petrolio WTI;Commodities;Acquisto su picco VIX;Long+Short;5;69;46,377;-0,312;-0,546;55;50,909;-1,216;-1,133;0,69;-9,916;-1,133;False;13,118;0
Petrolio WTI;Commodities;Acquisto su picco VIX;Solo long;5;69;46,377;-0,312;-0,546;55;50,909;-1,216;-1,133;0,69;-9,916;-1,133;False;13,118;0
DAX;Indici;Momentum 20g;Long+Short;5;467;50,964;-0,013;-0,35;342;47,953;-0,119;-1,134;0,868;-6,059;-1,134;False;3,84;0
FTSE MIB;Indici;Reversione RSI2 nel trend SMA200;Solo short;1;83;53,012;0,317;1,475;53;39,623;-0,189;-1,134;0,67;-1,485;-1,134;False;1,802;0
Nasdaq 100;Indici;Momentum 10g;Solo short;5;223;37,668;-0,493;-1,134;167;41,317;-0,339;0,111;0,796;-8,406;-1,134;False;4,856;0
Argento;Commodities;Prezzo vs SMA200 + filtro VIX;Long+Short;60;38;52,632;1,702;0,967;27;48,148;-1,162;-1,135;0,841;-4,652;-1,135;False;21,882;0
S&P 500;Indici;EMA 50/200 + filtro VIX;Long+Short;40;56;60,714;0,895;-1,136;38;65,789;1,353;-0,084;1,698;7,628;-1,136;False;9,519;0
EUR/CHF;Valute;Momentum 10g;Solo long;3;438;41,096;-0,067;-1,136;308;46,753;-0,049;-0,913;0,776;-2,253;-1,136;False;1,051;0
Euro Stoxx 50;Indici;Prezzo vs SMA20;Long+Short;40;58;44,828;-0,897;-1,136;41;46,341;0,39;-0,098;1,169;2,374;-1,136;False;11,439;0
Euro Stoxx 50;Indici;Momentum 60g + filtro VIX;Solo short;3;245;40,0;-0,182;-1,027;131;42,748;-0,28;-1,137;0,646;-5,442;-1,137;False;3,167;0
EUR/USD;Valute;Prezzo vs SMA20;Solo short;5;301;48,505;-0,036;-1,137;214;48,598;-0,029;-0,267;0,927;-0,929;-1,137;False;2,003;0
S&P 500;Indici;EMA 20/50;Solo long;5;380;58,421;0,12;-1,137;268;60,075;0,178;-0,677;1,295;7,096;-1,137;False;2,929;0
Argento;Commodities;EMA 50/200;Solo short;20;82;57,317;0,376;0,804;24;25,0;-4,188;-1,137;0,323;-14,904;-1,137;False;12,104;0
Petrolio WTI;Commodities;Momentum 10g;Solo long;5;302;51,325;0,053;0,197;230;53,043;-0,134;-1,137;0,94;-4,582;-1,137;False;7,899;0
Gas naturale;Commodities;Momentum 20g;Long+Short;20;116;42,241;-1,218;-1,138;84;40,476;-1,997;-1,031;0,753;-24,877;-1,138;False;24,597;0
Nasdaq 100;Indici;Momentum 120g + filtro VIX;Solo long;60;36;80,556;2,692;-1,138;24;79,167;4,101;-0,53;3,592;14,602;-1,138;False;14,92;0
EUR/USD;Valute;Momentum 10g;Solo long;5;289;44,637;-0,116;-1,139;214;48,598;-0,01;-0,279;0,976;-0,305;-1,139;False;1,911;0
Oro;Commodities;EMA 50/200 + filtro VIX;Long+Short;20;108;54,63;0,14;0,285;76;51,316;0,124;-1,139;1,062;1,403;-1,139;False;7,197;0
Euro Stoxx 50;Indici;Breakout Donchian 55;Long+Short;20;116;46,552;-0,434;-1,141;83;51,807;0,166;-0,238;1,102;2,045;-1,141;False;7,681;0
GBP/USD;Valute;Momentum 60g;Solo short;1;1242;49,114;-0,01;-1,015;788;47,589;-0,027;-1,141;0,885;-3,142;-1,141;False;1,13;0
S&P 500;Indici;Reversione RSI2 nel trend SMA200;Solo long;10;69;53,623;0,043;-1,141;49;67,347;0,499;-0,081;1,494;3,63;-1,141;False;4,4;0
DAX;Indici;Momentum 5g;Solo long;10;198;55,556;0,06;-1,141;145;58,621;0,409;-0,062;1,383;8,794;-1,141;False;6,407;0
Euro Stoxx 50;Indici;Momentum 120g + filtro VIX;Solo long;40;46;50,0;-0,496;-1,142;34;55,882;0,744;-0,662;1,347;3,752;-1,142;False;10,4;0
Oro;Commodities;Fine/inizio mese;Long+Short;1;111;43,243;-0,063;-0,56;81;53,086;-0,204;-1,142;0,651;-2,446;-1,142;False;1,554;0
Oro;Commodities;Fine/inizio mese;Solo long;1;111;43,243;-0,063;-0,56;81;53,086;-0,204;-1,142;0,651;-2,446;-1,142;False;1,554;0
DAX;Indici;Momentum 20g;Long+Short;20;117;51,282;-0,385;-1,142;85;44,706;-0,43;-0,979;0,784;-5,428;-1,142;False;8,6;0
S&P 500;Indici;EMA 50/200 + filtro VIX;Solo short;5;35;34,286;-0,615;-1,142;45;51,111;0,038;0,687;1,034;0,253;-1,142;False;4,127;0
DAX;Indici;Prezzo vs SMA50;Solo long;5;329;54,711;0,036;-0,892;252;55,556;0,038;-1,143;1,05;1,411;-1,143;False;3,603;0
FTSE MIB;Indici;ADX>25 + direzione DI;Solo short;3;179;45,251;-0,051;-0,316;72;30,556;-0,693;-1,143;0,599;-7,397;-1,143;False;4,572;0
EUR/USD;Valute;Prezzo vs SMA100;Long+Short;10;241;48,133;-0,112;-1,144;174;45,977;-0,041;-0,356;0,93;-1,065;-1,144;False;2,602;0
DAX;Indici;Momentum 5g;Solo long;3;533;51,032;-0,018;-1,144;390;49,744;0,027;-0,889;1,046;1,556;-1,144;False;2,782;0
Oro;Commodities;Prezzo vs SMA20;Solo short;3;427;47,775;0,019;0,528;267;45,693;-0,287;-1,144;0,671;-11,353;-1,144;False;2,669;0
FTSE MIB;Indici;Momentum 60g + filtro VIX;Long+Short;5;413;52,058;-0,048;-0,34;287;51,22;-0,008;-1,144;0,991;-0,321;-1,144;False;4,453;0
Petrolio WTI;Commodities;Prezzo vs SMA50;Long+Short;1;2314;49,438;-0,048;-1,145;1693;50,03;0,021;0,287;1,021;5,179;-1,145;False;3,533;0
Euro Stoxx 50;Indici;Prezzo vs SMA200;Long+Short;5;461;49,675;-0,066;-0,679;338;51,479;-0,089;-1,145;0,911;-4,458;-1,145;False;4,08;0
GBP/USD;Valute;Breakout Donchian 55;Solo long;60;22;36,364;-1,244;-1,145;20;45,0;0,299;0,103;1,283;0,886;-1,145;False;5,116;0
Nasdaq 100;Indici;Momentum 120g;Solo long;3;662;56,798;0,098;-1,145;459;57,298;0,121;-0,941;1,176;8,254;-1,145;False;2,887;0
FTSE MIB;Indici;EMA 20/50;Solo long;20;76;55,263;-0,125;-0,474;69;56,522;0,38;-1,146;1,253;3,892;-1,146;False;8,174;0
FTSE MIB;Indici;Breakout Donchian 20;Solo short;5;239;46,444;-0,262;-1,146;128;37,5;-0,484;-0,766;0,694;-9,192;-1,146;False;5,109;0
Nasdaq 100;Indici;EMA 10/30;Solo long;10;190;60,0;0,401;-1,147;128;60,938;0,497;-0,797;1,379;9,444;-1,147;False;4,914;0
EUR/CHF;Valute;Prezzo vs SMA200;Solo long;20;56;37,5;-0,152;0,358;34;38,235;-0,455;-1,147;0,432;-2,296;-1,147;False;1,96;0
Argento;Commodities;EMA 20/50;Long+Short;20;116;47,414;-0,843;-1,147;84;44,048;-0,383;-0,427;0,904;-4,77;-1,147;False;14,033;0
FTSE MIB;Indici;EMA 10/30;Solo short;10;126;42,857;-0,452;-0,919;63;30,159;-1,31;-1,147;0,513;-12,243;-1,147;False;7,656;0
Gas naturale;Commodities;SMA200 + Momentum20 concordi;Solo short;40;42;52,381;-1,17;-0,813;27;40,741;-9,926;-1,147;0,379;-39,742;-1,147;False;44,116;0
DAX;Indici;Breakout Donchian 20;Solo long;10;143;60,14;0,068;-1,075;113;52,212;0,094;-1,149;1,087;1,571;-1,149;False;4,886;0
GBP/USD;Valute;Momentum 120g + filtro VIX;Solo short;5;226;48,673;-0,002;-0,376;133;44,361;-0,129;-1,149;0,743;-2,546;-1,149;False;2,01;0
USD/JPY;Valute;Prezzo vs SMA200;Solo short;3;383;48,564;-0,029;-0,115;213;44,131;-0,149;-1,15;0,673;-4,696;-1,15;False;1,773;0
S&P 500;Indici;Momentum 120g;Solo long;5;395;60,506;0,158;-0,641;267;56,929;0,097;-1,151;1,135;3,856;-1,151;False;2,937;0
S&P 500;Indici;EMA 50/200 + filtro VIX;Long+Short;5;407;59,459;0,082;-1,151;284;59,859;0,202;0,235;1,317;8,509;-1,151;False;2,871;0
EUR/CHF;Valute;EMA 10/30;Solo long;5;226;40,708;-0,048;0,065;166;46,386;-0,095;-1,151;0,671;-2,345;-1,151;False;1,372;0
Euro Stoxx 50;Indici;Momentum 60g;Solo short;5;218;37,156;-0,286;-1,151;134;43,284;-0,46;-0,92;0,682;-9,147;-1,151;False;4,419;0
Argento;Commodities;Prezzo vs SMA200;Solo long;60;25;28,0;-2,691;-1,151;22;50,0;6,862;0,081;2,453;22,388;-1,151;False;24,741;0
FTSE MIB;Indici;Breakout Donchian 55;Long+Short;60;39;48,718;0,921;0,481;28;53,571;-0,432;-1,151;0,888;-1,793;-1,151;False;17,689;0
Nasdaq 100;Indici;Momentum 60g;Long+Short;5;464;55,819;0,049;-1,151;337;52,522;-0,006;-0,997;0,995;-0,299;-1,151;False;4,36;0
GBP/USD;Valute;SMA200 + Momentum20 concordi;Solo short;20;62;53,226;0,099;-0,109;38;36,842;-0,493;-1,152;0,591;-2,78;-1,152;False;4,048;0
EUR/CHF;Valute;EMA 20/50;Solo long;10;110;45,455;-0,088;0,172;77;38,961;-0,204;-1,152;0,548;-2,324;-1,152;False;1,918;0
S&P 500;Indici;SMA200 + Momentum20 concordi;Solo long;5;325;60,0;0,121;-1,152;228;59,211;0,281;0,249;1,56;9,507;-1,152;False;2,682;0
Nasdaq 100;Indici;Breakout Donchian 55;Solo long;10;193;59,067;0,405;-1,152;123;61,789;0,432;-1,059;1,349;7,89;-1,152;False;5,114;0
GBP/USD;Valute;Momentum 5g;Long+Short;5;481;46,778;-0,063;-1,152;350;48,571;-0,07;-1,053;0,854;-3,61;-1,152;False;1,971;0
Petrolio WTI;Commodities;EMA 50/200 + filtro VIX;Solo short;3;288;45,833;-0,217;-1,153;253;44,269;-0,229;-0,289;0,844;-8,595;-1,153;False;5,728;0
Petrolio WTI;Commodities;SMA200 + Momentum20 concordi;Long+Short;1;1549;49,322;-0,06;-1,153;1170;50,342;0,016;0,184;1,017;2,823;-1,153;False;3,57;0
S&P 500;Indici;Breakout Donchian 55;Solo short;20;29;24,138;-2,11;-1,153;24;33,333;-1,632;-0,419;0,531;-5,81;-1,153;False;8,525;0
DAX;Indici;EMA 10/30;Solo long;10;166;59,639;0,032;-1,154;127;59,055;0,253;-0,59;1,24;4,772;-1,154;False;5,194;0
GBP/USD;Valute;Prezzo vs SMA20;Solo short;3;459;50,98;-0,03;-1,154;320;50,313;-0,033;-0,463;0,915;-1,558;-1,154;False;1,612;0
GBP/USD;Valute;Momentum 60g + filtro VIX;Solo short;5;237;48,101;-0,057;-1,154;146;50,0;-0,017;-0,084;0,96;-0,377;-1,154;False;1,97;0
GBP/USD;Valute;Breakout Donchian 55;Solo long;3;347;47,839;-0,078;-1,155;325;46,154;-0,047;-1,096;0,868;-2,28;-1,155;False;1,503;0
GBP/USD;Valute;SMA200 + Momentum20 concordi;Solo short;10;107;46,729;0,028;-0,214;64;43,75;-0,288;-1,155;0,671;-2,731;-1,155;False;2,914;0
Euro Stoxx 50;Indici;Momentum 20g;Solo long;5;301;53,488;-0,061;-1,017;227;56,388;0,023;-1,156;1,033;0,78;-1,156;False;3,652;0
DAX;Indici;ADX>20 + direzione DI;Solo short;1;580;47,586;-0,002;-0,185;321;44,548;-0,092;-1,156;0,813;-4,359;-1,156;False;1,838;0
EUR/CHF;Valute;Momentum 120g + filtro VIX;Solo short;3;434;46,313;-0,006;-1,156;312;48,718;0,002;-0,764;1,009;0,071;-1,156;False;0,955;0
Petrolio WTI;Commodities;Prezzo vs SMA200;Solo long;1;1242;50,081;-0,074;-1,157;795;50,692;-0,074;-0,891;0,925;-8,678;-1,157;False;3,327;0
EUR/USD;Valute;Prezzo vs SMA50;Long+Short;3;801;47,566;-0,036;-1,157;584;48,801;-0,011;-0,325;0,964;-0,959;-1,157;False;1,59;0
Bitcoin;Cripto;Acquisto su picco VIX;Long+Short;5;52;44,231;-0,321;-1,157;80;57,5;0,65;-0,096;1,254;7,715;-1,157;False;15,037;0
Bitcoin;Cripto;Acquisto su picco VIX;Solo long;5;52;44,231;-0,321;-1,157;80;57,5;0,65;-0,096;1,254;7,715;-1,157;False;15,037;0
Nasdaq 100;Indici;Breakout Donchian 20;Solo short;3;257;38,911;-0,325;-1,158;186;46,237;-0,239;-0,141;0,817;-6,608;-1,158;False;3,818;0
Euro Stoxx 50;Indici;Breakout Donchian 55;Solo long;5;282;51,418;-0,08;-1,158;234;56,41;0,089;-0,634;1,123;3,1;-1,158;False;3,781;0
FTSE MIB;Indici;Prezzo vs SMA50;Solo long;5;288;51,736;-0,181;-1,158;260;54,231;0,167;-0,375;1,222;6,453;-1,158;False;4,295;0
S&P 500;Indici;EMA 50/200;Solo long;5;410;60,0;0,146;-0,78;277;58,484;0,092;-1,158;1,119;3,762;-1,158;False;3,087;0
Euro Stoxx 50;Indici;Breakout Donchian 55;Long+Short;10;231;48,918;-0,221;-1,159;168;50,0;-0,134;-0,916;0,903;-3,343;-1,159;False;6,091;0
DAX;Indici;Breakout Donchian 55;Solo long;60;32;59,375;0,605;-1,16;23;69,565;1,704;-0,77;1,768;5,813;-1,16;False;12,621;0
DAX;Indici;Breakout Donchian 55 + filtro VIX;Solo long;60;32;59,375;0,605;-1,16;23;69,565;1,366;-0,928;1,537;4,661;-1,16;False;13,139;0
Petrolio WTI;Commodities;ADX>20 + direzione DI;Long+Short;1;1516;49,604;-0,061;-1,16;963;48,598;-0,041;-0,368;0,964;-5,826;-1,16;False;3,8;0
DAX;Indici;Momentum 20g;Solo long;5;320;54,688;0,017;-1,03;237;55,274;0,037;-1,16;1,05;1,287;-1,16;False;3,67;0
Oro;Commodities;Prezzo vs SMA50;Long+Short;3;771;47,211;-0,067;-1,16;565;51,327;0,048;0,163;1,067;4,06;-1,16;False;2,674;0
EUR/CHF;Valute;Momentum 5g;Long+Short;5;481;43,243;-0,059;-1,16;349;46,418;-0,031;-0,896;0,888;-1,582;-1,16;False;1,304;0
EUR/USD;Valute;EMA 20/50;Long+Short;3;801;47,441;-0,036;-1,16;584;47,945;-0,022;-0,66;0,93;-1,913;-1,16;False;1,612;0
EUR/CHF;Valute;Momentum 20g;Long+Short;10;241;44,398;-0,069;-0,683;174;48,851;-0,082;-1,16;0,8;-2,106;-1,16;False;1,789;0
Gas naturale;Commodities;SMA200 + Momentum20 concordi;Solo short;3;342;50,585;-0,174;-1,161;195;47,692;-0,7;-0,969;0,771;-20,247;-1,161;False;9,366;0
S&P 500;Indici;Prezzo vs SMA200 + filtro VIX;Solo long;5;382;59,948;0,121;-1,161;252;61,905;0,235;-0,177;1,426;8,791;-1,161;False;2,803;0
Euro Stoxx 50;Indici;EMA 10/30;Solo short;10;118;39,831;-0,577;-1,161;74;31,081;-0,838;-0,893;0,577;-9,195;-1,161;False;5,776;0
Gas naturale;Commodities;Momentum 60g + filtro VIX;Long+Short;10;209;49,282;-0,235;-0,429;150;46,0;-1,161;-1,161;0,793;-25,824;-1,161;False;18,543;0
S&P 500;Indici;Prezzo vs SMA200;Long+Short;10;232;57,328;0,13;-1,162;168;58,333;0,208;-0,422;1,189;5,178;-1,162;False;4,793;0
EUR/CHF;Valute;EMA 50/200;Solo short;3;567;47,795;0,016;-0,338;465;50,753;-0,007;-1,163;0,967;-0,461;-1,163;False;1,046;0
Gas naturale;Commodities;Momentum 20g;Long+Short;3;771;46,952;-0,177;-1,163;564;50,0;-0,134;-0,479;0,952;-11,245;-1,163;False;9,136;0
Petrolio WTI;Commodities;EMA 50/200 + filtro VIX;Long+Short;40;56;46,429;-0,375;-0,227;39;41,026;-3,602;-1,163;0,568;-20,831;-1,163;False;24,131;0
Gas naturale;Commodities;Breakout Donchian 20;Long+Short;10;232;47,845;-0,614;-1,163;169;48,521;-0,447;-0,499;0,917;-11,209;-1,163;False;15,277;0
S&P 500;Indici;Fine/inizio mese;Long+Short;1;111;40,541;-0,063;-1,164;81;48,148;-0,024;-0,429;0,939;-0,283;-1,164;False;1,325;0
S&P 500;Indici;Fine/inizio mese;Solo long;1;111;40,541;-0,063;-1,164;81;48,148;-0,024;-0,429;0,939;-0,283;-1,164;False;1,325;0
Bitcoin;Cripto;Prezzo vs SMA200 + filtro VIX;Solo long;1;973;54,779;0,309;0,767;1282;48,05;0,052;-1,164;1,053;9,841;-1,164;False;4,915;0
Gas naturale;Commodities;Prezzo vs SMA100;Long+Short;60;39;38,462;-4,087;-1,165;27;51,852;4,51;0,608;1,385;18,056;-1,165;False;39,513;0
Petrolio WTI;Commodities;EMA 50/200 + filtro VIX;Solo short;5;178;45,506;-0,378;-1,167;157;44,586;-0,508;-0,454;0,768;-11,835;-1,167;False;7,672;0
Euro Stoxx 50;Indici;EMA 20/50;Solo short;10;105;38,095;-0,601;-1,167;57;38,596;-0,803;-0,578;0,656;-6,79;-1,167;False;6,931;0
FTSE MIB;Indici;EMA 50/200;Solo short;5;195;48,718;0,059;0,222;74;44,595;-0,709;-1,167;0,605;-7,786;-1,167;False;6,013;0
Euro Stoxx 50;Indici;EMA 50/200 + filtro VIX;Long+Short;40;55;52,727;-0,279;-0,555;40;57,5;-0,522;-1,167;0,812;-3,096;-1,167;False;12,599;0
Gas naturale;Commodities;Prezzo vs SMA200 + filtro VIX;Solo short;10;131;48,092;-0,677;-1,167;80;51,25;-1,879;-0,628;0,694;-22,286;-1,167;False;20,424;0
Argento;Commodities;Prezzo vs SMA100;Long+Short;20;116;46,552;-0,843;-1,168;84;51,19;0,752;0,274;1,22;9,364;-1,168;False;12,249;0
Nasdaq 100;Indici;Momentum 120g + filtro VIX;Solo short;5;57;38,596;-0,643;-1,168;45;51,111;-0,056;0,556;0,965;-0,377;-1,168;False;5,283;0
GBP/USD;Valute;EMA 50/200;Solo short;3;481;49,48;-0,002;-0,435;204;45,098;-0,099;-1,169;0,785;-3,0;-1,169;False;1,756;0
Argento;Commodities;Prezzo vs SMA100;Long+Short;3;771;49,157;-0,05;-0,508;565;47,257;-0,163;-1,169;0,889;-13,649;-1,169;False;4,483;0
EUR/CHF;Valute;Momentum 120g;Solo long;10;110;47,273;-0,01;1,108;70;44,286;-0,222;-1,17;0,551;-2,31;-1,17;False;1,717;0
FTSE MIB;Indici;ADX>20 + direzione DI;Solo short;10;107;39,252;-0,575;-1,171;53;39,623;-0,623;-0,156;0,72;-4,895;-1,171;False;6,986;0
EUR/USD;Valute;Reversione RSI2;Long+Short;10;179;55,307;0,094;0,93;126;43,651;-0,144;-1,172;0,767;-2,682;-1,172;False;2,508;0
Argento;Commodities;SMA200 + Momentum20 concordi;Solo long;3;232;50,431;0,055;0,282;274;47,81;-0,123;-1,172;0,919;-4,98;-1,172;False;5,209;0
Gas naturale;Commodities;Breakout Donchian 55;Long+Short;1;2314;48,401;-0,06;-1,173;1696;49,351;-0,062;-0,64;0,959;-15,485;-1,173;False;4,838;0
FTSE MIB;Indici;Momentum 60g + filtro VIX;Solo long;3;434;51,613;-0,097;-0,822;402;56,219;0,009;-1,173;1,015;0,544;-1,173;False;3,16;0
S&P 500;Indici;EMA 20/50;Solo short;20;31;29,032;-1,823;-1,173;24;45,833;-1,79;-0,518;0,485;-6,372;-1,173;False;8,412;0
EUR/USD;Valute;Momentum 60g;Long+Short;3;801;48,814;-0,013;-0,488;584;45,377;-0,038;-1,174;0,879;-3,293;-1,174;False;1,54;0
Nasdaq 100;Indici;Prezzo vs SMA20;Long+Short;5;464;52,802;-0,017;-1,174;337;49,258;-0,027;-0,81;0,977;-1,345;-1,174;False;4,158;0
USD/JPY;Valute;SMA200 + Momentum20 concordi;Solo short;3;261;47,126;-0,052;-0,486;152;39,474;-0,174;-1,174;0,656;-3,927;-1,174;False;1,803;0
Petrolio WTI;Commodities;Momentum 10g;Solo long;1;1218;49,672;-0,063;-0,792;934;49,143;-0,089;-1,177;0,905;-12,282;-1,177;False;3,431;0
Euro Stoxx 50;Indici;Prezzo vs SMA200;Solo long;1;1432;50,419;-0,022;-1,126;1251;51,958;-0,005;-1,177;0,984;-0,876;-1,177;False;1,346;0
Nasdaq 100;Indici;Momentum 10g;Solo short;10;131;35,878;-0,945;-1,177;97;41,237;-0,696;0,165;0,685;-10,009;-1,177;False;5,586;0
Nasdaq 100;Indici;ADX>20 + direzione DI;Solo long;40;38;68,421;1,897;-1,177;28;75,0;3,616;0,256;3,16;15,022;-1,177;False;10,45;0
Gas naturale;Commodities;ADX>20 + direzione DI;Solo long;10;89;48,315;-0,748;-0,66;80;47,5;-0,603;-1,177;0,874;-7,158;-1,177;False;16,373;0
Gas naturale;Commodities;EMA 50/200;Solo long;5;182;45,055;-0,642;-1,178;175;52,0;0,41;-0,033;1,116;10,644;-1,178;False;13,141;0
Petrolio WTI;Commodities;Reversione RSI2 nel trend SMA200;Long+Short;60;30;43,333;-3,402;-1,179;23;43,478;-4,273;-0,82;0,613;-14,575;-1,179;False;29,974;0
DAX;Indici;ADX>25 + direzione DI;Long+Short;10;88;36,364;-0,431;-1,179;55;45,455;-0,252;-0,56;0,851;-2,058;-1,179;False;6,035;0
DAX;Indici;EMA 50/200;Solo long;3;570;52,807;-0,005;-1,032;474;50,422;0,01;-1,18;1,018;0,731;-1,18;False;2,695;0
USD/JPY;Valute;Momentum 120g;Long+Short;3;801;49,438;0,02;0,591;584;49,486;-0,028;-1,18;0,927;-2,448;-1,18;False;1,77;0
Petrolio WTI;Commodities;Breakout Donchian 55;Solo short;1;1022;48,728;0,024;0,017;830;45,783;-0,142;-1,181;0,871;-17,478;-1,181;False;3,889;0
DAX;Indici;EMA 20/50;Solo long;20;89;59,551;0,14;-1,181;67;56,716;0,597;-0,577;1,463;5,929;-1,181;False;7,747;0
DAX;Indici;Reversione RSI2;Solo long;1;242;50,0;-0,1;-1,182;168;52,381;0,074;0,644;1,188;1,833;-1,182;False;2,032;0
GBP/USD;Valute;Prezzo vs SMA200;Long+Short;10;241;48,548;0,031;0,266;174;45,977;-0,155;-1,182;0,78;-4,004;-1,182;False;2,692;0
Petrolio WTI;Commodities;Momentum 120g + filtro VIX;Long+Short;60;39;46,154;-3,817;-1,182;26;65,385;0,256;-0,142;1,033;0,985;-1,182;False;29,032;0
FTSE MIB;Indici;Momentum 5g;Solo long;5;327;49,235;-0,185;-1,182;257;55,253;0,297;0,493;1,371;11,311;-1,182;False;4,493;0
S&P 500;Indici;Momentum 120g;Long+Short;60;39;64,103;0,6;-1,182;27;62,963;0,825;-1,086;1,295;3,305;-1,182;False;13,522;0
Euro Stoxx 50;Indici;Momentum 60g;Solo long;20;88;53,409;0,081;-0,472;67;53,731;-0,017;-1,182;0,99;-0,173;-1,182;False;7,59;0
Nasdaq 100;Indici;Prezzo vs SMA50;Solo short;3;232;40,948;-0,342;-1,183;197;46,193;-0,279;-0,334;0,791;-8,142;-1,183;False;3,988;0
FTSE MIB;Indici;Breakout Donchian 55 + filtro VIX;Long+Short;20;110;50,909;0,294;0,466;79;48,101;-0,251;-1,183;0,882;-2,938;-1,183;False;9,335;0
EUR/USD;Valute;Prezzo vs SMA100;Solo long;5;248;46,774;-0,13;-1,183;189;48,677;-0,0;-0,14;0,999;-0,01;-1,183;False;1,912;0
Gas naturale;Commodities;Breakout Donchian 55 + filtro VIX;Solo short;3;317;50,473;-0,167;-1,184;239;51,464;-0,395;-0,412;0,876;-13,985;-1,184;False;9,496;0
S&P 500;Indici;Prezzo vs SMA50;Long+Short;10;232;53,879;-0,002;-1,184;168;60,714;0,238;-0,101;1,219;5,919;-1,184;False;4,591;0
Nasdaq 100;Indici;Breakout Donchian 20;Solo long;20;91;64,835;0,857;-1,184;64;64,062;0,968;-0,762;1,516;9,189;-1,184;False;7,448;0
Euro Stoxx 50;Indici;Momentum 20g;Long+Short;3;768;49,479;-0,081;-1,185;564;48,227;-0,082;-1,174;0,888;-6,844;-1,185;False;3,01;0
GBP/USD;Valute;Momentum 5g;Solo short;3;496;50,403;-0,028;-1,185;357;49,3;-0,043;-0,694;0,886;-2,295;-1,185;False;1,612;0
Petrolio WTI;Commodities;Prezzo vs SMA200 + filtro VIX;Long+Short;5;407;50,123;-0,23;-1,185;286;46,503;-0,163;-0,501;0,92;-6,895;-1,185;False;7,774;0
GBP/USD;Valute;Breakout Donchian 55 + filtro VIX;Solo short;5;240;47,5;-0,07;-1,185;131;51,145;-0,087;-0,749;0,81;-1,681;-1,185;False;1,977;0
EUR/USD;Valute;Momentum 10g;Solo long;3;445;44,045;-0,074;-1,185;337;47,478;-0,044;-1,136;0,863;-2,222;-1,185;False;1,563;0
Oro;Commodities;Momentum 120g;Solo short;1;1017;48,574;-0,015;-0,908;429;47,552;-0,077;-1,186;0,812;-4,907;-1,186;False;1,442;0
Euro Stoxx 50;Indici;Breakout Donchian 20;Solo long;60;33;60,606;0,079;-0,517;25;48,0;0,47;-1,186;1,143;1,743;-1,186;False;13,545;0
EUR/USD;Valute;EMA 10/30;Solo short;3;440;48,636;-0,03;-1,187;308;48,052;-0,009;-0,069;0,972;-0,415;-1,187;False;1,603;0
USD/JPY;Valute;Momentum 10g;Solo long;1;1229;48,169;-0,011;-1,187;1044;52,682;0,003;-1,133;1,017;0,495;-1,187;False;1,12;0
DAX;Indici;Momentum 60g;Long+Short;40;59;49,153;0,492;-0,067;42;59,524;-0,502;-1,187;0,835;-3,127;-1,187;False;10,787;0
EUR/CHF;Valute;EMA 20/50;Solo long;5;207;41,063;-0,069;-0,32;148;46,622;-0,104;-1,188;0,655;-2,282;-1,188;False;1,365;0
EUR/USD;Valute;EMA 10/30;Solo short;5;274;47,81;-0,044;-1,189;190;53,158;-0,006;0,058;0,985;-0,164;-1,189;False;1,944;0
FTSE MIB;Indici;ADX>25 + direzione DI;Solo long;20;30;36,667;0,072;-0,098;24;50,0;0,117;-1,19;1,081;0,415;-1,19;False;7,652;0
Nasdaq 100;Indici;Breakout Donchian 55;Long+Short;20;116;58,621;0,346;-1,19;84;59,524;0,097;-0,988;1,04;1,211;-1,19;False;9,159;0
S&P 500;Indici;Prezzo vs SMA200;Long+Short;5;464;59,052;0,056;-1,191;337;52,226;0,04;-0,858;1,048;2,016;-1,191;False;3,441;0
FTSE MIB;Indici;ADX>20 + direzione DI;Solo short;3;270;43,333;-0,189;-1,191;132;36,364;-0,356;-0,82;0,717;-6,969;-1,191;False;4,493;0
Euro Stoxx 50;Indici;Momentum 120g + filtro VIX;Solo long;60;33;48,485;-0,775;-1,191;24;66,667;1,029;-0,89;1,378;3,663;-1,191;False;13,732;0
Gas naturale;Commodities;EMA 20/50;Solo long;1;1031;44,811;-0,198;-1,191;852;48,357;-0,08;-0,121;0,948;-10,128;-1,191;False;4,883;0
Nasdaq 100;Indici;Breakout Donchian 55;Long+Short;40;58;60,345;0,764;-1,191;42;52,381;0,092;-0,982;1,027;0,573;-1,191;False;13,473;0
EUR/USD;Valute;Breakout Donchian 55 + filtro VIX;Long+Short;60;39;35,897;-0,703;-1,191;27;62,963;0,112;0,145;1,086;0,447;-1,191;False;5,996;0
Argento;Commodities;Breakout Donchian 55;Long+Short;40;58;39,655;-1,702;-1,192;42;57,143;2,795;0,489;1,561;17,406;-1,192;False;18,025;0
FTSE MIB;Indici;Reversione RSI2 nel trend SMA200;Solo long;10;52;46,154;0,251;0,354;45;64,444;-0,27;-1,192;0,81;-1,801;-1,192;False;6,547;0
EUR/CHF;Valute;Prezzo vs SMA50;Solo short;3;484;45,041;-0,015;-0,899;353;49,008;-0,012;-1,193;0,942;-0,63;-1,193;False;1,026;0
Petrolio WTI;Commodities;Momentum 60g + filtro VIX;Long+Short;5;407;54,545;0,021;0,102;286;47,552;-0,374;-1,193;0,826;-15,849;-1,193;False;7,871;0
Petrolio WTI;Commodities;Prezzo vs SMA200 + filtro VIX;Solo short;5;194;45,876;-0,379;-1,193;158;46,835;-0,533;-0,599;0,744;-12,482;-1,193;False;7,818;0
EUR/CHF;Valute;Reversione RSI2 nel trend SMA200;Solo long;3;42;47,619;0,021;0,729;25;44,0;-0,132;-1,194;0,451;-0,491;-1,194;False;0,94;0
EUR/CHF;Valute;Momentum 10g;Long+Short;10;240;52,083;0,129;1,187;175;52,0;-0,079;-1,194;0,802;-2,041;-1,194;False;1,645;0
Euro Stoxx 50;Indici;EMA 50/200;Long+Short;20;116;45,69;0,024;-0,112;83;51,807;-0,163;-1,194;0,91;-2,005;-1,194;False;7,681;0
Nasdaq 100;Indici;Momentum 5g;Solo long;10;202;63,861;0,528;-0,524;148;58,108;0,351;-1,195;1,246;7,699;-1,195;False;6,628;0
DAX;Indici;Momentum 120g;Solo short;5;152;41,447;-0,211;-0,243;104;38,462;-0,62;-1,195;0,638;-9,561;-1,195;False;5,097;0
DAX;Indici;Momentum 120g;Long+Short;40;59;55,932;0,046;-0,695;42;57,143;-0,598;-1,195;0,806;-3,728;-1,195;False;12,393;0
Argento;Commodities;SMA200 + Momentum20 concordi;Solo long;60;25;28,0;-2,877;-1,196;22;63,636;6,515;0,016;2,911;21,256;-1,196;False;24,562;0
Euro Stoxx 50;Indici;EMA 10/30;Solo short;60;32;40,625;-2,613;-1,196;22;27,273;-3,116;-0,255;0,419;-10,169;-1,196;False;13,659;0
Oro;Commodities;Momentum 20g;Long+Short;40;58;41,379;-0,895;-1,196;42;57,143;2,205;1,612;2,43;13,733;-1,196;False;10,882;0
DAX;Indici;Breakout Donchian 55;Solo short;10;81;38,272;-0,53;-0,433;58;34,483;-1,253;-1,196;0,512;-10,78;-1,196;False;6,45;0
Euro Stoxx 50;Indici;Momentum 20g;Solo short;1;1007;46,276;-0,049;-1,161;686;44,023;-0,087;-1,197;0,833;-8,85;-1,197;False;1,86;0
EUR/CHF;Valute;Momentum 10g;Long+Short;60;41;43,902;-0,615;-1,197;28;60,714;0,57;1,67;2,197;2,367;-1,197;False;5,152;0
DAX;Indici;Momentum 120g + filtro VIX;Long+Short;40;57;63,158;0,428;-0,212;40;52,5;-0,64;-1,197;0,788;-3,796;-1,197;False;11,911;0
EUR/CHF;Valute;Prezzo vs SMA100;Solo long;20;63;41,27;-0,155;0,319;49;46,939;-0,39;-1,198;0,432;-2,835;-1,198;False;2,394;0
GBP/USD;Valute;ADX>25 + direzione DI;Long+Short;60;25;60,0;0,238;0,277;20;30,0;-1,026;-1,198;0,498;-3,043;-1,198;False;6,903;0
Argento;Commodities;EMA 20/50;Long+Short;5;463;46,004;-0,21;-1,199;338;43,787;-0,221;-0,935;0,892;-11,056;-1,199;False;6,503;0
Nasdaq 100;Indici;Momentum 120g + filtro VIX;Solo short;10;34;26,471;-1,373;-1,199;27;55,556;0,689;1,46;1,378;2,761;-1,199;False;6,171;0
Euro Stoxx 50;Indici;Prezzo vs SMA100;Solo short;3;323;43,344;-0,205;-1,2;194;42,268;-0,325;-1,105;0,724;-9,358;-1,2;False;3,874;0
Euro Stoxx 50;Indici;Fine/inizio mese;Long+Short;10;111;54,054;-0,293;-1,2;80;62,5;0,378;0,012;1,279;4,485;-1,2;False;6,834;0
Euro Stoxx 50;Indici;Fine/inizio mese;Solo long;10;111;54,054;-0,293;-1,2;80;62,5;0,378;0,012;1,279;4,485;-1,2;False;6,834;0
S&P 500;Indici;Momentum 60g;Solo short;1;544;44,118;-0,095;-1,201;409;46,699;-0,093;-0,933;0,845;-5,664;-1,201;False;1,822;0
Petrolio WTI;Commodities;Breakout Donchian 55 + filtro VIX;Solo long;10;127;55,118;0,165;0,257;79;55,696;-0,225;-1,201;0,917;-2,635;-1,201;False;9,675;0
EUR/USD;Valute;Momentum 20g;Long+Short;10;241;48,133;-0,119;-1,202;174;46,552;-0,076;-0,676;0,874;-1,96;-1,202;False;2,665;0
GBP/USD;Valute;Momentum 20g;Long+Short;20;121;47,107;-0,231;-1,202;86;47,674;-0,162;-0,585;0,843;-2,063;-1,202;False;3,848;0
S&P 500;Indici;Prezzo vs SMA50;Solo short;20;57;28,07;-1,532;-1,203;41;26,829;-1,182;-0,06;0,623;-7,188;-1,203;False;7,345;0
Ethereum;Cripto;Momentum 20g;Solo long;10;32;37,5;-2,835;-1,204;165;51,515;3,159;0,937;1,847;77,298;-1,204;False;20,696;0
Gas naturale;Commodities;EMA 50/200;Solo long;10;93;48,387;-1,248;-1,204;89;55,056;1,271;0,239;1,266;16,775;-1,204;False;18,008;0
FTSE MIB;Indici;Momentum 60g;Long+Short;3;779;49,166;-0,106;-1,204;571;49,562;-0,028;-0,887;0,963;-2,348;-1,204;False;3,511;0
EUR/CHF;Valute;Momentum 120g + filtro VIX;Long+Short;5;424;44,811;-0,037;-1,204;292;54,795;0,011;0,021;1,047;0,472;-1,204;False;1,193;0
FTSE MIB;Indici;ADX>20 + direzione DI;Solo long;3;226;50,0;-0,18;-1,204;163;52,761;-0,016;-0,995;0,973;-0,382;-1,204;False;3,1;0
FTSE MIB;Indici;Momentum 20g;Long+Short;3;779;49,166;-0,049;-0,558;571;47,811;-0,08;-1,205;0,897;-6,738;-1,205;False;3,451;0
FTSE MIB;Indici;Momentum 60g;Long+Short;40;59;50,847;-0,23;-0,241;42;52,381;-0,551;-1,205;0,825;-3,433;-1,205;False;13,143;0
EUR/USD;Valute;Momentum 10g;Solo long;10;166;43,976;-0,228;-1,205;126;46,825;-0,061;-0,666;0,896;-1,139;-1,205;False;2,537;0
EUR/USD;Valute;Momentum 120g;Solo short;1;1372;48,98;-0,01;-1,205;841;48,87;-0,017;-0,893;0,91;-2,102;-1,205;False;1,102;0
Bitcoin;Cripto;Breakout Donchian 55;Long+Short;1;1732;50,693;0,105;0,377;2462;47,157;-0,054;-1,205;0,95;-19,559;-1,205;False;4,955;0
Oro;Commodities;ADX>20 + direzione DI;Long+Short;5;298;45,973;-0,097;-0,736;241;47,718;-0,164;-1,206;0,855;-5,865;-1,206;False;3,903;0
Nasdaq 100;Indici;SMA200 + Momentum20 concordi;Solo long;3;524;60,115;0,097;-1,206;359;59,61;0,212;0,054;1,351;11,287;-1,206;False;2,599;0
Petrolio WTI;Commodities;Breakout Donchian 55 + filtro VIX;Solo long;3;402;52,239;0,044;0,328;251;51,793;-0,153;-1,206;0,903;-5,697;-1,206;False;6,324;0
DAX;Indici;Breakout Donchian 55 + filtro VIX;Solo long;5;306;55,556;0,001;-1,208;224;53,125;0,052;-1,1;1,08;1,735;-1,208;False;3,445;0
DAX;Indici;ADX>25 + direzione DI;Long+Short;3;246;45,122;-0,099;-0,74;164;43,902;-0,207;-1,208;0,763;-5,037;-1,208;False;3,212;0
EUR/CHF;Valute;Prezzo vs SMA200;Solo short;3;502;48,008;0,014;-0,323;419;48,926;-0,011;-1,208;0,948;-0,658;-1,208;False;1,065;0
Gas naturale;Commodities;Prezzo vs SMA200;Solo short;1;1350;50,741;0,024;-1,209;822;50,973;0,093;0,235;1,069;11,369;-1,209;False;4,706;0
S&P 500;Indici;Prezzo vs SMA200;Solo long;5;411;58,151;0,119;-1,209;273;57,509;0,123;-1,083;1,186;4,962;-1,209;False;2,902;0
S&P 500;Indici;SMA200 + Momentum20 concordi;Long+Short;10;199;60,804;0,123;-1,209;147;60,544;0,211;-0,408;1,191;4,6;-1,209;False;4,467;0
Euro Stoxx 50;Indici;EMA 10/30;Solo short;3;338;44,97;-0,201;-1,21;210;39,524;-0,25;-0,778;0,769;-7,784;-1,21;False;3,615;0
Euro Stoxx 50;Indici;Breakout Donchian 55;Long+Short;3;768;48,568;-0,08;-1,211;564;49,468;-0,028;-0,743;0,96;-2,337;-1,211;False;3,083;0
Argento;Commodities;SMA200 + Momentum20 concordi;Solo short;5;227;52,423;0,101;0,613;83;37,349;-1,146;-1,211;0,572;-14,105;-1,211;False;5,776;0
GBP/USD;Valute;Momentum 120g + filtro VIX;Solo short;10;120;50,833;0,088;0,134;75;42,667;-0,252;-1,211;0,673;-2,806;-1,211;False;2,919;0
Ethereum;Cripto;Reversione RSI2;Solo long;3;48;45,833;-1,49;-1,212;154;56,494;0,047;-0,878;1,017;1,084;-1,212;False;15,668;0
DAX;Indici;Momentum 60g;Long+Short;5;467;50,535;-0,103;-1,212;342;51,17;-0,07;-1,003;0,92;-3,565;-1,212;False;4,02;0
EUR/CHF;Valute;SMA200 + Momentum20 concordi;Long+Short;10;199;46,734;0,066;0,386;144;52,083;-0,06;-1,213;0,833;-1,274;-1,213;False;1,82;0
USD/JPY;Valute;Prezzo vs SMA100;Solo long;1;1257;48,21;-0,003;-0,639;1143;53,631;0,003;-1,214;1,018;0,591;-1,214;False;1,144;0
DAX;Indici;Momentum 120g + filtro VIX;Solo long;5;329;55,319;0,076;-0,619;239;56,067;0,056;-1,214;1,091;1,992;-1,214;False;3,61;0
Gas naturale;Commodities;SMA200 + Momentum20 concordi;Solo short;20;69;49,275;-0,506;-0,652;44;40,909;-5,83;-1,214;0,458;-38,04;-1,214;False;28,107;0
EUR/CHF;Valute;Prezzo vs SMA20;Solo long;3;422;42,18;-0,041;-0,334;296;46,284;-0,061;-1,214;0,745;-2,68;-1,214;False;1,012;0
Nasdaq 100;Indici;EMA 50/200;Long+Short;20;116;66,379;0,677;-1,215;84;64,286;1,538;0,836;1,897;19,161;-1,215;False;8,773;0
USD/JPY;Valute;Momentum 120g;Solo short;1;1202;46,423;-0,022;-0,966;620;45,645;-0,053;-1,215;0,789;-4,877;-1,215;False;1,126;0
Nasdaq 100;Indici;Momentum 60g + filtro VIX;Solo long;10;184;58,696;0,389;-1,215;123;60,163;0,838;0,211;1,862;15,294;-1,215;False;4,98;0
DAX;Indici;Prezzo vs SMA200 + filtro VIX;Long+Short;5;411;53,528;-0,059;-1,216;286;55,245;0,05;-0,801;1,072;2,104;-1,216;False;3,676;0
Argento;Commodities;ADX>20 + direzione DI;Long+Short;3;479;46,347;-0,068;-0,519;312;45,192;-0,278;-1,216;0,827;-12,87;-1,216;False;4,694;0
Euro Stoxx 50;Indici;Momentum 120g + filtro VIX;Solo short;1;601;46,256;-0,054;-1,054;274;44,526;-0,102;-1,216;0,78;-4,145;-1,216;False;1,702;0
Oro;Commodities;Reversione RSI2;Solo long;3;167;47,904;-0,136;-1,217;90;53,333;-0,046;-0,927;0,941;-0,61;-1,217;False;2,784;0
Euro Stoxx 50;Indici;Breakout Donchian 55 + filtro VIX;Long+Short;40;55;52,727;0,24;0,048;40;55,0;-0,971;-1,217;0,677;-5,764;-1,217;False;11,945;0
Euro Stoxx 50;Indici;Prezzo vs SMA100;Solo short;10;114;39,474;-0,582;-1,217;71;35,211;-0,687;-0,482;0,695;-7,233;-1,217;False;6,078;0
Gas naturale;Commodities;Momentum 120g + filtro VIX;Solo short;5;236;50,424;-0,337;-1,218;143;49,65;-0,366;0,109;0,886;-7,754;-1,218;False;12,021;0
Oro;Commodities;Momentum 20g;Solo long;10;151;44,371;-0,193;-1,218;127;57,48;0,651;0,116;1,689;12,269;-1,218;False;5,444;0
DAX;Indici;Momentum 120g;Solo short;1;680;47,5;-0,026;-0,669;457;45,952;-0,081;-1,218;0,84;-5,47;-1,218;False;2,039;0
USD/JPY;Valute;SMA200 + Momentum20 concordi;Solo long;3;320;49,375;0,058;0,626;296;53,716;0,002;-1,219;1,005;0,081;-1,219;False;1,745;0
Argento;Commodities;Reversione RSI2;Solo long;60;32;53,125;2,403;0,569;21;52,381;2,735;-1,219;1,668;8,518;-1,219;False;18,54;0
S&P 500;Indici;Momentum 60g + filtro VIX;Solo long;5;357;57,703;0,121;-1,219;250;62,8;0,178;-0,645;1,287;6,596;-1,219;False;2,819;0
DAX;Indici;ADX>25 + direzione DI;Solo short;5;85;43,529;-0,567;-1,219;42;30,952;-0,347;-0,213;0,792;-2,162;-1,219;False;4,904;0
Gas naturale;Commodities;Prezzo vs SMA50;Solo short;1;1283;49,883;0,022;-1,219;816;49,51;0,069;0,036;1,049;8,307;-1,219;False;4,736;0
Petrolio WTI;Commodities;Momentum 10g;Solo long;3;469;50,32;-0,049;-0,308;354;50,565;-0,137;-1,22;0,921;-7,167;-1,22;False;5,911;0
S&P 500;Indici;Fine/inizio mese;Long+Short;3;111;54,955;-0,05;-1,22;80;62,5;0,366;1,186;1,739;4,345;-1,22;False;2,835;0
S&P 500;Indici;Fine/inizio mese;Solo long;3;111;54,955;-0,05;-1,22;80;62,5;0,366;1,186;1,739;4,345;-1,22;False;2,835;0
EUR/CHF;Valute;Prezzo vs SMA200;Long+Short;5;481;45,322;0,005;-0,114;350;50,286;-0,027;-1,221;0,898;-1,406;-1,221;False;1,256;0
Ethereum;Cripto;Reversione RSI2;Long+Short;1;140;55,0;-0,247;-0,528;607;50,247;-0,28;-1,221;0,842;-25,221;-1,221;False;8,2;0
USD/JPY;Valute;Prezzo vs SMA20;Long+Short;5;481;47,817;-0,067;-1,222;350;50,571;-0,03;-0,713;0,941;-1,558;-1,222;False;2,204;0
Gas naturale;Commodities;Prezzo vs SMA200 + filtro VIX;Solo short;40;41;53,659;-1,335;-0,948;26;42,308;-10,897;-1,223;0,383;-42,015;-1,223;False;48,467;0
Oro;Commodities;SMA200 + Momentum20 concordi;Solo long;3;286;50,35;0,054;0,293;331;53,172;0,013;-1,223;1,017;0,627;-1,223;False;2,807;0
Petrolio WTI;Commodities;EMA 50/200 + filtro VIX;Solo short;1;821;47,381;-0,063;-1,223;736;47,554;-0,048;-0,481;0,941;-5,278;-1,223;False;3,282;0
Argento;Commodities;Prezzo vs SMA20;Long+Short;40;58;37,931;-1,725;-1,224;42;50,0;4,337;1,162;2,03;27,014;-1,224;False;19,103;0
EUR/USD;Valute;Breakout Donchian 20;Solo long;1;1163;48,065;-0,024;-1,097;927;44,552;-0,016;-1,224;0,907;-2,226;-1,224;False;0,97;0
Nasdaq 100;Indici;EMA 10/30;Solo long;60;37;75,676;3,81;-0,108;26;65,385;2,538;-1,224;1,867;9,791;-1,224;False;14,893;0
Gas naturale;Commodities;Breakout Donchian 20;Solo short;3;439;51,481;-0,139;-1,225;245;48,98;-0,497;-0,66;0,836;-18,072;-1,225;False;8,977;0
S&P 500;Indici;Momentum 5g;Solo long;10;203;64,039;0,234;-1,225;148;66,216;0,469;-0,246;1,495;10,3;-1,225;False;5,37;0
S&P 500;Indici;Momentum 120g + filtro VIX;Solo long;10;189;62,963;0,237;-1,225;129;65,891;0,362;-0,737;1,44;6,931;-1,225;False;4,271;0
Argento;Commodities;Momentum 10g;Long+Short;3;770;52,727;0,145;1,404;565;47,611;-0,19;-1,225;0,871;-15,919;-1,225;False;4,443;0
EUR/CHF;Valute;Breakout Donchian 55 + filtro VIX;Long+Short;5;424;45,991;-0,007;-0,597;292;51,712;-0,038;-1,227;0,85;-1,662;-1,227;False;1,19;0
EUR/CHF;Valute;Momentum 120g;Solo long;20;59;44,068;0,006;1,384;41;39,024;-0,447;-1,227;0,453;-2,719;-1,227;False;2,495;0
Gas naturale;Commodities;EMA 50/200;Solo short;10;148;48,649;-0,599;-1,227;84;48,81;-0,318;0,434;0,94;-3,955;-1,227;False;18,333;0
Euro Stoxx 50;Indici;Prezzo vs SMA200;Long+Short;1;2302;49,175;-0,027;-1,227;1695;50,265;-0,016;-0,996;0,959;-3,95;-1,227;False;1,601;0
Petrolio WTI;Commodities;Momentum 120g + filtro VIX;Solo short;1;796;47,739;-0,065;-1,228;644;45,807;-0,105;-1,202;0,874;-10,032;-1,228;False;3,253;0
S&P 500;Indici;Momentum 120g;Solo long;10;202;65,842;0,316;-0,685;140;61,429;0,193;-1,228;1,185;4,009;-1,228;False;4,404;0
Euro Stoxx 50;Indici;EMA 50/200;Long+Short;10;231;51,948;-0,053;-0,387;168;49,405;-0,14;-1,229;0,899;-3,5;-1,229;False;5,783;0
GBP/USD;Valute;Breakout Donchian 20;Long+Short;3;801;48,814;-0,039;-1,229;584;50,685;-0,011;-0,291;0,969;-0,956;-1,229;False;1,575;0
Petrolio WTI;Commodities;EMA 10/30;Solo long;1;1249;49,88;-0,079;-1,229;871;51,435;-0,005;-0,191;0,994;-0,658;-1,229;False;3,341;0
Petrolio WTI;Commodities;Breakout Donchian 55;Solo long;40;38;50,0;0,081;-0,076;26;46,154;-0,671;-1,23;0,901;-2,586;-1,23;False;19,222;0
USD/JPY;Valute;Breakout Donchian 20;Long+Short;40;61;57,377;0,765;1,606;42;59,524;-0,392;-1,231;0,757;-2,444;-1,231;False;5,967;0
Oro;Commodities;EMA 50/200;Solo long;3;418;48,804;-0,011;-0,5;467;50,749;0,027;-1,231;1,035;1,851;-1,231;False;2,866;0
Euro Stoxx 50;Indici;Momentum 60g;Long+Short;40;58;48,276;-0,974;-1,231;41;51,22;-0,738;-1,18;0,743;-4,49;-1,231;False;13,423;0
Ethereum;Cripto;Prezzo vs SMA100;Long+Short;1;583;51,63;0,206;1,093;2462;47,725;-0,069;-1,233;0,953;-25,099;-1,233;False;6,147;0
Euro Stoxx 50;Indici;Momentum 20g;Solo short;3;369;45,799;-0,153;-0,977;255;40,784;-0,288;-1,233;0,713;-10,884;-1,233;False;3,243;0
Nasdaq 100;Indici;EMA 50/200;Solo short;5;31;35,484;-0,948;-1,233;60;48,333;-0,186;0,433;0,869;-1,659;-1,233;False;5,77;0
Euro Stoxx 50;Indici;Momentum 120g + filtro VIX;Solo long;10;150;50,667;-0,172;-1,234;123;59,35;0,38;0,032;1,452;6,928;-1,234;False;4,812;0
Euro Stoxx 50;Indici;Momentum 20g;Solo short;5;240;41,25;-0,31;-1,234;171;38,596;-0,454;-1,098;0,658;-11,517;-1,234;False;4,441;0
EUR/CHF;Valute;Breakout Donchian 55 + filtro VIX;Long+Short;10;216;52,315;0,009;-0,282;152;48,026;-0,071;-1,234;0,801;-1,605;-1,234;False;1,736;0
FTSE MIB;Indici;Breakout Donchian 55;Solo long;1;1425;49,754;-0,057;-0,562;1282;50,546;-0,035;-1,234;0,898;-6,597;-1,234;False;1,612;0
EUR/CHF;Valute;Breakout Donchian 20;Solo short;40;43;58,14;-0,002;-1,235;35;42,857;0,139;-0,597;1,272;0,722;-1,235;False;3,739;0
Petrolio WTI;Commodities;SMA200 + Momentum20 concordi;Solo long;10;112;47,321;-0,565;-1,235;77;59,74;0,647;-0,095;1,246;7,389;-1,235;False;11,617;0
S&P 500;Indici;Momentum 20g;Long+Short;10;232;53,879;-0,048;-1,236;168;61,31;0,202;-0,116;1,183;5,024;-1,236;False;4,845;0
EUR/USD;Valute;EMA 20/50;Long+Short;10;241;48,133;-0,119;-1,236;174;47,126;0,041;0,37;1,074;1,046;-1,236;False;2,555;0
S&P 500;Indici;SMA200 + Momentum20 concordi;Solo long;20;94;67,021;0,513;-1,236;61;65,574;1,152;0,087;2,28;10,428;-1,236;False;5,076;0
GBP/USD;Valute;Momentum 10g;Solo long;3;454;45,154;-0,075;-1,236;341;48,387;-0,01;-0,308;0,971;-0,498;-1,236;False;1,548;0
GBP/USD;Valute;Momentum 120g + filtro VIX;Long+Short;3;688;48,256;0,001;0,023;484;45,661;-0,048;-1,237;0,862;-3,422;-1,237;False;1,563;0
S&P 500;Indici;SMA200 + Momentum20 concordi;Solo short;10;32;37,5;-1,258;-1,238;31;35,484;-0,695;-0,158;0,724;-3,198;-1,238;False;7,209;0
GBP/USD;Valute;SMA200 + Momentum20 concordi;Long+Short;5;363;46,556;-0,059;-0,921;268;46,269;-0,09;-1,238;0,806;-3,584;-1,238;False;1,952;0
EUR/CHF;Valute;Momentum 120g + filtro VIX;Long+Short;40;58;60,345;0,176;0,189;41;34,146;-0,24;-1,239;0,707;-1,462;-1,239;False;3,525;0
Gas naturale;Commodities;EMA 10/30;Solo short;5;276;49,275;-0,299;-1,24;179;50,279;-0,787;-0,424;0,805;-20,878;-1,24;False;12,641;0
Oro;Commodities;Momentum 20g;Long+Short;60;39;41,026;-1,526;-1,24;27;55,556;2,154;0,445;1,728;8,624;-1,24;False;13,115;0
Petrolio WTI;Commodities;EMA 20/50;Solo long;1;1264;50,316;-0,076;-1,24;840;51,667;-0,011;-0,253;0,988;-1,411;-1,24;False;3,3;0
S&P 500;Indici;ADX>20 + direzione DI;Solo short;10;80;35,0;-0,857;-1,241;63;30,159;-1,148;-1,074;0,506;-10,734;-1,241;False;5,44;0
Euro Stoxx 50;Indici;Prezzo vs SMA200 + filtro VIX;Solo long;1;1350;50,074;-0,025;-1,241;1111;51,755;0,004;-0,831;1,013;0,619;-1,241;False;1,294;0
GBP/USD;Valute;Prezzo vs SMA20;Solo short;5;298;49,329;-0,05;-1,241;203;48,276;-0,049;-0,423;0,903;-1,467;-1,241;False;1,977;0
USD/JPY;Valute;EMA 10/30;Solo long;1;1210;47,686;-0,011;-1,15;1072;52,239;0,003;-1,242;1,014;0,415;-1,242;False;1,134;0
EUR/USD;Valute;Prezzo vs SMA50;Long+Short;40;61;47,541;-0,091;-0,229;42;30,952;-0,565;-1,242;0,606;-3,516;-1,242;False;5,276;0
Euro Stoxx 50;Indici;Breakout Donchian 55;Long+Short;40;58;50,0;-0,314;-0,51;41;48,78;-0,725;-1,242;0,747;-4,41;-1,242;False;13,231;0
Gas naturale;Commodities;Breakout Donchian 55;Solo short;1;1153;50,564;0,017;-1,243;857;50,525;0,002;-0,432;1,001;0,224;-1,243;False;4,931;0
Euro Stoxx 50;Indici;Breakout Donchian 55;Solo long;3;465;51,398;-0,061;-1,243;386;57,513;0,042;-0,714;1,074;2,404;-1,243;False;2,662;0
Argento;Commodities;ADX>20 + direzione DI;Solo short;3;289;42,907;-0,141;-0,915;143;39,161;-0,624;-1,243;0,652;-13,241;-1,243;False;4,636;0
Euro Stoxx 50;Indici;Prezzo vs SMA100;Solo short;40;40;27,5;-2,078;-1,244;24;29,167;-2,229;-0,412;0,477;-7,937;-1,244;False;11,973;0
Argento;Commodities;Prezzo vs SMA200 + filtro VIX;Solo long;60;25;28,0;-2,946;-1,245;21;47,619;8,962;0,343;2,83;27,91;-1,245;False;21,554;0
FTSE MIB;Indici;Breakout Donchian 20;Solo short;20;74;43,243;-1,119;-1,245;38;36,842;-1,006;0,053;0,644;-5,673;-1,245;False;10,351;0
S&P 500;Indici;Breakout Donchian 55 + filtro VIX;Long+Short;60;39;61,538;0,038;-1,246;25;60,0;1,791;0,151;1,901;6,642;-1,246;False;11,667;0
Argento;Commodities;Momentum 60g;Solo long;60;28;28,571;-2,766;-1,246;22;45,455;6,454;0,001;2,174;21,056;-1,246;False;20,946;0
S&P 500;Indici;Breakout Donchian 55;Long+Short;10;232;54,31;0,036;-1,246;168;55,357;0,024;-1,025;1,02;0,603;-1,246;False;4,785;0
Oro;Commodities;Breakout Donchian 55;Solo long;10;137;49,635;-0,145;-1,246;126;55,556;0,679;0,192;1,657;12,693;-1,246;False;5,013;0
Petrolio WTI;Commodities;Prezzo vs SMA200;Long+Short;1;2314;49,006;-0,052;-1,246;1693;48,848;-0,084;-1,169;0,918;-21,014;-1,246;False;3,585;0
S&P 500;Indici;Breakout Donchian 20;Long+Short;10;232;53,448;-0,015;-0,857;168;54,167;-0,07;-1,247;0,944;-1,735;-1,247;False;4,599;0
Euro Stoxx 50;Indici;Momentum 5g;Long+Short;3;768;49,219;-0,087;-1,247;564;48,759;0,043;0,343;1,065;3,636;-1,247;False;2,973;0
Ethereum;Cripto;Reversione RSI2;Long+Short;10;44;56,818;0,722;0,307;175;46,857;-1,522;-1,248;0,728;-39,488;-1,248;False;24,441;0
Euro Stoxx 50;Indici;EMA 50/200 + filtro VIX;Long+Short;3;664;48,795;-0,077;-1,248;464;53,233;0,037;-0,361;1,063;2,541;-1,248;False;2,762;0
DAX;Indici;EMA 10/30;Long+Short;3;777;50,579;-0,068;-1,248;572;49,65;0,018;-0,245;1,027;1,507;-1,248;False;2,908;0
Ethereum;Cripto;Reversione RSI2;Solo long;5;38;44,737;-1,601;-0,95;130;53,077;0,018;-1,248;1,005;0,35;-1,248;False;18,757;0
GBP/USD;Valute;Breakout Donchian 55;Long+Short;60;41;41,463;-0,666;-1,249;28;50,0;0,315;0,363;1,24;1,31;-1,249;False;6,338;0
Nasdaq 100;Indici;Prezzo vs SMA200;Long+Short;40;58;63,793;0,912;-1,249;42;61,905;1,343;-0,486;1,478;8,37;-1,249;False;12,17;0
Euro Stoxx 50;Indici;Fine/inizio mese;Long+Short;5;111;54,955;-0,288;-1,25;80;61,25;0,302;0,369;1,316;3,589;-1,25;False;5,057;0
Euro Stoxx 50;Indici;Fine/inizio mese;Solo long;5;111;54,955;-0,288;-1,25;80;61,25;0,302;0,369;1,316;3,589;-1,25;False;5,057;0
EUR/USD;Valute;Momentum 60g + filtro VIX;Solo long;1;946;46,934;-0,027;-1,154;745;46,443;-0,017;-1,25;0,898;-1,922;-1,25;False;0,945;0
GBP/USD;Valute;Breakout Donchian 55 + filtro VIX;Long+Short;3;688;47,82;-0,042;-1,251;484;46,694;-0,044;-1,128;0,872;-3,138;-1,251;False;1,593;0
Euro Stoxx 50;Indici;Prezzo vs SMA20;Long+Short;5;461;49,241;-0,142;-1,251;338;49,704;-0,03;-0,397;0,969;-1,501;-1,251;False;4,101;0
FTSE MIB;Indici;ADX>20 + direzione DI;Long+Short;5;289;48,789;-0,235;-1,251;173;49,133;0,013;-0,098;1,012;0,321;-1,251;False;4,785;0
FTSE MIB;Indici;Momentum 60g + filtro VIX;Solo short;20;63;36,508;-1,202;-1,251;26;26,923;-2,357;-1,085;0,339;-9,091;-1,251;False;11,265;0
S&P 500;Indici;Momentum 120g + filtro VIX;Long+Short;5;407;57,74;0,058;-1,252;284;57,746;0,156;-0,136;1,236;6,586;-1,252;False;2,827;0
Petrolio WTI;Commodities;Prezzo vs SMA200 + filtro VIX;Solo short;20;60;40,0;-1,624;-1,253;47;57,447;-0,65;0,647;0,839;-4,534;-1,253;False;18,245;0
Gas naturale;Commodities;Prezzo vs SMA20;Long+Short;40;58;55,172;1,383;0,653;42;42,857;-4,344;-1,254;0,67;-27,058;-1,254;False;39,666;0
EUR/CHF;Valute;Prezzo vs SMA50;Solo long;5;243;41,564;-0,073;-0,403;179;47,486;-0,104;-1,255;0,673;-2,751;-1,255;False;1,365;0
Nasdaq 100;Indici;Momentum 120g;Long+Short;20;116;62,069;0,411;-1,256;84;60,714;0,608;-0,47;1,279;7,571;-1,256;False;8,553;0
GBP/USD;Valute;Prezzo vs SMA200;Solo short;1;1279;48,71;-0,01;-0,96;681;46,99;-0,033;-1,256;0,866;-3,306;-1,256;False;1,199;0
Euro Stoxx 50;Indici;Momentum 10g;Long+Short;40;58;46,552;-0,971;-1,256;41;48,78;0,423;0,148;1,184;2,571;-1,256;False;12,53;0
EUR/CHF;Valute;Prezzo vs SMA20;Solo long;10;160;43,125;-0,054;0,617;110;41,818;-0,186;-1,256;0,594;-3,032;-1,256;False;1,668;0
Nasdaq 100;Indici;Prezzo vs SMA200;Solo long;5;416;59,135;0,17;-1,256;274;60,219;0,431;0,381;1,533;17,515;-1,256;False;3,889;0
Nasdaq 100;Indici;Momentum 120g;Long+Short;40;58;60,345;0,906;-1,257;42;59,524;1,072;-0,577;1,364;6,681;-1,257;False;12,17;0
Nasdaq 100;Indici;EMA 10/30;Solo short;20;49;22,449;-2,062;-1,257;37;35,135;-2,341;-0,731;0,387;-12,852;-1,257;False;9,361;0
Argento;Commodities;SMA200 + Momentum20 concordi;Solo long;40;32;40,625;-1,713;-1,257;30;56,667;3,206;-0,37;1,743;14,262;-1,257;False;17,882;0
Nasdaq 100;Indici;EMA 50/200 + filtro VIX;Long+Short;60;39;74,359;2,015;-1,258;25;76,0;5,213;1,027;4,702;19,333;-1,258;False;15,4;0
DAX;Indici;Momentum 120g + filtro VIX;Long+Short;20;110;51,818;-0,025;-0,877;78;57,692;-0,343;-1,258;0,819;-3,969;-1,258;False;7,671;0
S&P 500;Indici;Momentum 60g;Solo long;5;375;58,4;0,119;-1,258;266;63,158;0,182;-0,562;1,273;7,195;-1,258;False;2,891;0
EUR/USD;Valute;Reversione RSI2 nel trend SMA200;Solo long;10;43;60,465;0,243;1,224;38;47,368;-0,146;-1,258;0,647;-0,821;-1,258;False;2,67;0
Euro Stoxx 50;Indici;Momentum 120g;Long+Short;60;39;43,59;-1,327;-1,259;27;59,259;0,207;-0,938;1,072;0,83;-1,259;False;16,366;0
EUR/CHF;Valute;Momentum 60g + filtro VIX;Long+Short;5;424;43,632;-0,043;-1,259;291;50,859;-0,009;-0,379;0,965;-0,369;-1,259;False;1,189;0
GBP/USD;Valute;Reversione RSI2 nel trend SMA200;Long+Short;60;34;41,176;-0,625;-1,26;21;47,619;-0,451;-0,655;0,719;-1,405;-1,26;False;5,483;0
S&P 500;Indici;Breakout Donchian 55;Solo short;10;55;36,364;-1,131;-1,261;44;27,273;-0,852;-0,426;0,623;-5,559;-1,261;False;6,617;0
Gas naturale;Commodities;EMA 10/30;Long+Short;20;116;49,138;-0,214;-0,227;84;42,857;-2,785;-1,262;0,683;-34,694;-1,262;False;24,714;0
Gas naturale;Commodities;EMA 20/50;Long+Short;10;232;46,552;-0,66;-1,262;169;49,704;-1,244;-1,061;0,786;-31,167;-1,262;False;16,846;0
EUR/CHF;Valute;Prezzo vs SMA100;Long+Short;10;241;45,228;-0,028;-0,516;174;47,126;-0,074;-1,262;0,82;-1,912;-1,262;False;1,773;0
Argento;Commodities;Momentum 60g;Long+Short;60;39;28,205;-2,859;-1,262;27;33,333;-0,701;-0,317;0,923;-2,806;-1,262;False;23,714;0
FTSE MIB;Indici;EMA 20/50;Long+Short;5;468;46,368;-0,177;-1,263;342;49,708;-0,068;-1,136;0,935;-3,444;-1,263;False;4,774;0
Gas naturale;Commodities;Prezzo vs SMA100;Solo long;3;367;47,139;-0,415;-1,263;299;49,164;0,079;-0,228;1,028;3,495;-1,263;False;9,223;0
Nasdaq 100;Indici;Prezzo vs SMA20;Solo long;3;561;57,576;0,09;-1,263;398;56,533;0,103;-1,041;1,146;6,072;-1,263;False;2,762;0
S&P 500;Indici;Prezzo vs SMA20;Solo long;10;193;61,658;0,236;-1,264;137;65,693;0,443;-0,375;1,483;9,008;-1,264;False;4,455;0
DAX;Indici;Reversione RSI2;Long+Short;3;346;44,798;-0,147;-1,264;248;52,419;0,025;0,354;1,037;0,936;-1,264;False;2,774;0
GBP/USD;Valute;Breakout Donchian 55 + filtro VIX;Long+Short;5;424;46,226;-0,07;-1,264;292;47,945;-0,057;-0,933;0,864;-2,488;-1,264;False;1,891;0
S&P 500;Indici;Reversione RSI2 nel trend SMA200;Long+Short;60;31;67,742;0,627;-1,264;22;81,818;3,85;0,992;3,293;12,566;-1,264;False;12,003;0
Nasdaq 100;Indici;Breakout Donchian 20;Solo long;40;50;74,0;1,767;-1,265;33;66,667;3,066;-0,089;2,548;15,013;-1,265;False;11,224;0
Nasdaq 100;Indici;Prezzo vs SMA100;Solo long;5;391;58,824;0,199;-0,975;265;56,981;0,167;-1,266;1,176;6,555;-1,266;False;3,642;0
Gas naturale;Commodities;Prezzo vs SMA20;Long+Short;10;232;46,121;-0,678;-1,266;169;48,521;-0,598;-0,553;0,891;-14,989;-1,266;False;16,597;0
EUR/CHF;Valute;Reversione RSI2;Solo short;5;120;46,667;-0,052;-1,267;90;53,333;-0,018;-0,76;0,932;-0,243;-1,267;False;1,553;0
EUR/CHF;Valute;Prezzo vs SMA100;Long+Short;20;121;47,107;-0,031;-0,353;86;47,674;-0,139;-1,267;0,739;-1,766;-1,267;False;2,545;0
GBP/USD;Valute;Breakout Donchian 55 + filtro VIX;Solo long;1;891;45,342;-0,024;-1,127;793;48,424;-0,02;-1,267;0,897;-2,336;-1,267;False;1,009;0
Euro Stoxx 50;Indici;Momentum 5g;Solo short;5;281;41,281;-0,288;-1,267;198;42,929;-0,307;-0,531;0,75;-9,01;-1,267;False;4,435;0
EUR/CHF;Valute;Momentum 10g;Solo short;5;317;48,265;0,0;-0,608;236;50,847;-0,016;-1,267;0,937;-0,557;-1,267;False;1,231;0
Nasdaq 100;Indici;Momentum 60g;Long+Short;40;58;60,345;0,525;-1,268;42;59,524;0,487;-0,558;1,15;3,034;-1,268;False;13,473;0
Euro Stoxx 50;Indici;Momentum 60g + filtro VIX;Solo short;10;99;38,384;-0,607;-1,269;54;42,593;-0,767;-0,833;0,531;-6,144;-1,269;False;5,502;0
DAX;Indici;Breakout Donchian 55 + filtro VIX;Solo long;20;84;54,762;0,056;-1,269;63;60,317;0,336;-1,043;1,267;3,139;-1,269;False;7,179;0
Nasdaq 100;Indici;Prezzo vs SMA100;Solo short;40;28;21,429;-4,043;-1,269;21;33,333;-5,983;-1,243;0,257;-18,639;-1,269;False;15,929;0
EUR/USD;Valute;Momentum 60g + filtro VIX;Solo short;3;389;48,586;-0,036;-1,269;248;45,968;-0,019;-0,266;0,936;-0,691;-1,269;False;1,516;0
S&P 500;Indici;Prezzo vs SMA20;Solo short;3;300;40,0;-0,259;-1,27;215;42,791;-0,221;-0,502;0,782;-7,039;-1,27;False;3,047;0
Euro Stoxx 50;Indici;Momentum 60g + filtro VIX;Long+Short;60;38;42,105;-0,949;-0,699;26;50,0;-1,139;-1,27;0,688;-4,395;-1,27;False;15,806;0
S&P 500;Indici;Breakout Donchian 20;Solo long;3;510;58,824;0,099;-0,458;403;57,568;0,051;-1,271;1,106;3,074;-1,271;False;2,123;0
DAX;Indici;Momentum 60g + filtro VIX;Solo short;10;78;39,744;-0,532;-0,387;51;35,294;-1,024;-1,272;0,446;-7,751;-1,272;False;6,012;0
DAX;Indici;Momentum 20g;Solo long;3;497;52,113;0,015;-0,73;379;49,604;-0,013;-1,272;0,98;-0,704;-1,272;False;2,65;0
DAX;Indici;Breakout Donchian 55;Solo long;20;85;55,294;0,216;-0,965;65;56,923;0,192;-1,272;1,135;1,855;-1,272;False;7,735;0
DAX;Indici;EMA 50/200 + filtro VIX;Solo short;5;97;38,144;-0,55;-1,273;38;39,474;-0,336;-0,322;0,74;-1,894;-1,273;False;5,208;0
Bitcoin;Cripto;Fine/inizio mese;Long+Short;1;57;57,895;0,431;0,516;81;35,802;-0,264;-1,274;0,756;-3,177;-1,274;False;4,4;0
Bitcoin;Cripto;Fine/inizio mese;Solo long;1;57;57,895;0,431;0,516;81;35,802;-0,264;-1,274;0,756;-3,177;-1,274;False;4,4;0
S&P 500;Indici;Momentum 20g;Solo short;10;112;38,393;-0,802;-1,275;77;40,26;-0,548;-0,016;0,737;-6,262;-1,275;False;5,502;0
EUR/CHF;Valute;Momentum 20g;Solo short;5;312;48,397;-0,026;-1,276;222;55,405;-0,0;-0,832;0,999;-0,008;-1,276;False;1,276;0
DAX;Indici;Momentum 120g;Solo long;3;562;51,068;0,032;-0,541;431;49,652;0,008;-1,277;1,015;0,54;-1,277;False;2,587;0
Nasdaq 100;Indici;SMA200 + Momentum20 concordi;Solo short;5;54;40,741;-0,914;-1,277;52;53,846;0,3;1,069;1,184;2,316;-1,277;False;6,798;0
Euro Stoxx 50;Indici;EMA 50/200 + filtro VIX;Solo long;3;428;53,505;-0,067;-1,278;380;56,842;0,087;-0,191;1,178;4,879;-1,278;False;2,585;0
FTSE MIB;Indici;EMA 20/50;Solo long;10;141;49,645;-0,188;-0,78;135;54,074;0,044;-1,278;1,033;0,872;-1,278;False;6,244;0
Argento;Commodities;SMA200 + Momentum20 concordi;Solo short;1;982;43,483;0,009;-0,593;340;38,529;-0,102;-1,278;0,833;-5,142;-1,278;False;1,979;0
Petrolio WTI;Commodities;Momentum 20g;Solo long;1;1222;50,491;-0,083;-1,279;892;52,578;0,08;0,806;1,095;10,562;-1,279;False;3,34;0
S&P 500;Indici;Prezzo vs SMA100;Solo long;5;390;58,974;0,108;-1,28;269;59,48;0,24;-0,127;1,41;9,561;-1,28;False;2,831;0
S&P 500;Indici;EMA 10/30;Solo short;3;228;40,789;-0,31;-1,28;156;44,872;-0,11;0,12;0,905;-2,538;-1,28;False;3,268;0
Euro Stoxx 50;Indici;Prezzo vs SMA20;Solo long;10;174;55,747;-0,2;-1,281;135;54,074;0,168;-0,726;1,15;3,369;-1,281;False;5,52;0
EUR/USD;Valute;Prezzo vs SMA200;Long+Short;1;2403;48,897;-0,014;-1,281;1754;47,491;-0,013;-1,223;0,925;-3,474;-1,281;False;1,052;0
Euro Stoxx 50;Indici;Momentum 10g;Long+Short;60;39;46,154;-1,315;-1,282;27;59,259;0,914;0,464;1,36;3,662;-1,282;False;13,956;0
S&P 500;Indici;Momentum 60g;Solo short;5;130;33,846;-0,506;-1,283;91;43,956;-0,425;-0,454;0,739;-5,741;-1,283;False;4,749;0
EUR/USD;Valute;Prezzo vs SMA100;Solo long;3;390;45,641;-0,086;-1,283;305;49,18;-0,0;-0,14;0,999;-0,007;-1,283;False;1,526;0
Petrolio WTI;Commodities;Acquisto su picco VIX;Long+Short;20;29;44,828;-0,625;-0,315;22;40,909;-2,611;-1,284;0,593;-8,518;-1,284;False;22,077;0
Petrolio WTI;Commodities;Acquisto su picco VIX;Solo long;20;29;44,828;-0,625;-0,315;22;40,909;-2,611;-1,284;0,593;-8,518;-1,284;False;22,077;0
Nasdaq 100;Indici;Momentum 5g;Long+Short;5;464;51,509;-0,034;-1,027;337;47,181;-0,151;-1,285;0,875;-7,559;-1,285;False;4,062;0
DAX;Indici;Prezzo vs SMA200 + filtro VIX;Solo short;1;389;46,272;-0,035;-0,788;174;44,253;-0,111;-1,285;0,758;-2,875;-1,285;False;1,67;0
S&P 500;Indici;EMA 20/50;Solo short;10;54;37,037;-0,958;-1,286;41;31,707;-0,978;-0,681;0,559;-5,949;-1,286;False;5,763;0
Oro;Commodities;Momentum 60g + filtro VIX;Solo short;1;943;46,235;-0,026;-1,286;463;47,3;-0,045;-0,548;0,886;-3,065;-1,286;False;1,378;0
Oro;Commodities;Prezzo vs SMA50;Long+Short;40;58;41,379;-1,013;-1,287;42;57,143;1,946;1,332;2,165;12,122;-1,287;False;10,888;0
Gas naturale;Commodities;EMA 50/200 + filtro VIX;Long+Short;5;407;47,666;-0,365;-1,288;288;52,778;0,381;0,679;1,112;16,271;-1,288;False;11,923;0
Euro Stoxx 50;Indici;Momentum 60g;Solo long;10;161;57,143;0,037;-0,426;127;53,543;0,065;-1,288;1,064;1,224;-1,288;False;5,493;0
Argento;Commodities;Reversione RSI2;Long+Short;5;261;47,126;-0,296;-1,288;190;50,0;0,224;0,71;1,129;6,316;-1,288;False;6,616;0
Oro;Commodities;ADX>25 + direzione DI;Long+Short;10;105;47,619;-0,171;-0,563;88;43,182;-0,261;-1,289;0,827;-3,408;-1,289;False;5,391;0
EUR/CHF;Valute;Breakout Donchian 55 + filtro VIX;Solo long;10;77;49,351;-0,104;0,012;64;39,062;-0,221;-1,289;0,531;-2,094;-1,289;False;1,658;0
DAX;Indici;ADX>20 + direzione DI;Long+Short;20;79;49,367;-0,667;-1,289;52;44,231;-0,691;-0,999;0,699;-5,333;-1,289;False;8,336;0
FTSE MIB;Indici;Momentum 120g + filtro VIX;Solo long;1;1206;49,171;-0,071;-1,039;1168;50,342;-0,034;-1,29;0,89;-5,93;-1,29;False;1,489;0
S&P 500;Indici;EMA 10/30;Solo short;40;34;20,588;-2,928;-1,29;22;31,818;-2,241;0,029;0,42;-7,313;-1,29;False;10,075;0
DAX;Indici;EMA 10/30;Long+Short;20;117;51,282;-0,341;-1,291;85;47,059;-0,254;-1,119;0,867;-3,203;-1,291;False;8,898;0
Bitcoin;Cripto;ADX>25 + direzione DI;Solo short;1;408;44,363;-0,491;-1,292;627;45,933;-0,214;-0,442;0,843;-19,872;-1,292;False;5,802;0
S&P 500;Indici;EMA 20/50;Solo short;1;448;42,188;-0,11;-1,292;375;44,8;-0,124;-1,266;0,799;-6,9;-1,292;False;1,865;0
Petrolio WTI;Commodities;SMA200 + Momentum20 concordi;Solo long;3;314;49,363;-0,213;-1,292;210;55,714;0,368;0,615;1,239;11,469;-1,292;False;6,409;0
Argento;Commodities;EMA 10/30;Long+Short;5;463;44,06;-0,209;-1,193;338;44,97;-0,322;-1,292;0,846;-16,133;-1,292;False;6,446;0
DAX;Indici;Momentum 120g;Solo short;3;241;46,888;-0,056;0,079;165;35,758;-0,41;-1,292;0,664;-10,025;-1,292;False;3,939;0
Nasdaq 100;Indici;Prezzo vs SMA100;Solo short;3;172;38,953;-0,396;-1,293;148;45,27;-0,505;-1,066;0,7;-11,092;-1,293;False;4,816;0
S&P 500;Indici;EMA 20/50;Long+Short;40;58;58,621;0,188;-1,294;42;59,524;0,101;-0,957;1,042;0,63;-1,294;False;9,554;0
USD/JPY;Valute;SMA200 + Momentum20 concordi;Solo long;1;880;47,841;0,003;-0,229;818;54,156;-0,0;-1,294;0,998;-0,046;-1,294;False;1,122;0
Petrolio WTI;Commodities;EMA 50/200 + filtro VIX;Long+Short;5;407;48,403;-0,251;-1,294;286;47,902;-0,238;-0,657;0,885;-10,102;-1,294;False;7,82;0
S&P 500;Indici;EMA 50/200;Long+Short;5;464;58,836;0,051;-1,295;337;52,226;0,03;-1,009;1,036;1,507;-1,295;False;3,553;0
USD/JPY;Valute;Prezzo vs SMA100;Solo short;1;1146;45,724;-0,029;-1,295;611;44,354;-0,042;-0,709;0,836;-3,763;-1,295;False;1,185;0
DAX;Indici;EMA 20/50;Long+Short;3;777;49,678;-0,067;-1,296;572;50,699;-0,0;-0,55;1,0;-0,002;-1,296;False;2,937;0
EUR/CHF;Valute;EMA 20/50;Long+Short;5;481;43,451;-0,026;-0,669;350;49,143;-0,038;-1,297;0,86;-1,973;-1,297;False;1,298;0
FTSE MIB;Indici;EMA 10/30;Solo short;1;1052;48,004;-0,023;-1,297;524;41,794;-0,052;-0,821;0,902;-4,019;-1,297;False;2,16;0
Euro Stoxx 50;Indici;EMA 50/200 + filtro VIX;Solo short;1;682;46,041;-0,06;-1,298;240;47,917;-0,078;-0,696;0,841;-2,779;-1,298;False;1,757;0
Gas naturale;Commodities;Prezzo vs SMA50;Solo short;5;288;47,222;-0,311;-1,298;183;50,273;-0,721;-0,393;0,818;-19,568;-1,298;False;11,845;0
EUR/USD;Valute;EMA 50/200;Solo short;1;1378;48,911;-0,009;-1,109;767;48,631;-0,025;-1,299;0,871;-2,892;-1,299;False;1,147;0
Euro Stoxx 50;Indici;Momentum 5g;Long+Short;5;461;50,325;-0,148;-1,299;338;48,225;-0,112;-0,903;0,889;-5,591;-1,299;False;4,115;0
Nasdaq 100;Indici;Reversione RSI2;Solo long;20;68;69,118;1,684;0,725;44;65,909;0,572;-1,299;1,337;3,732;-1,299;False;9,106;0
GBP/USD;Valute;Prezzo vs SMA200;Long+Short;20;121;54,545;0,073;0,343;86;45,349;-0,356;-1,299;0,684;-4,545;-1,299;False;3,764;0
Petrolio WTI;Commodities;EMA 20/50;Long+Short;1;2314;49,395;-0,055;-1,301;1693;49,852;-0,023;-0,325;0,977;-5,813;-1,301;False;3,577;0
Gas naturale;Commodities;Prezzo vs SMA200 + filtro VIX;Long+Short;10;209;45,933;-0,683;-1,302;150;50,667;0,16;0,135;1,031;3,561;-1,302;False;18,543;0
USD/JPY;Valute;Reversione RSI2;Solo short;1;325;48,923;-0,048;-1,303;307;47,231;-0,031;-0,241;0,861;-1,394;-1,303;False;1,104;0
GBP/USD;Valute;Breakout Donchian 55 + filtro VIX;Solo short;3;388;47,68;-0,05;-1,303;213;43,662;-0,054;-0,763;0,847;-1,718;-1,303;False;1,72;0
Petrolio WTI;Commodities;Reversione RSI2 nel trend SMA200;Solo long;10;45;40,0;-0,979;-1,305;22;50,0;-0,088;-0,439;0,977;-0,288;-1,305;False;12,628;0
S&P 500;Indici;Momentum 10g;Long+Short;60;39;58,974;-0,029;-1,305;27;66,667;1,094;-0,68;1,412;4,384;-1,305;False;11,09;0
FTSE MIB;Indici;Momentum 10g;Long+Short;60;39;35,897;-2,215;-1,306;28;57,143;0,571;-0,405;1,171;2,374;-1,306;False;16,942;0
Argento;Commodities;Momentum 10g;Solo long;1;1118;37,925;-0,058;-0,611;937;39,168;-0,115;-1,306;0,829;-15,934;-1,306;False;2,137;0
EUR/CHF;Valute;Breakout Donchian 55 + filtro VIX;Solo short;40;41;53,659;0,749;0,745;26;50,0;-0,111;-1,307;0,823;-0,426;-1,307;False;2,753;0
Oro;Commodities;Prezzo vs SMA100;Solo short;1;1109;46,528;-0,024;-1,307;510;46,667;-0,071;-1,157;0,824;-5,406;-1,307;False;1,42;0
Nasdaq 100;Indici;Momentum 5g;Solo long;3;544;58,456;0,099;-0,998;388;54,124;0,048;-1,307;1,056;2,766;-1,307;False;2,948;0
DAX;Indici;Momentum 60g;Solo long;3;528;54,356;0,04;-0,407;418;49,761;0,0;-1,308;1,001;0,019;-1,308;False;2,567;0
DAX;Indici;Breakout Donchian 20;Solo long;5;275;52,727;0,036;-0,884;212;50,943;-0,007;-1,308;0,992;-0,208;-1,308;False;3,576;0
DAX;Indici;Breakout Donchian 55;Solo long;3;527;51,992;0,018;-0,662;399;50,125;-0,003;-1,309;0,994;-0,189;-1,309;False;2,696;0
S&P 500;Indici;Breakout Donchian 55 + filtro VIX;Solo short;10;40;35,0;-1,102;-1,309;26;30,769;-0,031;0,607;0,98;-0,121;-1,309;False;5,397;0
Euro Stoxx 50;Indici;EMA 20/50;Long+Short;20;116;46,552;-0,497;-1,309;83;50,602;-0,041;-0,762;0,976;-0,507;-1,309;False;7,739;0
S&P 500;Indici;Prezzo vs SMA200;Solo short;10;41;34,146;-1,152;-1,31;42;38,095;-0,794;-0,318;0,683;-4,945;-1,31;False;7,016;0
S&P 500;Indici;Prezzo vs SMA100;Long+Short;60;39;66,667;0,654;-0,967;27;62,963;0,536;-1,311;1,182;2,148;-1,311;False;13,522;0
EUR/CHF;Valute;Prezzo vs SMA200;Solo long;40;31;32,258;-0,186;0,753;21;28,571;-0,877;-1,312;0,282;-2,732;-1,312;False;3,055;0
DAX;Indici;Momentum 10g;Solo long;10;184;60,87;-0,001;-1,313;135;54,074;0,303;-0,427;1,275;6,069;-1,313;False;5,39;0
Euro Stoxx 50;Indici;Momentum 10g;Long+Short;3;768;50,0;-0,091;-1,313;564;48,582;-0,04;-0,615;0,943;-3,371;-1,313;False;2,949;0
DAX;Indici;Prezzo vs SMA20;Solo short;1;958;46,66;-0,008;-0,409;677;43,87;-0,065;-1,313;0,85;-6,515;-1,313;False;1,661;0
USD/JPY;Valute;EMA 50/200;Solo short;3;356;45,225;-0,04;-0,315;181;46,961;-0,164;-1,313;0,63;-4,4;-1,313;False;1,759;0
S&P 500;Indici;Breakout Donchian 20;Long+Short;5;464;52,802;-0,05;-1,313;337;51,632;-0,058;-1,309;0,935;-2,892;-1,313;False;3,393;0
Nasdaq 100;Indici;ADX>25 + direzione DI;Solo long;5;88;56,818;0,062;-1,315;90;61,111;0,37;-0,006;1,377;4,938;-1,315;False;3,719;0
EUR/USD;Valute;EMA 20/50;Solo short;3;434;48,387;-0,034;-1,315;299;47,826;-0,021;-0,315;0,935;-0,933;-1,315;False;1,661;0
Euro Stoxx 50;Indici;Prezzo vs SMA200 + filtro VIX;Long+Short;1;1921;49,089;-0,028;-1,315;1359;50,699;-0,009;-1,011;0,972;-1,828;-1,315;False;1,435;0
Oro;Commodities;Reversione RSI2 nel trend SMA200;Long+Short;3;129;42,636;-0,169;-1,315;76;53,947;-0,088;-0,642;0,892;-0,996;-1,315;False;2,369;0
DAX;Indici;Prezzo vs SMA20;Long+Short;3;777;49,292;-0,082;-1,317;572;45,28;-0,011;-0,42;0,983;-0,957;-1,317;False;2,908;0
GBP/USD;Valute;EMA 10/30;Solo short;3;412;47,33;-0,042;-1,318;290;47,586;-0,036;-0,498;0,91;-1,546;-1,318;False;1,598;0
USD/JPY;Valute;Breakout Donchian 55;Long+Short;1;2403;48,98;-0,004;-0,429;1754;50,171;-0,012;-1,319;0,943;-3,171;-1,319;False;1,155;0
GBP/USD;Valute;SMA200 + Momentum20 concordi;Solo long;1;748;45,588;-0,029;-1,304;702;47,863;-0,021;-1,319;0,886;-2,229;-1,319;False;0,992;0
FTSE MIB;Indici;Prezzo vs SMA20;Solo short;1;1092;47,985;-0,021;-1,319;654;44,037;-0,025;-0,499;0,95;-2,398;-1,319;False;2,068;0
Petrolio WTI;Commodities;Breakout Donchian 55;Long+Short;3;772;52,461;0,039;0,328;563;47,247;-0,298;-1,319;0,851;-24,865;-1,319;False;6,379;0
Ethereum;Cripto;Breakout Donchian 55;Long+Short;1;583;51,801;0,102;0,537;2462;48,538;-0,058;-1,32;0,96;-21,134;-1,32;False;6,256;0
GBP/USD;Valute;EMA 20/50;Solo short;1;1190;49,16;-0,015;-1,32;749;50,067;-0,01;-0,355;0,958;-1,072;-1,32;False;1,134;0
Gas naturale;Commodities;Momentum 120g;Solo short;10;146;54,11;0,049;-0,148;89;44,944;-2,816;-1,32;0,577;-37,165;-1,32;False;20,26;0
S&P 500;Indici;Prezzo vs SMA50;Long+Short;60;39;61,538;0,09;-1,32;27;66,667;1,704;-0,63;1,724;6,825;-1,32;False;11,09;0
EUR/USD;Valute;Momentum 5g;Long+Short;40;61;52,459;0,213;0,501;42;40,476;-0,584;-1,32;0,595;-3,635;-1,32;False;4,987;0
Argento;Commodities;Breakout Donchian 55;Long+Short;20;116;46,552;-0,931;-1,321;84;52,381;0,836;0,154;1,247;10,416;-1,321;False;11,63;0
Petrolio WTI;Commodities;Acquisto su picco VIX;Long+Short;10;41;51,22;-0,544;-0,546;33;54,545;-2,297;-1,322;0,58;-11,24;-1,322;False;21,129;0
Petrolio WTI;Commodities;Acquisto su picco VIX;Solo long;10;41;51,22;-0,544;-0,546;33;54,545;-2,297;-1,322;0,58;-11,24;-1,322;False;21,129;0
Gas naturale;Commodities;EMA 50/200 + filtro VIX;Long+Short;3;666;47,898;-0,195;-1,323;464;51,078;0,14;0,421;1,053;9,656;-1,323;False;9,019;0
DAX;Indici;Fine/inizio mese;Long+Short;10;111;57,658;-0,159;-1,323;80;61,25;0,583;0,314;1,472;6,918;-1,323;False;6,843;0
DAX;Indici;Fine/inizio mese;Solo long;10;111;57,658;-0,159;-1,323;80;61,25;0,583;0,314;1,472;6,918;-1,323;False;6,843;0
Nasdaq 100;Indici;Prezzo vs SMA200 + filtro VIX;Solo long;5;382;58,377;0,172;-1,324;250;63,2;0,401;0,2;1,536;14,884;-1,324;False;3,536;0
EUR/USD;Valute;EMA 20/50;Long+Short;5;481;48,441;-0,069;-1,324;350;50,286;-0,002;-0,03;0,995;-0,098;-1,324;False;1,96;0
Nasdaq 100;Indici;Momentum 120g + filtro VIX;Long+Short;20;109;61,468;0,542;-1,324;76;67,105;0,831;-0,334;1,405;9,365;-1,324;False;8,599;0
Bitcoin;Cripto;Reversione RSI2;Solo long;20;48;52,083;2,012;-1,325;75;61,333;3,674;0,388;1,913;40,865;-1,325;False;23,907;0
DAX;Indici;ADX>25 + direzione DI;Solo short;10;50;30,0;-1,016;-1,327;26;23,077;-1,411;-0,716;0,525;-5,443;-1,327;False;6,684;0
Gas naturale;Commodities;SMA200 + Momentum20 concordi;Long+Short;10;196;42,857;-0,754;-1,329;140;52,857;-0,182;-0,163;0,963;-3,776;-1,329;False;17,439;0
DAX;Indici;Prezzo vs SMA200;Long+Short;40;59;50,847;-0,444;-1,329;42;61,905;-0,179;-1,133;0,938;-1,117;-1,329;False;12,393;0
EUR/CHF;Valute;Prezzo vs SMA200 + filtro VIX;Solo long;3;280;43,571;-0,035;-0,129;174;45,402;-0,069;-1,329;0,669;-1,772;-1,329;False;0,93;0
Euro Stoxx 50;Indici;Breakout Donchian 55 + filtro VIX;Solo long;5;275;53,091;-0,096;-1,33;215;59,07;0,221;0,341;1,356;7,061;-1,33;False;3,776;0
EUR/CHF;Valute;Prezzo vs SMA200;Long+Short;10;241;48,548;0,049;0,291;174;48,851;-0,066;-1,331;0,837;-1,709;-1,331;False;1,735;0
USD/JPY;Valute;Momentum 20g;Solo short;10;152;46,053;-0,275;-1,331;98;43,878;-0,255;-0,166;0,672;-3,71;-1,331;False;3,21;0
DAX;Indici;Breakout Donchian 55 + filtro VIX;Solo long;10;159;54,717;0,015;-1,331;115;53,043;0,109;-1,251;1,118;1,86;-1,331;False;4,954;0
EUR/CHF;Valute;Momentum 60g + filtro VIX;Long+Short;10;216;43,981;-0,094;-1,331;152;52,632;-0,007;-0,241;0,98;-0,15;-1,331;False;1,714;0
Nasdaq 100;Indici;EMA 10/30;Solo short;3;211;41,232;-0,378;-1,332;174;46,552;-0,313;-0,433;0,779;-8,085;-1,332;False;4,113;0
DAX;Indici;SMA200 + Momentum20 concordi;Long+Short;3;564;50,177;-0,035;-0,817;424;49,057;-0,068;-1,333;0,906;-4,266;-1,333;False;2,949;0
Gas naturale;Commodities;Momentum 5g;Solo short;1;1161;50,388;0,008;-1,333;835;50,299;0,117;0,417;1,086;14,522;-1,333;False;4,835;0
Petrolio WTI;Commodities;ADX>25 + direzione DI;Solo long;1;456;49,342;-0,135;-1,333;353;52,975;0,121;0,642;1,118;6,343;-1,333;False;3,83;0
FTSE MIB;Indici;Breakout Donchian 20;Solo short;10;129;41,085;-0,613;-1,333;69;37,681;-0,934;-0,746;0,566;-9,564;-1,333;False;7,698;0
S&P 500;Indici;Breakout Donchian 55 + filtro VIX;Long+Short;20;109;56,881;0,149;-1,295;76;60,526;-0,157;-1,333;0,919;-1,773;-1,333;False;6,668;0
Oro;Commodities;SMA200 + Momentum20 concordi;Long+Short;3;547;49,177;-0,005;-0,084;428;52,336;-0,055;-1,334;0,93;-3,473;-1,334;False;2,723;0
Petrolio WTI;Commodities;Prezzo vs SMA200 + filtro VIX;Solo long;1;1128;49,734;-0,083;-1,283;671;50,373;-0,111;-1,334;0,88;-11,031;-1,334;False;3,201;0
Euro Stoxx 50;Indici;Momentum 20g;Solo long;10;166;54,819;-0,157;-1,13;122;52,459;0,004;-1,334;1,004;0,071;-1,334;False;5,279;0
FTSE MIB;Indici;Breakout Donchian 55 + filtro VIX;Solo long;1;1275;49,412;-0,081;-1,333;1151;50,217;-0,036;-1,335;0,886;-6,213;-1,335;False;1,579;0
Argento;Commodities;Breakout Donchian 55;Solo short;3;390;45,128;-0,168;-1,33;201;41,294;-0,525;-1,336;0,66;-15,657;-1,336;False;4,361;0
DAX;Indici;Breakout Donchian 20;Long+Short;40;59;44,068;-0,327;-0,461;42;47,619;-1,28;-1,337;0,627;-7,973;-1,337;False;13,117;0
Gas naturale;Commodities;EMA 50/200;Long+Short;1;2314;47,926;-0,045;-1,337;1696;50,118;0,098;1,018;1,068;24,528;-1,337;False;4,819;0
DAX;Indici;Momentum 10g;Long+Short;10;234;53,846;-0,196;-1,076;170;47,059;-0,269;-1,337;0,801;-6,775;-1,337;False;6,188;0
Gas naturale;Commodities;EMA 50/200;Solo short;1;1426;49,79;0,017;-1,338;830;51,325;0,166;0,852;1,128;20,43;-1,338;False;4,69;0
Nasdaq 100;Indici;Reversione RSI2;Long+Short;1;689;42,671;-0,052;-1,338;471;46,921;0,019;0,562;1,047;1,308;-1,338;False;1,385;0
S&P 500;Indici;Momentum 10g;Long+Short;20;116;50,862;-0,239;-1,339;84;57,143;0,087;-0,627;1,047;1,081;-1,339;False;7,298;0
DAX;Indici;Momentum 60g;Solo short;1;802;48,504;-0,01;-0,407;532;44,361;-0,078;-1,34;0,835;-6,147;-1,34;False;1,805;0
Nasdaq 100;Indici;SMA200 + Momentum20 concordi;Long+Short;20;105;60,0;0,411;-1,34;75;60,0;0,185;-0,981;1,076;2,062;-1,34;False;8,949;0
EUR/CHF;Valute;Prezzo vs SMA100;Solo short;3;512;46,094;-0,007;-0,755;373;48,794;-0,018;-1,34;0,919;-0,971;-1,34;False;1,058;0
Euro Stoxx 50;Indici;Momentum 120g;Long+Short;20;116;44,828;-0,521;-1,341;83;50,602;-0,29;-1,265;0,844;-3,572;-1,341;False;7,983;0
FTSE MIB;Indici;Breakout Donchian 20;Long+Short;3;779;47,625;-0,116;-1,341;571;50,438;-0,039;-0,776;0,949;-3,266;-1,341;False;3,407;0
Nasdaq 100;Indici;Prezzo vs SMA20;Solo short;5;202;35,644;-0,554;-1,342;152;39,474;-0,409;-0,115;0,764;-9,217;-1,342;False;4,904;0
S&P 500;Indici;ADX>25 + direzione DI;Solo long;10;52;67,308;-0,013;-1,342;51;60,784;0,624;0,289;2,051;4,72;-1,342;False;3,652;0
Oro;Commodities;EMA 50/200;Long+Short;5;463;51,836;0,013;0,082;338;53,846;0,007;-1,342;1,007;0,348;-1,342;False;3,752;0
FTSE MIB;Indici;EMA 10/30;Solo long;10;152;51,316;-0,095;-0,487;133;54,887;0,062;-1,342;1,047;1,219;-1,342;False;6,179;0
Gas naturale;Commodities;Momentum 10g;Long+Short;10;232;46,983;-0,717;-1,343;169;49,112;0,142;0,078;1,028;3,556;-1,343;False;17,032;0
Petrolio WTI;Commodities;ADX>20 + direzione DI;Solo long;1;760;50,921;-0,106;-1,343;477;51,992;0,086;0,554;1,09;6,116;-1,343;False;3,577;0
Argento;Commodities;Breakout Donchian 20;Long+Short;3;771;46,563;-0,052;-0,526;565;46,195;-0,186;-1,344;0,874;-15,591;-1,344;False;4,45;0
S&P 500;Indici;EMA 20/50;Solo short;5;95;41,053;-0,538;-1,345;78;43,59;-0,444;-0,452;0,73;-5,138;-1,345;False;4,373;0
EUR/USD;Valute;EMA 50/200 + filtro VIX;Solo long;1;872;49,885;-0,005;0,158;854;47,307;-0,017;-1,345;0,898;-2,169;-1,345;False;0,927;0
Euro Stoxx 50;Indici;Prezzo vs SMA50;Solo long;10;162;52,469;-0,175;-1,274;132;52,273;-0,006;-1,345;0,995;-0,124;-1,345;False;5,318;0
FTSE MIB;Indici;Momentum 60g;Solo long;3;465;52,688;-0,053;-0,378;442;54,751;-0,01;-1,345;0,984;-0,68;-1,345;False;3,233;0
GBP/USD;Valute;Momentum 10g;Solo short;5;299;47,492;-0,06;-1,346;217;49,309;-0,01;-0,006;0,979;-0,315;-1,346;False;2,009;0
S&P 500;Indici;EMA 50/200;Long+Short;10;232;56,897;0,11;-1,346;168;57,143;0,028;-1,243;1,023;0,686;-1,346;False;4,793;0
DAX;Indici;Momentum 10g;Long+Short;40;59;45,763;-0,196;-0,853;42;45,238;-1,202;-1,346;0,645;-7,491;-1,346;False;12,665;0
Gas naturale;Commodities;Prezzo vs SMA50;Long+Short;10;232;51,724;-0,12;-0,252;169;49,112;-1,568;-1,346;0,738;-39,294;-1,346;False;17,628;0
S&P 500;Indici;SMA200 + Momentum20 concordi;Long+Short;5;373;56,568;0,037;-1,346;283;57,951;0,196;0,298;1,281;8,222;-1,346;False;3,177;0
Bitcoin;Cripto;Prezzo vs SMA20;Solo long;1;989;53,488;0,312;0,913;1316;46,277;0,04;-1,346;1,041;7,846;-1,346;False;4,504;0
Oro;Commodities;Prezzo vs SMA20;Long+Short;40;58;39,655;-0,889;-1,347;42;59,524;2,444;1,734;2,719;15,22;-1,347;False;10,52;0
EUR/CHF;Valute;EMA 10/30;Solo short;3;478;47,28;-0,013;-0,766;342;49,415;-0,014;-1,347;0,928;-0,72;-1,347;False;0,991;0
DAX;Indici;EMA 50/200;Solo long;10;176;56,25;-0,024;-1,347;142;57,042;0,047;-1,154;1,038;0,997;-1,347;False;5,402;0
FTSE MIB;Indici;ADX>25 + direzione DI;Long+Short;10;100;47,0;-0,233;-0,503;56;33,929;-0,955;-1,347;0,592;-7,934;-1,347;False;6,591;0
Ethereum;Cripto;Momentum 5g;Solo long;10;47;40,426;-2,281;-1,347;207;57,488;2,126;0,018;1,551;65,258;-1,347;False;20,554;0
S&P 500;Indici;Breakout Donchian 55;Solo short;5;107;33,645;-0,589;-1,347;84;42,857;-0,392;-0,333;0,751;-4,882;-1,347;False;4,748;0
Euro Stoxx 50;Indici;Momentum 10g;Solo long;5;316;53,481;-0,103;-1,348;241;52,697;-0,011;-1,245;0,988;-0,389;-1,348;False;4,097;0
Nasdaq 100;Indici;Breakout Donchian 55;Solo short;20;28;25,0;-2,765;-1,348;27;29,63;-2,893;-1,044;0,352;-11,588;-1,348;False;10,776;0
Oro;Commodities;Breakout Donchian 55;Solo short;10;113;38,053;-0,548;-1,348;48;47,917;-0,954;-0,643;0,489;-6,794;-1,348;False;5,27;0
DAX;Indici;Prezzo vs SMA20;Solo long;10;180;58,333;-0,014;-1,348;139;56,115;0,159;-0,96;1,138;3,27;-1,348;False;5,559;0
EUR/CHF;Valute;Momentum 60g;Long+Short;20;121;42,975;-0,069;-0,655;86;51,163;-0,141;-1,349;0,723;-1,803;-1,349;False;2,392;0
EUR/CHF;Valute;EMA 50/200;Solo long;3;238;48,319;-0,011;0,549;123;43,902;-0,08;-1,349;0,615;-1,463;-1,349;False;0,978;0
DAX;Indici;Prezzo vs SMA20;Solo long;3;501;53,493;0,013;-0,727;387;48,579;-0,01;-1,349;0,983;-0,586;-1,349;False;2,612;0
Nasdaq 100;Indici;Breakout Donchian 55;Solo long;5;378;58,466;0,166;-1,352;245;57,959;0,207;-1,032;1,23;7,509;-1,352;False;3,949;0
S&P 500;Indici;Prezzo vs SMA50;Solo short;3;249;38,554;-0,295;-1,352;175;44,571;-0,211;-0,36;0,816;-5,49;-1,352;False;3,359;0
Euro Stoxx 50;Indici;SMA200 + Momentum20 concordi;Solo long;20;72;50,0;-0,377;-1,352;59;57,627;0,471;-0,633;1,388;4,119;-1,352;False;8,086;0
Gas naturale;Commodities;Momentum 120g + filtro VIX;Solo short;1;1018;49,607;0,001;-1,352;626;50,639;0,186;0,895;1,149;17,227;-1,352;False;4,617;0
Gas naturale;Commodities;Momentum 60g;Long+Short;1;2311;48,94;-0,062;-1,354;1694;49,823;-0,008;-0,038;0,995;-2,024;-1,354;False;4,809;0
DAX;Indici;EMA 50/200 + filtro VIX;Long+Short;60;39;58,974;-1,405;-1,355;26;69,231;2,159;0,05;2,128;8,33;-1,355;False;18,202;0
Gas naturale;Commodities;Breakout Donchian 55;Solo long;3;391;46,803;-0,168;-0,229;282;46,099;-0,392;-1,355;0,865;-16,378;-1,355;False;9,319;0
Petrolio WTI;Commodities;Breakout Donchian 55;Long+Short;5;463;51,404;0,066;0,333;338;46,746;-0,48;-1,356;0,816;-24,061;-1,356;False;8,91;0
Argento;Commodities;Prezzo vs SMA100;Solo short;1;1298;41,448;-0,011;-1,163;679;38,733;-0,064;-1,356;0,888;-6,428;-1,356;False;2,013;0
S&P 500;Indici;Momentum 10g;Solo short;3;333;39,339;-0,254;-1,357;244;43,443;-0,136;0,021;0,854;-4,913;-1,357;False;2,793;0
EUR/USD;Valute;SMA200 + Momentum20 concordi;Solo short;1;928;48,06;-0,017;-1,357;605;47,769;-0,023;-1,159;0,871;-2,099;-1,357;False;1,078;0
Nasdaq 100;Indici;Momentum 120g + filtro VIX;Solo long;3;600;57,333;0,084;-1,358;406;59,852;0,19;-0,186;1,312;11,447;-1,358;False;2,666;0
Nasdaq 100;Indici;Momentum 60g + filtro VIX;Solo long;5;357;57,423;0,163;-1,358;239;59,833;0,298;-0,46;1,348;10,552;-1,358;False;3,579;0
DAX;Indici;EMA 50/200 + filtro VIX;Solo long;20;87;50,575;0,042;-1,324;68;63,235;0,092;-1,359;1,056;0,928;-1,359;False;7,878;0
EUR/CHF;Valute;Prezzo vs SMA50;Solo long;20;78;37,179;-0,432;-0,774;58;46,552;-0,415;-1,359;0,447;-3,57;-1,359;False;2,964;0
Ethereum;Cripto;Momentum 5g;Solo long;1;272;43,015;-0,059;-0,213;1318;46,965;0,061;-1,36;1,046;11,942;-1,36;False;5,623;0
Bitcoin;Cripto;Reversione RSI2 nel trend SMA200;Solo long;3;52;57,692;-0,698;-1,361;80;57,5;0,837;0,61;1,476;9,924;-1,361;False;14,3;0
Oro;Commodities;EMA 50/200 + filtro VIX;Solo short;10;96;51,042;-0,059;0,235;32;37,5;-1,456;-1,361;0,337;-6,907;-1,361;False;4,947;0
EUR/CHF;Valute;Breakout Donchian 20;Long+Short;20;121;47,107;-0,088;-0,634;86;51,163;-0,141;-1,361;0,736;-1,794;-1,361;False;2,73;0
Nasdaq 100;Indici;Prezzo vs SMA100;Solo long;10;199;62,312;0,354;-1,361;137;62,774;0,728;-0,146;1,672;14,803;-1,361;False;5,114;0
Euro Stoxx 50;Indici;Prezzo vs SMA20;Solo long;3;485;53,814;-0,038;-0,952;378;54,233;-0,014;-1,363;0,977;-0,777;-1,363;False;2,869;0
DAX;Indici;Momentum 10g;Solo long;5;326;54,294;-0,031;-1,363;245;55,102;0,199;0,04;1,289;7,244;-1,363;False;3,97;0
S&P 500;Indici;EMA 10/30;Solo long;5;348;58,046;0,106;-1,364;253;60,87;0,231;-0,193;1,387;8,68;-1,364;False;2,814;0
Argento;Commodities;SMA200 + Momentum20 concordi;Long+Short;60;38;47,368;0,618;0,376;27;40,741;-3,148;-1,364;0,637;-12,603;-1,364;False;26,454;0
Gas naturale;Commodities;Momentum 10g;Solo short;5;300;52,0;-0,011;-0,415;203;47,783;-1,502;-1,364;0,678;-45,215;-1,364;False;12,83;0
Gas naturale;Commodities;Prezzo vs SMA200 + filtro VIX;Long+Short;5;407;47,666;-0,398;-1,365;288;50,694;-0,506;-0,898;0,868;-21,596;-1,365;False;12,601;0
Petrolio WTI;Commodities;Momentum 120g + filtro VIX;Solo long;5;244;51,23;-0,045;-0,224;161;46,584;-0,243;-1,365;0,883;-5,806;-1,365;False;7,747;0
EUR/USD;Valute;EMA 10/30;Long+Short;3;801;47,69;-0,043;-1,366;584;48,801;0,003;0,103;1,011;0,292;-1,366;False;1,603;0
S&P 500;Indici;ADX>25 + direzione DI;Solo long;5;91;56,044;0,007;-1,366;86;60,465;0,194;-0,325;1,35;2,473;-1,366;False;2,596;0
EUR/USD;Valute;Prezzo vs SMA200 + filtro VIX;Solo short;1;1089;49,036;-0,014;-1,366;595;48,739;-0,008;-0,328;0,953;-0,666;-1,366;False;1,03;0
EUR/CHF;Valute;Prezzo vs SMA200 + filtro VIX;Solo long;10;96;45,833;-0,119;-0,15;58;41,379;-0,245;-1,366;0,487;-2,104;-1,366;False;1,528;0
Petrolio WTI;Commodities;Momentum 120g;Solo long;1;1267;50,513;-0,084;-1,367;845;50,059;-0,089;-1,079;0,912;-11,189;-1,367;False;3,409;0
USD/JPY;Valute;EMA 50/200 + filtro VIX;Solo long;1;1114;50,269;0,027;1,132;1012;55,237;-0,001;-1,367;0,992;-0,223;-1,367;False;1,13;0
Gas naturale;Commodities;ADX>20 + direzione DI;Solo long;60;28;42,857;-1,291;-0,125;23;39,13;-2,534;-1,367;0,817;-8,643;-1,367;False;33,669;0
Argento;Commodities;Momentum 120g;Solo short;1;1302;40,63;-0,02;-1,369;597;39,531;-0,011;-0,516;0,979;-0,964;-1,369;False;1,998;0
Nasdaq 100;Indici;Momentum 60g + filtro VIX;Solo short;10;54;33,333;-1,234;-1,37;42;42,857;-0,532;0,295;0,774;-3,312;-1,37;False;6,417;0
Petrolio WTI;Commodities;Breakout Donchian 55 + filtro VIX;Solo short;3;271;49,815;0,033;0,136;219;39,726;-0,508;-1,371;0,706;-16,483;-1,371;False;5,745;0
Petrolio WTI;Commodities;EMA 10/30;Long+Short;1;2314;48,704;-0,057;-1,371;1693;49,793;-0,015;-0,221;0,984;-3,847;-1,371;False;3,548;0
Nasdaq 100;Indici;Momentum 10g;Long+Short;5;464;50,0;-0,061;-1,371;337;50,445;-0,039;-0,786;0,967;-1,929;-1,371;False;4,123;0
DAX;Indici;Prezzo vs SMA200 + filtro VIX;Long+Short;20;110;50,909;-0,207;-1,371;78;61,538;-0,114;-1,077;0,936;-1,321;-1,371;False;7,916;0
FTSE MIB;Indici;EMA 10/30;Solo short;3;370;46,216;-0,182;-1,371;188;42,021;-0,301;-0,954;0,731;-8,395;-1,371;False;4,018;0
S&P 500;Indici;Momentum 20g;Solo short;5;194;37,629;-0,432;-1,372;136;44,118;-0,309;-0,19;0,776;-6,24;-1,372;False;4,023;0
GBP/USD;Valute;SMA200 + Momentum20 concordi;Long+Short;3;574;49,826;-0,055;-1,372;421;46,081;-0,033;-0,768;0,902;-2,085;-1,372;False;1,596;0
GBP/USD;Valute;EMA 50/200;Long+Short;20;121;51,24;-0,03;-0,27;86;41,86;-0,372;-1,373;0,672;-4,742;-1,373;False;3,769;0
DAX;Indici;Prezzo vs SMA20;Solo long;5;323;56,347;-0,023;-1,373;246;50,407;0,097;-0,71;1,13;3,541;-1,373;False;3,662;0
USD/JPY;Valute;Prezzo vs SMA200 + filtro VIX;Solo short;3;314;48,726;-0,045;-0,408;168;41,667;-0,165;-1,373;0,629;-4,103;-1,373;False;1,776;0
GBP/USD;Valute;EMA 50/200;Solo long;3;326;48,16;-0,039;-0,504;385;47,013;-0,053;-1,374;0,843;-3,034;-1,374;False;1,437;0
S&P 500;Indici;Prezzo vs SMA200;Solo long;3;678;58,702;0,057;-1,374;452;55,973;0,087;-0,757;1,176;5,842;-1,374;False;2,172;0
Gas naturale;Commodities;Momentum 60g;Solo short;1;1234;50,891;0,01;-1,375;789;51,077;0,061;-0,023;1,042;7,088;-1,375;False;4,789;0
EUR/CHF;Valute;Momentum 5g;Solo short;3;529;46,503;0,005;-0,578;388;48,196;-0,016;-1,377;0,922;-0,91;-1,377;False;0,959;0
Euro Stoxx 50;Indici;Prezzo vs SMA100;Solo short;5;206;40,291;-0,356;-1,377;124;41,129;-0,441;-0,773;0,721;-8,111;-1,377;False;5,006;0
Euro Stoxx 50;Indici;Prezzo vs SMA200 + filtro VIX;Solo long;5;290;53,793;-0,11;-1,377;235;59,149;0,203;0,22;1,352;7,092;-1,377;False;3,479;0
Euro Stoxx 50;Indici;Breakout Donchian 20;Solo long;20;76;47,368;-0,351;-1,377;63;58,73;-0,237;-1,353;0,872;-2,218;-1,377;False;8,724;0
EUR/USD;Valute;EMA 50/200 + filtro VIX;Solo short;1;1131;48,895;-0,014;-1,377;553;48,282;-0,021;-1,032;0,877;-1,745;-1,377;False;1,078;0
EUR/CHF;Valute;ADX>25 + direzione DI;Long+Short;20;66;37,879;-0,537;-1,378;47;46,809;-0,039;-0,398;0,913;-0,271;-1,378;False;2,476;0
GBP/USD;Valute;Prezzo vs SMA20;Long+Short;10;241;43,568;-0,15;-1,378;174;52,874;-0,04;-0,309;0,938;-1,038;-1,378;False;2,7;0
USD/JPY;Valute;Prezzo vs SMA100;Long+Short;1;2403;47,025;-0,015;-1,342;1754;50,399;-0,012;-1,379;0,943;-3,172;-1,379;False;1,161;0
USD/JPY;Valute;Momentum 20g;Long+Short;3;801;47,566;-0,044;-1,38;584;48,116;-0,028;-0,937;0,927;-2,439;-1,38;False;1,79;0
Petrolio WTI;Commodities;Reversione RSI2 nel trend SMA200;Solo short;20;31;45,161;-2,135;-1,38;32;59,375;0,649;1,005;1,201;3,078;-1,38;False;15,054;0
GBP/USD;Valute;Prezzo vs SMA50;Long+Short;5;481;49,064;-0,078;-1,381;350;50,286;-0,008;-0,116;0,983;-0,4;-1,381;False;1,971;0
Argento;Commodities;Momentum 20g;Solo short;10;162;53,704;-0,059;0,109;100;38,0;-1,874;-1,381;0,481;-27,785;-1,381;False;9,688;0
FTSE MIB;Indici;EMA 10/30;Long+Short;20;117;42,735;-0,764;-1,382;85;49,412;-0,127;-1,042;0,934;-1,605;-1,382;False;10,098;0
S&P 500;Indici;Momentum 10g;Solo long;3;544;57,721;0,052;-1,382;391;59,335;0,143;0,051;1,295;8,29;-1,382;False;2,13;0
Argento;Commodities;Prezzo vs SMA20;Long+Short;60;39;30,769;-3,328;-1,383;27;44,444;-3,31;-0,843;0,681;-13,253;-1,383;False;25,451;0
EUR/USD;Valute;Prezzo vs SMA100;Solo short;5;287;49,477;-0,053;-1,383;194;50,515;-0,031;-0,264;0,927;-0,879;-1,383;False;1,842;0
Petrolio WTI;Commodities;Fine/inizio mese;Long+Short;10;111;45,045;-0,859;-1,383;80;55,0;1,97;0,958;1,763;23,37;-1,383;False;13,197;0
Petrolio WTI;Commodities;Fine/inizio mese;Solo long;10;111;45,045;-0,859;-1,383;80;55,0;1,97;0,958;1,763;23,37;-1,383;False;13,197;0
USD/JPY;Valute;EMA 50/200 + filtro VIX;Solo short;3;305;45,246;-0,053;-0,538;138;43,478;-0,176;-1,384;0,59;-3,602;-1,384;False;1,772;0
Nasdaq 100;Indici;SMA200 + Momentum20 concordi;Long+Short;40;57;63,158;0,733;-1,385;39;61,538;2,911;0,746;2,243;16,842;-1,385;False;12,421;0
S&P 500;Indici;EMA 20/50;Solo long;3;627;58,852;0,069;-1,158;442;54,977;0,052;-1,387;1,109;3,439;-1,387;False;2,179;0
Euro Stoxx 50;Indici;ADX>20 + direzione DI;Long+Short;40;48;43,75;-1,204;-1,387;27;51,852;1,626;1,305;2,046;6,513;-1,387;False;10,157;0
Oro;Commodities;Reversione RSI2;Solo long;1;295;41,356;-0,069;-0,929;165;47,273;-0,113;-1,388;0,754;-2,763;-1,388;False;1,578;0
FTSE MIB;Indici;Momentum 10g;Solo long;3;471;52,866;-0,058;-0,399;380;50,0;-0,012;-1,389;0,981;-0,665;-1,389;False;3,152;0
Euro Stoxx 50;Indici;EMA 50/200;Solo long;3;467;52,891;-0,032;-0,852;443;54,402;-0,025;-1,389;0,96;-1,622;-1,389;False;2,684;0
Nasdaq 100;Indici;Prezzo vs SMA20;Solo short;10;125;33,6;-1,051;-1,389;92;40,217;-0,815;-0,083;0,647;-11,124;-1,389;False;6,038;0
EUR/USD;Valute;Breakout Donchian 55 + filtro VIX;Solo short;3;361;47,091;-0,043;-1,389;217;52,074;0,029;0,654;1,107;0,93;-1,389;False;1,62;0
Bitcoin;Cripto;Reversione RSI2 nel trend SMA200;Solo short;1;62;50,0;-0,455;-0,477;113;45,133;-0,518;-1,389;0,574;-8,686;-1,389;False;5,145;0
S&P 500;Indici;EMA 10/30;Solo short;20;52;25,0;-1,626;-1,389;33;30,303;-1,208;-0,082;0,608;-5,913;-1,389;False;7,12;0
GBP/USD;Valute;Momentum 20g;Solo short;1;1201;47,46;-0,017;-1,389;839;47,676;-0,022;-1,014;0,899;-2,703;-1,389;False;1,081;0
GBP/USD;Valute;Prezzo vs SMA200 + filtro VIX;Long+Short;10;216;50,0;0,055;0,431;152;43,421;-0,16;-1,39;0,755;-3,597;-1,39;False;2,558;0
S&P 500;Indici;EMA 50/200;Solo short;1;271;41,328;-0,14;-1,39;312;46,474;-0,103;-1,085;0,811;-4,769;-1,39;False;1,93;0
Gas naturale;Commodities;Prezzo vs SMA100;Solo short;5;285;48,07;-0,329;-1,39;189;50,794;-0,674;-0,304;0,818;-18,891;-1,39;False;12,74;0
Argento;Commodities;Momentum 120g;Solo long;1;1011;39,268;-0,094;-1,391;1097;42,024;-0,065;-0,632;0,901;-10,55;-1,391;False;2,296;0
Petrolio WTI;Commodities;Reversione RSI2 nel trend SMA200;Solo short;3;57;40,351;-0,558;-1,391;63;52,381;-0,353;-0,304;0,793;-3,302;-1,391;False;6,319;0
S&P 500;Indici;EMA 50/200 + filtro VIX;Long+Short;10;209;57,416;0,132;-1,391;147;64,626;0,339;-0,068;1,37;7,399;-1,391;False;4,041;0
Argento;Commodities;Momentum 60g + filtro VIX;Long+Short;3;666;50,15;-0,029;-0,269;464;45,69;-0,197;-1,391;0,856;-13,558;-1,391;False;4,476;0
Euro Stoxx 50;Indici;Prezzo vs SMA20;Solo short;1;1004;46,912;-0,049;-1,153;697;42,898;-0,097;-1,393;0,818;-10,061;-1,393;False;1,895;0
DAX;Indici;Prezzo vs SMA200;Long+Short;60;39;51,282;-1,219;-1,394;28;71,429;1,442;-0,188;1,639;5,99;-1,394;False;18,129;0
EUR/CHF;Valute;Breakout Donchian 55;Solo short;60;29;55,172;0,741;0,124;20;40,0;-0,23;-1,395;0,739;-0,682;-1,395;False;4,32;0
EUR/CHF;Valute;Prezzo vs SMA200 + filtro VIX;Solo long;40;29;34,483;-0,428;0,036;20;25,0;-0,938;-1,395;0,267;-2,782;-1,395;False;3,899;0
DAX;Indici;Breakout Donchian 55;Long+Short;10;234;49,573;-0,194;-1,301;170;46,471;-0,188;-1,396;0,857;-4,75;-1,396;False;6,413;0
Gas naturale;Commodities;ADX>20 + direzione DI;Solo short;20;57;52,632;-1,775;-1,397;33;54,545;2,089;1,353;1,369;10,222;-1,397;False;26,618;0
Euro Stoxx 50;Indici;Fine/inizio mese;Long+Short;3;111;54,054;-0,253;-1,397;80;52,5;0,16;0,245;1,218;1,902;-1,397;False;3,564;0
Euro Stoxx 50;Indici;Fine/inizio mese;Solo long;3;111;54,054;-0,253;-1,397;80;52,5;0,16;0,245;1,218;1,902;-1,397;False;3,564;0
Oro;Commodities;Breakout Donchian 55;Solo short;5;216;44,444;-0,262;-1,397;93;40,86;-0,444;-0,701;0,597;-6,119;-1,397;False;3,605;0
GBP/USD;Valute;Prezzo vs SMA20;Solo long;3;450;45,778;-0,083;-1,4;336;47,619;-0,003;-0,179;0,989;-0,173;-1,4;False;1,596;0
Nasdaq 100;Indici;Momentum 10g;Solo long;10;191;60,209;0,341;-1,4;137;66,423;0,914;0,397;1,774;18,579;-1,4;False;5,42;0
S&P 500;Indici;Momentum 120g;Solo short;1;399;43,609;-0,072;-0,617;406;43,103;-0,13;-1,4;0,79;-7,814;-1,4;False;1,935;0
EUR/CHF;Valute;Momentum 120g;Solo long;5;211;42,18;-0,023;0,695;133;45,113;-0,123;-1,401;0,612;-2,431;-1,401;False;1,218;0
Gas naturale;Commodities;EMA 20/50;Solo short;20;79;54,43;-1,571;-1,402;47;42,553;-2,702;-0,29;0,649;-18,83;-1,402;False;28,664;0
FTSE MIB;Indici;Momentum 60g + filtro VIX;Long+Short;40;57;50,877;-0,685;-0,652;40;60,0;-0,636;-1,402;0,789;-3,775;-1,402;False;15,469;0
DAX;Indici;EMA 50/200 + filtro VIX;Solo long;10;165;53,333;-0,02;-1,402;127;55,118;0,189;-0,949;1,203;3,559;-1,402;False;4,789;0
EUR/USD;Valute;Reversione RSI2;Solo long;3;180;46,667;-0,009;0,223;126;46,032;-0,088;-1,403;0,732;-1,65;-1,403;False;1,649;0
FTSE MIB;Indici;EMA 10/30;Long+Short;10;234;45,299;-0,306;-1,154;171;49,708;-0,267;-1,403;0,829;-6,785;-1,403;False;6,795;0
Gas naturale;Commodities;EMA 50/200;Solo short;5;290;49,655;-0,342;-1,403;168;52,976;-0,088;0,511;0,975;-2,202;-1,403;False;11,868;0
Gas naturale;Commodities;Breakout Donchian 20;Long+Short;3;772;47,021;-0,216;-1,403;564;49,291;-0,291;-0,99;0,9;-24,299;-1,403;False;9,219;0
Euro Stoxx 50;Indici;Prezzo vs SMA200 + filtro VIX;Long+Short;40;55;56,364;-0,02;-0,346;40;52,5;-0,804;-1,403;0,725;-4,769;-1,403;False;13,149;0
S&P 500;Indici;ADX>20 + direzione DI;Solo short;3;205;35,61;-0,332;-1,404;148;40,541;-0,343;-1,004;0,691;-7,539;-1,404;False;3,189;0
Oro;Commodities;Momentum 10g;Long+Short;3;771;47,471;-0,051;-0,917;564;46,986;-0,098;-1,404;0,875;-8,222;-1,404;False;2,691;0
Gas naturale;Commodities;Momentum 5g;Long+Short;60;39;48,718;-2,948;-0,863;27;44,444;-9,378;-1,405;0,498;-37,55;-1,405;False;57,173;0
Argento;Commodities;Momentum 60g;Solo short;5;263;48,289;-0,077;-0,233;159;38,365;-0,971;-1,405;0,596;-22,884;-1,405;False;6,471;0
EUR/CHF;Valute;Breakout Donchian 55 + filtro VIX;Long+Short;60;39;61,538;0,681;0,832;27;40,741;-0,455;-1,406;0,574;-1,821;-1,406;False;4,628;0
FTSE MIB;Indici;Prezzo vs SMA50;Long+Short;5;468;46,795;-0,197;-1,406;342;46,784;-0,096;-1,171;0,908;-4,893;-1,406;False;4,612;0
DAX;Indici;Momentum 60g;Long+Short;20;117;48,718;0,124;-0,226;85;50,588;-0,39;-1,406;0,802;-4,915;-1,406;False;8,667;0
USD/JPY;Valute;Momentum 20g;Solo short;5;267;46,067;-0,156;-1,406;177;37,853;-0,141;-0,253;0,758;-3,707;-1,406;False;2,34;0
Gas naturale;Commodities;Reversione RSI2 nel trend SMA200;Solo long;3;51;54,902;0,824;1,374;48;43,75;-0,922;-1,407;0,653;-6,565;-1,407;False;8,327;0
Petrolio WTI;Commodities;Momentum 120g + filtro VIX;Solo long;1;1140;50,439;-0,07;-1,021;713;49,93;-0,116;-1,408;0,878;-12,306;-1,408;False;3,26;0
EUR/CHF;Valute;EMA 10/30;Solo long;10;126;42,857;-0,077;0,326;94;42,553;-0,221;-1,408;0,541;-3,087;-1,408;False;1,8;0
FTSE MIB;Indici;Momentum 60g;Long+Short;1;2335;48,522;-0,042;-1,32;1713;48,044;-0,04;-1,409;0,897;-10,257;-1,409;False;1,816;0
USD/JPY;Valute;EMA 50/200 + filtro VIX;Long+Short;3;688;49,419;0,018;0,443;484;51,446;-0,033;-1,41;0,913;-2,358;-1,41;False;1,753;0
EUR/CHF;Valute;Prezzo vs SMA200;Solo long;5;201;41,294;-0,047;0,114;114;43,86;-0,119;-1,41;0,603;-2,013;-1,41;False;1,195;0
Gas naturale;Commodities;Momentum 5g;Long+Short;1;2310;48,442;-0,072;-1,411;1690;48,876;0,05;0,519;1,034;12,484;-1,411;False;4,88;0
EUR/CHF;Valute;Breakout Donchian 55 + filtro VIX;Solo short;3;456;47,588;-0,012;-1,412;281;49,466;-0,005;-0,999;0,97;-0,221;-1,412;False;0,96;0
Euro Stoxx 50;Indici;Reversione RSI2 nel trend SMA200;Long+Short;60;30;53,333;0,759;0,391;22;50,0;-1,625;-1,412;0,632;-5,302;-1,412;False;14,918;0
GBP/USD;Valute;EMA 20/50;Solo long;1;1213;47,238;-0,027;-1,413;1005;49,95;-0,01;-0,767;0,946;-1,469;-1,413;False;0,995;0
S&P 500;Indici;ADX>25 + direzione DI;Long+Short;3;247;51,012;-0,13;-1,266;209;51,196;-0,171;-1,413;0,786;-5,296;-1,413;False;2,809;0
DAX;Indici;EMA 50/200;Solo short;10;67;38,806;-0,896;-1,2;30;36,667;-1,599;-1,413;0,424;-7,117;-1,413;False;7,229;0
Gas naturale;Commodities;Prezzo vs SMA50;Long+Short;3;772;47,409;-0,219;-1,414;564;48,759;-0,441;-1,399;0,853;-36,896;-1,414;False;9,383;0
EUR/CHF;Valute;Momentum 5g;Long+Short;10;241;44,813;0,061;0,614;174;40,805;-0,107;-1,414;0,755;-2,755;-1,414;False;1,769;0
DAX;Indici;Reversione RSI2 nel trend SMA200;Solo long;10;55;47,273;-0,38;-1,261;44;59,091;-0,444;-1,415;0,69;-2,901;-1,415;False;6,014;0
EUR/CHF;Valute;Momentum 10g;Solo short;3;503;45,726;0,009;-0,474;361;50,139;-0,017;-1,415;0,911;-0,913;-1,415;False;0,954;0
Euro Stoxx 50;Indici;EMA 20/50;Solo long;10;156;50,641;-0,19;-1,416;124;55,645;0,106;-0,979;1,106;1,945;-1,416;False;5,208;0
FTSE MIB;Indici;Momentum 5g;Solo long;3;501;50,699;-0,162;-1,416;392;56,378;0,166;0,652;1,279;9,676;-1,416;False;3,303;0
Petrolio WTI;Commodities;Breakout Donchian 55;Solo long;1;1292;50,697;-0,035;-0,278;863;49,71;-0,116;-1,416;0,883;-14,828;-1,416;False;3,319;0
Bitcoin;Cripto;Momentum 10g;Solo long;1;1005;52,836;0,297;0,777;1352;46,006;0,036;-1,417;1,036;7,173;-1,417;False;4,583;0
DAX;Indici;Momentum 120g;Long+Short;20;117;53,846;-0,139;-0,967;85;45,882;-0,395;-1,417;0,8;-4,986;-1,417;False;8,761;0
DAX;Indici;Prezzo vs SMA200;Solo long;3;564;55,142;0,031;-0,536;454;52,423;-0,003;-1,417;0,995;-0,201;-1,417;False;2,585;0
Nasdaq 100;Indici;SMA200 + Momentum20 concordi;Solo short;1;209;44,976;-0,178;-1,418;230;49,565;-0,092;-0,378;0,89;-3,135;-1,418;False;2,561;0
USD/JPY;Valute;Prezzo vs SMA200;Long+Short;3;801;48,439;0,009;0,221;584;48,801;-0,038;-1,419;0,902;-3,303;-1,419;False;1,778;0
Bitcoin;Cripto;Prezzo vs SMA200;Solo long;1;1120;53,75;0,229;0,162;1434;47,908;0,037;-1,419;1,038;7,841;-1,419;False;5,258;0
Nasdaq 100;Indici;Prezzo vs SMA200;Long+Short;5;464;57,759;0,079;-1,42;337;53,709;0,22;-0,04;1,215;10,99;-1,42;False;4,334;0
S&P 500;Indici;Momentum 120g;Long+Short;3;772;53,627;0,021;-1,081;564;53,723;-0,043;-1,42;0,938;-3,613;-1,42;False;2,51;0
EUR/CHF;Valute;Breakout Donchian 55 + filtro VIX;Long+Short;3;689;48,186;-0,021;-1,309;484;47,727;-0,027;-1,422;0,857;-1,971;-1,422;False;1,01;0
Bitcoin;Cripto;Reversione RSI2;Solo short;5;129;44,961;-2,349;-1,422;158;50,0;-0,961;-0,372;0,704;-22,523;-1,422;False;17,686;0
Nasdaq 100;Indici;Breakout Donchian 55 + filtro VIX;Solo long;10;181;55,801;0,356;-1,422;116;62,069;0,749;-0,08;1,759;12,894;-1,422;False;4,98;0
FTSE MIB;Indici;Breakout Donchian 20;Solo long;1;1200;49,0;-0,076;-1,14;1107;50,768;-0,04;-1,422;0,877;-6,608;-1,422;False;1,57;0
S&P 500;Indici;Momentum 60g + filtro VIX;Long+Short;10;209;55,981;0,047;-1,424;147;61,905;0,379;0,096;1,421;8,255;-1,424;False;4,295;0
Oro;Commodities;EMA 50/200 + filtro VIX;Long+Short;5;407;52,088;0,02;0,134;287;49,477;-0,028;-1,424;0,969;-1,173;-1,424;False;3,609;0
USD/JPY;Valute;Prezzo vs SMA200 + filtro VIX;Solo long;1;1123;49,688;0,028;1,195;938;55,117;-0,003;-1,424;0,985;-0,399;-1,424;False;1,123;0
Nasdaq 100;Indici;Breakout Donchian 55 + filtro VIX;Solo short;5;66;37,879;-0,715;-1,429;58;44,828;-0,329;0,096;0,789;-2,832;-1,429;False;4,956;0
Argento;Commodities;EMA 50/200;Solo long;1;734;40,872;-0,122;-1,429;1236;40,21;-0,109;-1,391;0,837;-19,916;-1,429;False;2,53;0
EUR/USD;Valute;Prezzo vs SMA20;Solo short;3;469;49,68;-0,04;-1,429;332;49,699;-0,022;-0,383;0,929;-1,097;-1,429;False;1,632;0
Argento;Commodities;Breakout Donchian 55 + filtro VIX;Solo long;1;978;37,117;-0,096;-1,43;911;42,042;-0,062;-0,526;0,904;-8,355;-1,43;False;2,275;0
Petrolio WTI;Commodities;Prezzo vs SMA50;Long+Short;60;39;43,59;-3,919;-1,43;27;48,148;-0,294;0,328;0,964;-1,176;-1,43;False;28,105;0
FTSE MIB;Indici;ADX>20 + direzione DI;Long+Short;60;34;35,294;-2,579;-1,431;23;52,174;0,141;-0,007;1,033;0,481;-1,431;False;17,599;0
Ethereum;Cripto;Reversione RSI2 nel trend SMA200;Long+Short;5;27;51,852;-0,539;-0,224;115;46,957;-1,174;-1,432;0,692;-20,029;-1,432;False;17,143;0
DAX;Indici;EMA 50/200;Long+Short;20;117;52,137;-0,307;-1,433;85;54,118;0,259;-0,575;1,157;3,265;-1,433;False;8,894;0
S&P 500;Indici;Momentum 120g + filtro VIX;Long+Short;3;667;55,322;0,025;-1,434;463;55,292;0,035;-0,824;1,065;2,416;-1,434;False;2,164;0
Nasdaq 100;Indici;Prezzo vs SMA200 + filtro VIX;Solo short;5;45;31,111;-0,838;-1,434;38;60,526;0,5;1,376;1,357;2,82;-1,434;False;5,269;0
DAX;Indici;Breakout Donchian 55 + filtro VIX;Long+Short;40;57;57,895;0,036;-0,58;40;52,5;-0,917;-1,435;0,709;-5,442;-1,435;False;11,976;0
Argento;Commodities;Breakout Donchian 55 + filtro VIX;Solo short;3;337;45,401;-0,196;-1,435;155;41,29;-0,43;-1,011;0,688;-9,891;-1,435;False;3,915;0
S&P 500;Indici;Momentum 20g;Solo long;3;560;55,179;0,051;-1,435;409;57,213;0,125;-0,197;1,268;7,588;-1,435;False;2,08;0
S&P 500;Indici;EMA 50/200 + filtro VIX;Solo long;3;614;58,795;0,054;-1,436;394;56,345;0,119;-0,31;1,27;6,949;-1,436;False;2,076;0
Gas naturale;Commodities;EMA 50/200 + filtro VIX;Solo short;10;131;48,092;-0,858;-1,436;76;56,579;0,148;0,698;1,028;1,663;-1,436;False;18,735;0
Argento;Commodities;Reversione RSI2 nel trend SMA200;Long+Short;60;28;46,429;0,938;0,455;21;47,619;-0,961;-1,436;0,842;-2,992;-1,436;False;24,483;0
Argento;Commodities;Prezzo vs SMA20;Long+Short;1;2313;41,937;0,021;0,618;1695;38,879;-0,072;-1,436;0,884;-18,105;-1,436;False;2,139;0
USD/JPY;Valute;Momentum 20g;Solo short;1;1122;45,9;-0,033;-1,437;718;42,758;-0,048;-1,041;0,811;-5,135;-1,437;False;1,2;0
FTSE MIB;Indici;ADX>25 + direzione DI;Solo long;5;77;42,857;-0,071;-0,273;61;45,902;-0,158;-1,437;0,803;-1,433;-1,437;False;3,713;0
USD/JPY;Valute;Reversione RSI2 nel trend SMA200;Solo long;3;74;60,811;0,166;1,108;50;52,0;-0,203;-1,44;0,638;-1,504;-1,44;False;1,93;0
Ethereum;Cripto;EMA 50/200;Long+Short;1;583;51,973;-0,04;-0,224;2462;47,888;-0,095;-1,44;0,935;-34,842;-1,44;False;6,388;0
Argento;Commodities;EMA 20/50;Solo short;3;455;50,33;0,037;0,28;246;46,341;-0,518;-1,44;0,653;-18,899;-1,44;False;4,065;0
Petrolio WTI;Commodities;Momentum 120g + filtro VIX;Long+Short;40;56;48,214;-1,458;-0,844;39;41,026;-4,008;-1,441;0,53;-23,178;-1,441;False;25,664;0
Nasdaq 100;Indici;EMA 20/50;Solo long;10;192;58,854;0,343;-1,441;133;63,91;0,711;-0,19;1,61;14,036;-1,441;False;5,119;0
DAX;Indici;SMA200 + Momentum20 concordi;Long+Short;60;38;57,895;-1,197;-1,441;27;62,963;0,131;-0,813;1,041;0,525;-1,441;False;18,613;0
Nasdaq 100;Indici;Prezzo vs SMA20;Solo long;10;194;64,433;0,342;-1,441;136;61,029;0,7;-0,22;1,574;14,12;-1,441;False;5,564;0
GBP/USD;Valute;Momentum 120g + filtro VIX;Solo long;1;1021;45,544;-0,013;-0,499;847;48,288;-0,021;-1,441;0,887;-2,658;-1,441;False;0,953;0
Oro;Commodities;Breakout Donchian 55 + filtro VIX;Solo long;10;120;50,833;-0,2;-1,441;109;57,798;0,751;0,391;1,78;12,137;-1,441;False;4,917;0
DAX;Indici;EMA 50/200 + filtro VIX;Solo long;5;319;55,486;-0,025;-1,443;249;58,233;0,167;-0,24;1,302;6,187;-1,443;False;3,456;0
Argento;Commodities;Momentum 5g;Solo long;1;1138;36,38;-0,078;-1,143;927;39,266;-0,123;-1,443;0,811;-16,9;-1,443;False;2,137;0
Oro;Commodities;Prezzo vs SMA100;Long+Short;40;58;34,483;-1,132;-1,444;42;61,905;2,952;2,169;3,531;18,385;-1,444;False;10,52;0
Petrolio WTI;Commodities;Reversione RSI2;Solo long;5;129;41,085;-0,66;-1,444;90;48,889;0,034;-0,388;1,014;0,456;-1,444;False;9,887;0
GBP/USD;Valute;Prezzo vs SMA100;Solo long;1;1225;47,184;-0,024;-1,192;1006;48,41;-0,02;-1,445;0,894;-3,008;-1,445;False;1,017;0
Bitcoin;Cripto;Reversione RSI2;Long+Short;20;75;40,0;-4,431;-1,446;101;57,426;0,885;1,171;1,165;13,248;-1,446;False;32,359;0
DAX;Indici;Breakout Donchian 55;Long+Short;3;777;49,163;-0,065;-1,248;572;47,902;-0,079;-1,446;0,889;-6,685;-1,446;False;2,997;0
FTSE MIB;Indici;EMA 50/200;Solo long;1;1370;49,27;-0,059;-0,667;1351;51,147;-0,046;-1,446;0,872;-9,223;-1,446;False;1,564;0
Gas naturale;Commodities;SMA200 + Momentum20 concordi;Long+Short;3;580;46,552;-0,274;-1,446;409;51,345;-0,272;-0,745;0,907;-16,514;-1,446;False;9,426;0
EUR/CHF;Valute;Reversione RSI2 nel trend SMA200;Long+Short;3;123;46,341;-0,004;-0,286;89;42,697;-0,076;-1,446;0,7;-1,002;-1,446;False;1,146;0
EUR/CHF;Valute;Prezzo vs SMA20;Long+Short;40;61;44,262;-0,563;-1,447;42;40,476;-0,153;-0,879;0,8;-0,952;-1,447;False;3,845;0
EUR/CHF;Valute;SMA200 + Momentum20 concordi;Solo long;20;47;38,298;-0,251;-0,176;31;32,258;-0,57;-1,448;0,349;-2,622;-1,448;False;2,279;0
Euro Stoxx 50;Indici;Prezzo vs SMA200;Long+Short;20;116;45,69;-0,161;-0,531;83;49,398;-0,324;-1,449;0,828;-3,992;-1,449;False;7,792;0
Gas naturale;Commodities;Momentum 60g + filtro VIX;Long+Short;60;39;48,718;-0,127;-0,007;26;26,923;-8,85;-1,449;0,505;-34,122;-1,449;False;42,775;0
Oro;Commodities;Momentum 20g;Solo long;5;274;47,81;-0,132;-1,449;236;55,932;0,268;-0,107;1,329;9,375;-1,449;False;3,568;0
EUR/CHF;Valute;Momentum 60g + filtro VIX;Solo short;5;270;47,778;-0,025;-1,449;181;55,249;0,017;-0,449;1,074;0,464;-1,449;False;1,181;0
EUR/CHF;Valute;Reversione RSI2;Solo long;3;164;47,561;0,111;1,763;127;44,094;-0,084;-1,451;0,609;-1,58;-1,451;False;1,165;0
EUR/USD;Valute;Momentum 60g;Solo short;1;1299;47,96;-0,014;-1,389;880;47,045;-0,025;-1,451;0,866;-3,308;-1,451;False;1,083;0
FTSE MIB;Indici;Breakout Donchian 55 + filtro VIX;Long+Short;40;57;57,895;0,452;0,315;40;57,5;-0,805;-1,452;0,74;-4,778;-1,452;False;14,694;0
Bitcoin;Cripto;Reversione RSI2;Long+Short;10;129;47,287;-1,985;-1,452;176;58,523;0,516;0,805;1,134;13,456;-1,452;False;20,994;0
Euro Stoxx 50;Indici;Momentum 20g;Solo long;3;470;53,191;-0,018;-0,683;364;55,22;-0,022;-1,453;0,963;-1,174;-1,453;False;2,705;0
Euro Stoxx 50;Indici;EMA 50/200;Solo short;20;49;46,939;-0,275;0,041;20;35,0;-2,763;-1,453;0,311;-8,199;-1,453;False;9,628;0
FTSE MIB;Indici;Prezzo vs SMA100;Long+Short;40;59;57,627;0,964;0,911;42;52,381;-0,842;-1,453;0,744;-5,245;-1,453;False;13,143;0
GBP/USD;Valute;Momentum 10g;Solo short;3;464;46,336;-0,042;-1,454;329;48,328;-0,014;-0,165;0,959;-0,692;-1,454;False;1,605;0
EUR/CHF;Valute;Prezzo vs SMA20;Solo short;5;317;45,741;0,023;-0,351;235;51,489;-0,027;-1,454;0,898;-0,949;-1,454;False;1,224;0
Gas naturale;Commodities;Momentum 5g;Long+Short;3;771;48,638;-0,228;-1,455;564;51,773;-0,058;-0,18;0,979;-4,884;-1,455;False;9,221;0
USD/JPY;Valute;Momentum 120g + filtro VIX;Long+Short;40;58;48,276;-0,138;-0,26;41;48,78;-0,521;-1,455;0,706;-3,168;-1,455;False;6,686;0
GBP/USD;Valute;Prezzo vs SMA50;Solo short;5;266;46,992;-0,076;-1,455;195;49,231;-0,04;-0,333;0,915;-1,158;-1,455;False;1,968;0
Bitcoin;Cripto;Breakout Donchian 55 + filtro VIX;Long+Short;1;1424;51,475;0,13;0,407;1973;47,136;-0,049;-1,456;0,952;-14,291;-1,456;False;4,716;0
FTSE MIB;Indici;Momentum 120g + filtro VIX;Long+Short;1;1950;49,179;-0,04;-1,079;1375;49,236;-0,037;-1,456;0,89;-7,544;-1,456;False;1,643;0
DAX;Indici;Momentum 120g + filtro VIX;Solo short;3;156;44,231;-0,095;-0,143;107;34,579;-0,375;-1,457;0,602;-5,953;-1,457;False;3,259;0
DAX;Indici;Prezzo vs SMA50;Long+Short;10;234;50,855;-0,254;-1,457;170;47,059;-0,15;-1,129;0,884;-3,792;-1,457;False;6,324;0
Nasdaq 100;Indici;ADX>25 + direzione DI;Solo long;3;138;55,797;0,009;-1,459;137;59,854;0,213;0,038;1,317;4,329;-1,459;False;2,724;0
FTSE MIB;Indici;Momentum 60g + filtro VIX;Solo short;3;281;44,128;-0,057;-0,436;88;39,773;-0,442;-1,459;0,582;-5,768;-1,459;False;3,731;0
Euro Stoxx 50;Indici;Prezzo vs SMA100;Solo long;10;165;55,758;-0,19;-1,459;130;52,308;0,266;-0,489;1,317;5,135;-1,459;False;5,184;0
FTSE MIB;Indici;Breakout Donchian 20;Long+Short;1;2336;48,716;-0,041;-1,46;1714;48,25;-0,039;-1,381;0,901;-9,84;-1,46;False;1,804;0
Euro Stoxx 50;Indici;EMA 20/50;Solo short;3;305;42,295;-0,248;-1,461;173;42,197;-0,242;-0,646;0,791;-6,219;-1,461;False;3,791;0
GBP/USD;Valute;Momentum 120g;Solo long;3;412;48,786;-0,038;-0,433;334;44,012;-0,063;-1,461;0,812;-3,129;-1,461;False;1,448;0
USD/JPY;Valute;Momentum 20g;Solo long;1;1280;48,359;-0,007;-0,927;1036;52,799;-0,001;-1,462;0,995;-0,148;-1,462;False;1,111;0
S&P 500;Indici;Prezzo vs SMA50;Solo short;10;95;29,474;-0,917;-1,463;68;35,294;-0,462;0,119;0,788;-4,665;-1,463;False;5,786;0
EUR/CHF;Valute;Momentum 120g;Solo short;3;499;46,493;0,009;-0,431;402;47,015;-0,016;-1,463;0,922;-0,939;-1,463;False;1,046;0
DAX;Indici;Momentum 5g;Long+Short;40;59;44,068;-1,081;-1,463;42;47,619;-0,658;-0,787;0,789;-4,101;-1,463;False;12,665;0
Gas naturale;Commodities;Breakout Donchian 20;Solo short;5;268;50,0;-0,404;-1,464;152;45,395;-1,123;-0,805;0,717;-25,309;-1,464;False;12,242;0
Oro;Commodities;Prezzo vs SMA20;Long+Short;3;771;48,898;0,017;0,302;565;46,726;-0,097;-1,464;0,879;-8,089;-1,464;False;2,769;0
FTSE MIB;Indici;Momentum 20g;Long+Short;5;468;47,863;-0,058;-0,412;341;48,68;-0,165;-1,465;0,848;-8,338;-1,465;False;4,521;0
S&P 500;Indici;ADX>25 + direzione DI;Solo short;10;46;34,783;-1,1;-1,467;33;30,303;-1,204;-0,752;0,561;-5,897;-1,467;False;6,733;0
Euro Stoxx 50;Indici;SMA200 + Momentum20 concordi;Long+Short;20;104;49,038;-0,612;-1,467;75;48,0;-0,341;-1,158;0,826;-3,792;-1,467;False;8,648;0
S&P 500;Indici;Momentum 5g;Solo short;5;265;37,358;-0,322;-0,841;188;33,511;-0,584;-1,467;0,578;-16,277;-1,467;False;3,47;0
EUR/USD;Valute;Momentum 60g + filtro VIX;Solo short;40;45;46,667;-0,427;-1,468;27;48,148;0,19;0,648;1,196;0,762;-1,468;False;5,393;0
S&P 500;Indici;Prezzo vs SMA50;Solo short;5;160;31,25;-0,5;-1,47;115;43,478;-0,254;0,001;0,828;-4,331;-1,47;False;4,285;0
S&P 500;Indici;Prezzo vs SMA200 + filtro VIX;Long+Short;60;39;69,231;0,443;-1,47;25;68,0;3,296;0,927;3,675;12,226;-1,47;False;12,867;0
Bitcoin;Cripto;Breakout Donchian 55 + filtro VIX;Solo long;1;1019;54,563;0,276;0,523;1297;47,88;0,03;-1,47;1,03;5,698;-1,47;False;4,936;0
Oro;Commodities;ADX>25 + direzione DI;Solo short;10;65;46,154;-0,256;-0,305;40;35,0;-1,475;-1,47;0,32;-8,749;-1,47;False;5,355;0
EUR/CHF;Valute;Reversione RSI2 nel trend SMA200;Long+Short;5;107;43,925;-0,015;-0,364;72;45,833;-0,107;-1,471;0,662;-1,139;-1,471;False;1,588;0
EUR/CHF;Valute;Breakout Donchian 20;Solo long;40;34;35,294;-0,613;-0,406;22;36,364;-0,925;-1,472;0,3;-3,017;-1,472;False;5,383;0
DAX;Indici;Reversione RSI2 nel trend SMA200;Solo short;1;66;54,545;-0,197;-1,472;39;56,41;0,19;0,969;1,547;1,102;-1,472;False;1,471;0
Nasdaq 100;Indici;Prezzo vs SMA200;Solo short;5;72;37,5;-0,879;-1,472;71;49,296;-0,043;0,607;0,976;-0,458;-1,472;False;6,476;0
Argento;Commodities;Reversione RSI2;Long+Short;10;166;43,976;-0,572;-1,472;118;47,458;-0,366;-0,343;0,881;-6,398;-1,472;False;9,591;0
DAX;Indici;Prezzo vs SMA50;Solo long;1;1499;50,7;-0,025;-0,786;1160;51,293;-0,025;-1,472;0,913;-4,304;-1,472;False;1,336;0
FTSE MIB;Indici;ADX>25 + direzione DI;Long+Short;5;180;44,444;0,047;0,196;102;39,216;-0,516;-1,472;0,655;-7,809;-1,472;False;4,901;0
Gas naturale;Commodities;Breakout Donchian 55;Long+Short;5;463;48,812;-0,325;-1,199;339;49,853;-0,866;-1,473;0,789;-43,53;-1,473;False;12,245;0
Nasdaq 100;Indici;Prezzo vs SMA50;Solo long;10;192;63,021;0,344;-1,474;131;62,595;0,772;-0,003;1,698;15,009;-1,474;False;5,096;0
Petrolio WTI;Commodities;Momentum 20g;Long+Short;1;2312;49,265;-0,061;-1,474;1693;51,211;0,075;1,053;1,08;18,904;-1,474;False;3,521;0
Gas naturale;Commodities;ADX>20 + direzione DI;Long+Short;10;141;45,39;-1,063;-1,474;111;48,649;-0,776;-0,876;0,846;-12,78;-1,474;False;18,426;0
Euro Stoxx 50;Indici;Prezzo vs SMA50;Solo long;5;296;54,054;-0,126;-1,475;249;53,815;-0,012;-1,441;0,984;-0,444;-1,475;False;3,766;0
Euro Stoxx 50;Indici;SMA200 + Momentum20 concordi;Long+Short;1;1543;48,736;-0,035;-1,31;1149;49,608;-0,036;-1,476;0,901;-6,219;-1,476;False;1,586;0
GBP/USD;Valute;SMA200 + Momentum20 concordi;Long+Short;10;198;47,98;-0,025;-0,254;144;47,222;-0,218;-1,477;0,698;-4,653;-1,477;False;2,657;0
S&P 500;Indici;Prezzo vs SMA200;Solo short;1;310;40,968;-0,157;-1,477;354;46,61;-0,113;-1,05;0,825;-5,932;-1,477;False;2,042;0
FTSE MIB;Indici;Prezzo vs SMA50;Long+Short;40;59;50,847;0,453;0,387;42;50,0;-0,87;-1,478;0,736;-5,422;-1,478;False;13,442;0
DAX;Indici;SMA200 + Momentum20 concordi;Solo long;3;409;51,589;-0,045;-1,478;335;50,448;-0,026;-1,445;0,956;-1,287;-1,478;False;2,546;0
Gas naturale;Commodities;Prezzo vs SMA200 + filtro VIX;Long+Short;1;1936;48,399;-0,07;-1,479;1361;49,963;0,05;0,495;1,035;10,028;-1,479;False;4,703;0
Gas naturale;Commodities;ADX>25 + direzione DI;Solo long;60;20;40,0;-2,303;-0,306;21;38,095;-3,332;-1,479;0,756;-10,377;-1,479;False;35,79;0
FTSE MIB;Indici;Momentum 5g;Long+Short;40;59;38,983;-1,085;-1,084;42;47,619;-1,283;-1,48;0,634;-7,997;-1,48;False;13,442;0
Euro Stoxx 50;Indici;Prezzo vs SMA50;Long+Short;10;231;44,589;-0,3;-1,48;168;49,405;-0,199;-1,125;0,86;-4,955;-1,48;False;5,854;0
Oro;Commodities;Prezzo vs SMA200 + filtro VIX;Solo long;60;28;50,0;-0,443;-1,48;22;63,636;4,115;0,042;2,848;13,424;-1,48;False;11,125;0
FTSE MIB;Indici;Momentum 60g;Solo long;1;1315;48,669;-0,072;-1,058;1275;50,353;-0,04;-1,48;0,88;-7,592;-1,48;False;1,566;0
DAX;Indici;Breakout Donchian 55;Solo long;10;162;55,556;0,1;-0,952;124;53,226;0,086;-1,481;1,094;1,588;-1,481;False;5,132;0
DAX;Indici;EMA 50/200 + filtro VIX;Long+Short;10;213;48,357;-0,183;-1,481;149;58,389;0,094;-0,85;1,087;2,074;-1,481;False;5,442;0
S&P 500;Indici;Prezzo vs SMA50;Solo long;10;192;62,5;0,201;-1,481;135;61,481;0,299;-0,966;1,324;5,986;-1,481;False;4,176;0
Argento;Commodities;Momentum 5g;Long+Short;5;463;49,892;0,248;1,455;338;46,154;-0,393;-1,485;0,815;-19,686;-1,485;False;6,083;0
Petrolio WTI;Commodities;Momentum 10g;Long+Short;1;2313;48,465;-0,04;-0,961;1693;47,49;-0,104;-1,485;0,899;-26,16;-1,485;False;3,601;0
Argento;Commodities;Prezzo vs SMA50;Long+Short;1;2313;40,164;-0,038;-1,486;1695;40,59;-0,068;-1,347;0,89;-17,144;-1,486;False;2,141;0
Nasdaq 100;Indici;Breakout Donchian 20;Solo short;1;742;43,531;-0,093;-1,486;548;45,073;-0,109;-1,0;0,833;-8,839;-1,486;False;1,909;0
Argento;Commodities;Momentum 20g;Solo long;1;1061;38,643;-0,038;-0,086;952;41,176;-0,126;-1,486;0,811;-17,829;-1,486;False;2,182;0
EUR/USD;Valute;Momentum 10g;Solo short;10;173;47,977;-0,091;-1,487;124;54,032;-0,051;-0,213;0,905;-0,943;-1,487;False;2,633;0
S&P 500;Indici;Momentum 20g;Solo short;1;749;43,792;-0,093;-1,488;541;46,211;-0,073;-0,846;0,862;-5,896;-1,488;False;1,643;0
DAX;Indici;Prezzo vs SMA200;Long+Short;10;234;50,427;-0,221;-1,488;170;50,588;-0,013;-1,004;0,989;-0,327;-1,488;False;6,523;0
Gas naturale;Commodities;EMA 20/50;Long+Short;5;463;48,38;-0,39;-1,489;339;48,378;-0,529;-0,905;0,866;-26,572;-1,489;False;12,044;0
DAX;Indici;Fine/inizio mese;Long+Short;1;111;48,649;-0,041;-0,349;81;45,679;-0,116;-1,489;0,638;-1,39;-1,489;False;1,419;0
DAX;Indici;Fine/inizio mese;Solo long;1;111;48,649;-0,041;-0,349;81;45,679;-0,116;-1,489;0,638;-1,39;-1,489;False;1,419;0
Euro Stoxx 50;Indici;Momentum 10g;Solo long;10;177;55,932;-0,224;-1,491;136;52,941;0,131;-0,85;1,114;2,643;-1,491;False;6,237;0
DAX;Indici;Reversione RSI2 nel trend SMA200;Long+Short;10;81;43,21;-0,471;-1,358;59;52,542;-0,684;-1,491;0,631;-5,99;-1,491;False;6,145;0
Oro;Commodities;Momentum 60g;Solo short;1;1093;46,203;-0,029;-1,492;541;46,396;-0,053;-0,788;0,866;-4,22;-1,492;False;1,4;0
DAX;Indici;SMA200 + Momentum20 concordi;Long+Short;40;54;53,704;-0,558;-1,492;40;67,5;0,247;-0,715;1,106;1,466;-1,492;False;12,958;0
Euro Stoxx 50;Indici;ADX>20 + direzione DI;Long+Short;10;147;48,98;-0,4;-1,492;91;43,956;-0,511;-1,213;0,7;-6,894;-1,492;False;5,877;0
S&P 500;Indici;Momentum 20g;Solo short;3;295;36,949;-0,291;-1,492;206;40,291;-0,247;-0,627;0,762;-7,534;-1,492;False;3,145;0
Nasdaq 100;Indici;Prezzo vs SMA50;Solo short;1;618;43,528;-0,104;-1,492;520;45,769;-0,108;-0,913;0,845;-8,311;-1,492;False;2,092;0
EUR/USD;Valute;Momentum 120g + filtro VIX;Long+Short;1;2003;49,276;-0,017;-1,492;1406;48,08;-0,008;-0,728;0,951;-1,671;-1,492;False;0,992;0
Petrolio WTI;Commodities;Prezzo vs SMA200 + filtro VIX;Solo short;1;808;47,03;-0,082;-1,493;686;46,647;-0,092;-1,025;0,892;-9,379;-1,493;False;3,339;0
Argento;Commodities;EMA 10/30;Solo long;1;969;37,668;-0,061;-0,613;969;40,97;-0,13;-1,495;0,812;-18,612;-1,495;False;2,278;0
Nasdaq 100;Indici;Momentum 60g;Solo short;3;185;40,0;-0,424;-1,496;171;42,69;-0,303;-0,434;0,766;-7,695;-1,496;False;4,066;0
Oro;Commodities;ADX>25 + direzione DI;Solo short;5;109;47,706;-0,258;-0,981;66;33,333;-0,795;-1,496;0,436;-7,784;-1,496;False;4,176;0
DAX;Indici;EMA 50/200 + filtro VIX;Long+Short;5;411;52,311;-0,095;-1,496;286;56,993;0,118;-0,231;1,18;4,994;-1,496;False;3,692;0
Euro Stoxx 50;Indici;EMA 50/200;Solo short;5;185;45,946;-0,192;-0,55;75;37,333;-0,811;-1,497;0,54;-9,023;-1,497;False;5,5;0
S&P 500;Indici;ADX>25 + direzione DI;Long+Short;40;33;51,515;-0,128;-0,523;25;60,0;-2,202;-1,498;0,495;-8,168;-1,498;False;11,059;0
EUR/CHF;Valute;Reversione RSI2;Long+Short;3;307;46,58;0,026;0,579;235;46,809;-0,052;-1,498;0,762;-1,822;-1,498;False;1,187;0
DAX;Indici;Breakout Donchian 20;Long+Short;5;467;49,036;-0,118;-1,148;342;46,491;-0,18;-1,499;0,808;-9,145;-1,499;False;3,974;0
Petrolio WTI;Commodities;Reversione RSI2 nel trend SMA200;Long+Short;20;66;43,939;-1,387;-1,5;49;59,184;0,706;0,624;1,183;5,129;-1,5;False;15,731;0
Nasdaq 100;Indici;Momentum 20g;Long+Short;3;772;51,036;-0,033;-1,5;564;54,787;0,077;0,18;1,091;6,477;-1,5;False;2,988;0
DAX;Indici;Prezzo vs SMA20;Long+Short;20;117;51,282;-0,527;-1,501;85;44,706;-0,506;-1,116;0,751;-6,378;-1,501;False;8,898;0
DAX;Indici;EMA 20/50;Solo long;10;168;58,929;-0,054;-1,502;129;57,364;0,171;-0,952;1,169;3,268;-1,502;False;5,597;0
GBP/USD;Valute;Prezzo vs SMA200;Long+Short;3;801;50,437;0,008;0,209;584;46,575;-0,059;-1,504;0,844;-5,089;-1,504;False;1,575;0
S&P 500;Indici;EMA 50/200;Long+Short;20;116;62,931;0,171;-1,504;84;60,714;0,399;-0,638;1,236;4,973;-1,504;False;8,228;0
Oro;Commodities;Breakout Donchian 55;Solo long;5;262;48,855;-0,135;-1,504;250;59,6;0,193;-0,582;1,217;7,167;-1,504;False;3,921;0
Petrolio WTI;Commodities;Breakout Donchian 55 + filtro VIX;Long+Short;10;209;52,153;0,186;0,429;149;48,993;-0,835;-1,505;0,736;-18,441;-1,505;False;11,176;0
Petrolio WTI;Commodities;Breakout Donchian 55 + filtro VIX;Solo short;5;171;50,292;-0,023;-0,047;136;40,441;-0,972;-1,505;0,616;-19,611;-1,505;False;8,208;0
Euro Stoxx 50;Indici;EMA 10/30;Solo long;5;285;55,789;-0,034;-0,829;233;54,936;-0,032;-1,506;0,959;-1,1;-1,506;False;3,56;0
FTSE MIB;Indici;Momentum 20g;Solo long;1;1240;48,387;-0,072;-1,023;1072;50,28;-0,044;-1,506;0,869;-7,036;-1,506;False;1,571;0
FTSE MIB;Indici;Momentum 20g;Solo long;3;454;54,185;-0,026;-0,069;385;51,948;-0,031;-1,508;0,952;-1,763;-1,508;False;3,156;0
S&P 500;Indici;ADX>25 + direzione DI;Solo long;1;388;50,773;-0,01;-1,508;369;55,556;0,018;-0,156;1,088;1,011;-1,508;False;0,952;0
GBP/USD;Valute;EMA 50/200;Long+Short;5;481;49,48;-0,016;-0,387;350;48,571;-0,096;-1,509;0,804;-4,996;-1,509;False;1,977;0
Euro Stoxx 50;Indici;Prezzo vs SMA100;Long+Short;40;58;48,276;-0,971;-1,284;41;46,341;-0,914;-1,51;0,691;-5,562;-1,51;False;13,423;0
DAX;Indici;Momentum 120g + filtro VIX;Long+Short;3;672;50,298;-0,026;-0,944;470;46,17;-0,047;-1,51;0,921;-3,293;-1,51;False;2,75;0
DAX;Indici;Momentum 20g;Solo short;1;951;46,898;-0,017;-0,643;666;45,195;-0,073;-1,512;0,831;-7,208;-1,512;False;1,663;0
Petrolio WTI;Commodities;Prezzo vs SMA20;Long+Short;60;39;38,462;-4,134;-1,512;27;59,259;5,778;1,447;2,128;23,133;-1,512;False;23,461;0
S&P 500;Indici;Momentum 120g;Long+Short;40;58;60,345;0,704;-0,729;42;61,905;-0,06;-1,513;0,976;-0,376;-1,513;False;10,886;0
Euro Stoxx 50;Indici;Momentum 120g + filtro VIX;Long+Short;60;38;42,105;-1,892;-1,513;26;61,538;0,913;-0,208;1,347;3,52;-1,513;False;15,481;0
Petrolio WTI;Commodities;Momentum 120g;Long+Short;1;2314;49,395;-0,063;-1,514;1693;48,198;-0,101;-1,419;0,902;-25,294;-1,514;False;3,636;0
S&P 500;Indici;Momentum 20g;Long+Short;60;39;58,974;0,06;-1,514;27;62,963;1,604;-0,504;1,667;6,427;-1,514;False;11,594;0
S&P 500;Indici;EMA 20/50;Long+Short;10;232;55,172;-0,001;-1,514;168;57,143;0,116;-0,736;1,101;2,894;-1,514;False;4,785;0
FTSE MIB;Indici;Prezzo vs SMA100;Long+Short;1;2336;48,973;-0,036;-1,118;1714;48,133;-0,043;-1,516;0,89;-11,022;-1,516;False;1,818;0
EUR/CHF;Valute;ADX>20 + direzione DI;Long+Short;60;35;45,714;-0,459;-0,578;26;42,308;-0,519;-1,516;0,505;-2,0;-1,516;False;4,582;0
DAX;Indici;Prezzo vs SMA100;Long+Short;10;234;49,145;-0,24;-1,516;170;46,471;-0,184;-1,42;0,859;-4,649;-1,516;False;6,208;0
Euro Stoxx 50;Indici;Momentum 60g + filtro VIX;Long+Short;10;208;46,154;-0,296;-1,517;148;49,324;-0,214;-1,356;0,83;-4,7;-1,517;False;5,343;0
Oro;Commodities;EMA 20/50;Long+Short;60;39;35,897;-1,723;-1,518;27;62,963;4,734;1,989;3,846;18,954;-1,518;False;11,695;0
DAX;Indici;Prezzo vs SMA50;Long+Short;3;777;49,55;-0,072;-1,303;572;47,203;-0,086;-1,518;0,88;-7,302;-1,518;False;2,95;0
Nasdaq 100;Indici;Momentum 120g + filtro VIX;Solo short;3;80;36,25;-0,438;-1,52;67;46,269;-0,042;0,424;0,969;-0,416;-1,52;False;3,648;0
Gas naturale;Commodities;Momentum 10g;Long+Short;40;58;56,897;0,827;0,359;42;45,238;-5,641;-1,52;0,591;-35,134;-1,52;False;40,023;0
Argento;Commodities;EMA 50/200 + filtro VIX;Long+Short;60;38;50,0;1,496;0,883;27;48,148;-1,549;-1,52;0,793;-6,2;-1,52;False;21,882;0
Gas naturale;Commodities;EMA 50/200 + filtro VIX;Solo short;3;403;47,891;-0,218;-1,52;238;51,261;0,271;1,014;1,11;9,569;-1,52;False;8,927;0
Gas naturale;Commodities;Breakout Donchian 55;Long+Short;60;39;35,897;-4,819;-1,366;27;40,741;-10,561;-1,521;0,452;-42,285;-1,521;False;49,545;0
Euro Stoxx 50;Indici;ADX>25 + direzione DI;Long+Short;40;35;45,714;-1,451;-1,521;23;47,826;-2,232;-1,482;0,479;-7,615;-1,521;False;13,043;0
Oro;Commodities;Momentum 60g + filtro VIX;Solo long;1;993;46,626;-0,047;-1,521;897;53,177;0,001;-0,482;1,002;0,119;-1,521;False;1,445;0
S&P 500;Indici;Breakout Donchian 55 + filtro VIX;Solo short;5;73;31,507;-0,622;-1,522;42;47,619;-0,209;0,102;0,834;-1,305;-1,522;False;3,823;0
Argento;Commodities;EMA 50/200;Solo short;3;528;49,053;-0,058;-0,579;155;44,516;-0,582;-1,523;0,615;-13,384;-1,523;False;4,056;0
DAX;Indici;EMA 10/30;Solo long;1;1514;50,793;-0,029;-0,988;1176;51,616;-0,027;-1,523;0,91;-4,647;-1,523;False;1,356;0
GBP/USD;Valute;Momentum 5g;Long+Short;3;801;49,563;-0,024;-0,755;584;47,774;-0,063;-1,524;0,838;-5,414;-1,524;False;1,615;0
Argento;Commodities;Reversione RSI2 nel trend SMA200;Long+Short;40;41;39,024;-0,198;0,017;28;46,429;-1,31;-1,524;0,744;-5,439;-1,524;False;18,882;0
S&P 500;Indici;Momentum 60g + filtro VIX;Solo long;3;572;57,867;0,05;-1,524;408;59,069;0,098;-0,61;1,205;5,908;-1,524;False;2,096;0
EUR/USD;Valute;Reversione RSI2 nel trend SMA200;Solo long;3;55;49,091;-0,008;0,122;54;40,741;-0,133;-1,524;0,598;-1,061;-1,524;False;1,467;0
S&P 500;Indici;EMA 50/200 + filtro VIX;Solo short;3;53;35,849;-0,444;-1,525;70;42,857;-0,137;0,006;0,87;-1,424;-1,525;False;3,071;0
USD/JPY;Valute;EMA 50/200;Long+Short;3;801;49,189;0,004;0,024;584;49,658;-0,036;-1,527;0,908;-3,115;-1,527;False;1,782;0
EUR/CHF;Valute;Prezzo vs SMA20;Solo short;3;504;47,222;0,011;-0,409;367;50,136;-0,02;-1,527;0,897;-1,071;-1,527;False;0,987;0
Nasdaq 100;Indici;EMA 10/30;Solo long;5;361;59,834;0,144;-1,527;246;57,317;0,313;-0,386;1,383;11,415;-1,527;False;3,748;0
FTSE MIB;Indici;ADX>20 + direzione DI;Solo long;1;609;46,47;-0,109;-1,529;454;48,678;-0,038;-0,865;0,88;-2,582;-1,529;False;1,488;0
Euro Stoxx 50;Indici;ADX>20 + direzione DI;Solo long;1;602;51,163;-0,041;-1,529;408;50,98;-0,028;-1,214;0,904;-1,703;-1,529;False;1,274;0
Argento;Commodities;Momentum 10g;Solo short;1;1191;42,485;0,014;-0,466;757;36,328;-0,077;-1,529;0,87;-8,636;-1,529;False;2,176;0
Oro;Commodities;EMA 50/200;Solo short;3;356;49,438;-0,012;0,134;101;43,564;-0,394;-1,529;0,518;-5,9;-1,529;False;2,709;0
Euro Stoxx 50;Indici;ADX>25 + direzione DI;Solo short;5;92;36,957;-0,403;-1,195;50;28,0;-1,063;-1,529;0,435;-7,885;-1,529;False;5,255;0
Argento;Commodities;Breakout Donchian 20;Solo long;1;952;37,5;-0,07;-0,826;1041;41,114;-0,127;-1,529;0,815;-19,534;-1,529;False;2,317;0
Argento;Commodities;Acquisto su picco VIX;Long+Short;3;99;43,434;-0,219;-0,775;78;38,462;-0,67;-1,53;0,663;-7,75;-1,53;False;5,004;0
Argento;Commodities;Acquisto su picco VIX;Solo long;3;99;43,434;-0,219;-0,775;78;38,462;-0,67;-1,53;0,663;-7,75;-1,53;False;5,004;0
FTSE MIB;Indici;Prezzo vs SMA20;Long+Short;10;234;49,145;0,09;0,314;171;42,105;-0,398;-1,53;0,757;-10,089;-1,53;False;6,495;0
Nasdaq 100;Indici;Momentum 120g;Solo short;1;364;44,78;-0,104;-1,147;339;45,428;-0,192;-1,531;0,756;-9,66;-1,531;False;2,303;0
S&P 500;Indici;Momentum 60g;Solo short;20;47;23,404;-1,717;-1,532;30;43,333;-1,23;-0,085;0,653;-5,475;-1,532;False;8,259;0
Argento;Commodities;ADX>25 + direzione DI;Long+Short;3;297;44,781;-0,269;-1,532;185;50,27;-0,31;-0,958;0,828;-8,503;-1,532;False;5,176;0
DAX;Indici;Momentum 120g;Long+Short;10;234;52,991;-0,134;-1,168;170;47,059;-0,198;-1,532;0,85;-4,99;-1,532;False;6,438;0
DAX;Indici;Prezzo vs SMA50;Long+Short;1;2331;49,807;-0,019;-0,808;1716;49,184;-0,031;-1,532;0,908;-7,956;-1,532;False;1,484;0
Euro Stoxx 50;Indici;Momentum 120g;Solo long;1;1416;49,788;-0,031;-1,533;1215;51,852;-0,007;-1,199;0,978;-1,274;-1,533;False;1,396;0
Gas naturale;Commodities;SMA200 + Momentum20 concordi;Long+Short;5;369;46,341;-0,47;-1,534;261;51,724;-0,143;-0,285;0,961;-5,517;-1,534;False;13,043;0
Nasdaq 100;Indici;Momentum 120g + filtro VIX;Solo short;1;206;42,718;-0,114;-1,534;175;48,0;-0,097;-0,517;0,848;-2,514;-1,534;False;1,733;0
Petrolio WTI;Commodities;Breakout Donchian 55 + filtro VIX;Solo long;5;246;51,22;0,118;0,518;154;53,896;-0,268;-1,534;0,856;-6,131;-1,534;False;7,193;0
Oro;Commodities;Reversione RSI2 nel trend SMA200;Long+Short;10;90;42,222;-0,465;-1,534;54;50,0;0,207;-0,145;1,174;1,657;-1,534;False;4,862;0
Argento;Commodities;Momentum 60g;Long+Short;5;463;46,436;-0,184;-1,063;338;44,083;-0,391;-1,535;0,815;-19,616;-1,535;False;6,494;0
DAX;Indici;Prezzo vs SMA50;Long+Short;20;117;52,991;-0,43;-1,536;85;48,235;-0,144;-0,805;0,922;-1,81;-1,536;False;8,898;0
FTSE MIB;Indici;Momentum 20g;Long+Short;1;2334;48,029;-0,04;-1,339;1713;47,577;-0,043;-1,537;0,891;-10,862;-1,537;False;1,799;0
S&P 500;Indici;Prezzo vs SMA200 + filtro VIX;Solo short;3;53;37,736;-0,501;-1,537;59;45,763;-0,09;0,154;0,913;-0,785;-1,537;False;3,54;0
Gas naturale;Commodities;Breakout Donchian 20;Solo short;10;143;48,252;-0,949;-1,538;80;45,0;-2,766;-0,952;0,6;-32,812;-1,538;False;18,903;0
EUR/CHF;Valute;Breakout Donchian 20;Solo short;10;152;48,684;0,024;-0,563;115;48,696;-0,048;-1,538;0,865;-0,81;-1,538;False;1,736;0
Euro Stoxx 50;Indici;Momentum 60g;Long+Short;20;116;43,103;-0,637;-1,538;83;50,602;0,187;-0,161;1,115;2,297;-1,538;False;7,681;0
EUR/USD;Valute;Prezzo vs SMA50;Solo short;5;288;45,139;-0,072;-1,538;198;53,03;0,032;0,573;1,086;0,943;-1,538;False;2,046;0
DAX;Indici;Prezzo vs SMA100;Long+Short;40;59;47,458;-0,489;-1,382;42;59,524;-0,889;-1,539;0,724;-5,541;-1,539;False;13,861;0
S&P 500;Indici;EMA 20/50;Long+Short;3;772;52,85;-0,007;-1,539;564;53,546;0,021;-0,689;1,032;1,776;-1,539;False;2,51;0
GBP/USD;Valute;Prezzo vs SMA50;Solo short;3;420;48,81;-0,051;-1,539;308;45,779;-0,035;-0,474;0,914;-1,607;-1,539;False;1,631;0
S&P 500;Indici;Momentum 60g;Solo long;3;608;56,086;0,05;-1,539;437;58,124;0,061;-1,059;1,116;3,978;-1,539;False;2,129;0
DAX;Indici;ADX>20 + direzione DI;Long+Short;1;1188;50,0;-0,003;-0,096;777;48,263;-0,055;-1,54;0,85;-6,299;-1,54;False;1,545;0
Gas naturale;Commodities;EMA 50/200 + filtro VIX;Long+Short;1;1936;47,521;-0,064;-1,541;1361;50,184;0,125;1,208;1,092;25,242;-1,541;False;4,678;0
Oro;Commodities;EMA 50/200 + filtro VIX;Solo short;3;295;49,492;-0,011;0,128;96;45,833;-0,409;-1,541;0,512;-5,821;-1,541;False;2,717;0
EUR/CHF;Valute;Prezzo vs SMA50;Long+Short;3;801;44,819;-0,038;-1,27;584;49,658;-0,032;-1,542;0,851;-2,73;-1,542;False;1,024;0
EUR/CHF;Valute;Prezzo vs SMA20;Solo long;5;280;41,429;-0,062;-0,182;194;43,814;-0,113;-1,542;0,646;-3,258;-1,542;False;1,23;0
Oro;Commodities;Breakout Donchian 55 + filtro VIX;Solo long;5;227;48,018;-0,137;-1,542;208;58,654;0,218;-0,41;1,27;6,717;-1,542;False;3,547;0
Argento;Commodities;EMA 10/30;Long+Short;3;771;47,341;-0,009;-0,097;565;46,018;-0,238;-1,544;0,841;-19,97;-1,544;False;4,425;0
DAX;Indici;Momentum 120g + filtro VIX;Long+Short;10;213;49,765;-0,072;-1,06;149;53,02;-0,158;-1,544;0,868;-3,496;-1,544;False;5,356;0
DAX;Indici;Momentum 60g + filtro VIX;Long+Short;40;57;61,404;0,633;0,069;40;52,5;-1,226;-1,544;0,629;-7,277;-1,544;False;11,976;0
USD/JPY;Valute;Momentum 120g;Solo long;1;1201;49,542;0,004;-0,216;1134;54,409;-0,003;-1,545;0,986;-0,47;-1,545;False;1,192;0
S&P 500;Indici;Prezzo vs SMA200 + filtro VIX;Solo long;10;199;61,809;0,189;-1,545;130;66,923;0,448;-0,391;1,589;8,639;-1,545;False;3,745;0
Oro;Commodities;ADX>25 + direzione DI;Solo short;20;42;40,476;-0,171;0,265;27;37,037;-2,747;-1,546;0,227;-10,999;-1,546;False;8,2;0
DAX;Indici;Reversione RSI2 nel trend SMA200;Long+Short;40;40;47,5;-1,037;-1,548;29;62,069;1,12;0,124;1,436;4,818;-1,548;False;14,671;0
Nasdaq 100;Indici;Momentum 5g;Solo long;1;1411;53,792;0,0;-1,544;997;52,859;-0,01;-1,548;0,974;-1,481;-1,548;False;1,399;0
EUR/CHF;Valute;Momentum 5g;Long+Short;40;61;37,705;-0,568;-1,548;42;45,238;-0,072;-0,682;0,9;-0,451;-1,548;False;3,605;0
FTSE MIB;Indici;Reversione RSI2;Long+Short;1;598;52,508;0,089;1,578;469;46,695;-0,096;-1,548;0,779;-6,675;-1,548;False;1,664;0
EUR/USD;Valute;Momentum 120g;Long+Short;1;2403;49,147;-0,016;-1,55;1753;47,233;-0,015;-1,339;0,918;-3,814;-1,55;False;1,058;0
EUR/USD;Valute;Prezzo vs SMA20;Long+Short;10;241;43,983;-0,155;-1,55;174;45,977;-0,124;-1,096;0,803;-3,192;-1,55;False;2,677;0
Gas naturale;Commodities;ADX>25 + direzione DI;Solo long;40;24;41,667;-1,739;-0,26;26;46,154;-4,119;-1,55;0,68;-15,882;-1,55;False;40,335;0
Nasdaq 100;Indici;Momentum 60g + filtro VIX;Solo short;5;85;36,471;-0,734;-1,55;67;50,746;-0,16;0,53;0,883;-1,587;-1,55;False;4,862;0
Gas naturale;Commodities;ADX>20 + direzione DI;Solo short;1;564;47,872;-0,065;-1,551;373;49,062;0,069;0,023;1,045;3,809;-1,551;False;5,309;0
Argento;Commodities;Momentum 60g;Solo long;1;1079;37,627;-0,086;-1,161;1005;40,796;-0,132;-1,551;0,81;-19,599;-1,551;False;2,284;0
S&P 500;Indici;Prezzo vs SMA100;Long+Short;5;464;54,31;-0,013;-1,551;337;53,412;0,062;-0,619;1,074;3,088;-1,551;False;3,393;0
DAX;Indici;Momentum 60g + filtro VIX;Solo short;3;201;40,299;-0,279;-1,552;125;43,2;-0,315;-1,372;0,621;-5,849;-1,552;False;2,939;0
FTSE MIB;Indici;EMA 10/30;Long+Short;5;468;47,009;-0,217;-1,553;342;49,123;-0,067;-0,965;0,936;-3,389;-1,553;False;4,662;0
Petrolio WTI;Commodities;Momentum 60g + filtro VIX;Solo long;1;1158;49,568;-0,051;-0,591;691;50,217;-0,123;-1,553;0,861;-12,641;-1,553;False;3,161;0
Argento;Commodities;Reversione RSI2;Long+Short;40;53;35,849;-1,974;-1,554;38;52,632;0,316;0,487;1,052;1,778;-1,554;False;18,752;0
DAX;Indici;Breakout Donchian 55 + filtro VIX;Solo long;3;499;51,102;-0,049;-1,554;363;50,964;0,001;-1,26;1,002;0,073;-1,554;False;2,661;0
S&P 500;Indici;Breakout Donchian 55;Solo short;1;509;42,436;-0,114;-1,555;402;44,776;-0,106;-1,104;0,821;-6,347;-1,555;False;1,783;0
S&P 500;Indici;EMA 10/30;Solo short;10;84;32,143;-1,006;-1,556;56;37,5;-0,527;0,02;0,731;-4,38;-1,556;False;5,917;0
Petrolio WTI;Commodities;Prezzo vs SMA100;Solo long;1;1287;49,883;-0,089;-1,556;868;51,037;-0,048;-0,684;0,947;-6,233;-1,556;False;3,268;0
EUR/CHF;Valute;Prezzo vs SMA200;Solo long;10;106;47,17;-0,067;0,449;62;38,71;-0,265;-1,557;0,457;-2,439;-1,557;False;1,571;0
DAX;Indici;EMA 20/50;Long+Short;5;467;50,107;-0,112;-1,371;342;50,877;-0,135;-1,558;0,852;-6,865;-1,558;False;4,024;0
Gas naturale;Commodities;EMA 20/50;Solo short;10;143;44,755;-0,898;-1,559;92;46,739;-1,45;-0,371;0,758;-19,78;-1,559;False;20,088;0
S&P 500;Indici;EMA 10/30;Long+Short;10;232;52,586;-0,068;-1,559;168;59,524;0,122;-0,609;1,107;3,047;-1,559;False;4,619;0
Nasdaq 100;Indici;Momentum 5g;Long+Short;20;116;54,31;-0,015;-0,953;84;48,81;-0,439;-1,559;0,838;-5,477;-1,559;False;8,74;0
Euro Stoxx 50;Indici;Prezzo vs SMA50;Long+Short;5;461;47,939;-0,165;-1,443;338;48,225;-0,18;-1,56;0,827;-9,027;-1,56;False;4,136;0
Gas naturale;Commodities;Momentum 5g;Long+Short;20;116;45,69;-0,982;-0,939;84;52,381;-2,917;-1,561;0,671;-36,333;-1,561;False;28,373;0
GBP/USD;Valute;Momentum 5g;Long+Short;10;241;45,228;-0,072;-0,695;174;47,126;-0,212;-1,561;0,711;-5,478;-1,561;False;2,716;0
Nasdaq 100;Indici;Momentum 120g + filtro VIX;Long+Short;5;407;58,231;0,073;-1,562;284;61,62;0,335;0,417;1,395;14,135;-1,562;False;3,729;0
Nasdaq 100;Indici;Momentum 60g + filtro VIX;Long+Short;40;56;57,143;0,486;-1,562;38;60,526;1,258;-0,312;1,451;7,094;-1,562;False;11,352;0
Euro Stoxx 50;Indici;Momentum 10g;Long+Short;5;461;48,373;-0,18;-1,562;338;47,929;-0,095;-0,803;0,905;-4,761;-1,562;False;4,143;0
Argento;Commodities;Reversione RSI2 nel trend SMA200;Solo long;5;36;50,0;-0,233;-0,469;45;46,667;-0,491;-1,562;0,722;-3,28;-1,562;False;6,688;0
EUR/CHF;Valute;Momentum 20g;Solo short;3;484;47,314;-0,02;-1,562;352;50,852;-0,009;-1,127;0,95;-0,496;-1,562;False;1,049;0
Petrolio WTI;Commodities;Reversione RSI2 nel trend SMA200;Solo long;5;57;40,351;-0,834;-1,562;26;50,0;0,431;0,09;1,189;1,663;-1,562;False;8,537;0
GBP/USD;Valute;EMA 50/200 + filtro VIX;Solo long;1;818;46,577;-0,011;-0,343;988;47,976;-0,02;-1,563;0,886;-2,937;-1,563;False;0,928;0
Nasdaq 100;Indici;EMA 50/200 + filtro VIX;Long+Short;3;667;54,573;0,063;-1,563;463;56,803;0,166;0,241;1,235;11,436;-1,563;False;2,854;0
FTSE MIB;Indici;Momentum 60g + filtro VIX;Solo short;1;740;49,054;-0,004;-0,824;229;40,175;-0,106;-1,566;0,768;-3,617;-1,566;False;1,988;0
FTSE MIB;Indici;Reversione RSI2 nel trend SMA200;Long+Short;10;90;48,889;0,549;1,032;64;56,25;-0,71;-1,566;0,62;-6,74;-1,566;False;7,261;0
FTSE MIB;Indici;Prezzo vs SMA20;Solo long;1;1244;48,473;-0,09;-1,567;1060;50,849;-0,034;-1,195;0,894;-5,356;-1,567;False;1,538;0
Gas naturale;Commodities;Prezzo vs SMA100;Solo short;3;458;48,69;-0,194;-1,567;299;50,502;-0,65;-0,996;0,789;-28,81;-1,567;False;9,236;0
Argento;Commodities;Momentum 5g;Long+Short;3;771;51,232;0,061;0,611;564;46,454;-0,243;-1,567;0,838;-20,283;-1,567;False;4,582;0
Gas naturale;Commodities;Breakout Donchian 55;Long+Short;10;232;48,276;-0,205;-0,382;169;50,296;-1,87;-1,567;0,695;-46,875;-1,567;False;18,43;0
Oro;Commodities;Reversione RSI2;Long+Short;40;54;50,0;0,556;0,565;37;37,838;-2,731;-1,568;0,327;-14,982;-1,568;False;11,446;0
S&P 500;Indici;Breakout Donchian 20;Long+Short;60;39;56,41;-0,641;-1,569;27;62,963;1,604;-0,504;1,667;6,427;-1,569;False;11,513;0
USD/JPY;Valute;Prezzo vs SMA50;Solo long;1;1229;47,03;-0,013;-1,311;1075;52,372;-0,003;-1,569;0,986;-0,441;-1,569;False;1,135;0
Oro;Commodities;EMA 50/200 + filtro VIX;Solo short;5;183;50,273;-0,042;0,104;60;31,667;-0,751;-1,569;0,394;-6,68;-1,569;False;3,466;0
Euro Stoxx 50;Indici;EMA 50/200;Solo short;1;907;46,637;-0,053;-1,174;365;45,479;-0,144;-1,57;0,761;-7,804;-1,57;False;2,005;0
EUR/USD;Valute;Breakout Donchian 55;Solo short;1;1285;48,327;-0,018;-1,571;836;48,923;-0,022;-1,215;0,884;-2,753;-1,571;False;1,137;0
Euro Stoxx 50;Indici;Momentum 60g + filtro VIX;Solo short;5;169;42,604;-0,403;-1,572;84;47,619;-0,603;-1,516;0,526;-7,509;-1,572;False;4,152;0
Oro;Commodities;Breakout Donchian 55 + filtro VIX;Solo short;10;105;40,952;-0,672;-1,572;44;50,0;-0,56;0,114;0,659;-3,654;-1,572;False;5,469;0
DAX;Indici;Momentum 120g + filtro VIX;Solo short;5;102;39,216;-0,431;-0,977;70;32,857;-0,663;-1,572;0,527;-6,889;-1,572;False;4,842;0
DAX;Indici;EMA 50/200;Solo long;5;345;54,783;-0,047;-1,573;284;56,338;0,0;-1,349;1,0;0,003;-1,573;False;3,765;0
Euro Stoxx 50;Indici;ADX>25 + direzione DI;Solo short;10;55;41,818;-0,722;-1,396;32;28,125;-2,071;-1,574;0,366;-9,833;-1,574;False;6,47;0
Gas naturale;Commodities;Breakout Donchian 55 + filtro VIX;Solo short;5;197;48,731;-0,523;-1,575;148;47,297;-0,852;-0,422;0,804;-18,704;-1,575;False;13,494;0
Argento;Commodities;Reversione RSI2;Solo short;20;67;44,776;-1,75;-1,575;54;42,593;-1,643;0,198;0,661;-13,16;-1,575;False;16,941;0
FTSE MIB;Indici;ADX>20 + direzione DI;Solo short;5;181;45,856;-0,431;-1,576;85;41,176;-0,333;-0,255;0,783;-4,203;-1,576;False;5,802;0
EUR/CHF;Valute;Momentum 120g + filtro VIX;Solo long;1;784;42,857;-0,027;-1,577;533;45,779;-0,025;-1,444;0,794;-2,014;-1,577;False;0,624;0
Petrolio WTI;Commodities;EMA 50/200 + filtro VIX;Long+Short;1;1936;49,07;-0,067;-1,578;1357;49,374;-0,057;-0,928;0,934;-11,467;-1,578;False;3,234;0
Nasdaq 100;Indici;Prezzo vs SMA50;Long+Short;60;39;61,538;0,7;-1,578;27;74,074;4,116;0,125;3,174;16,489;-1,578;False;15,239;0
EUR/CHF;Valute;EMA 10/30;Long+Short;20;121;42,149;-0,026;-0,295;86;43,023;-0,186;-1,578;0,666;-2,372;-1,578;False;2,53;0
EUR/USD;Valute;Momentum 60g;Solo long;1;1102;47,278;-0,03;-1,372;874;44,508;-0,022;-1,579;0,878;-2,819;-1,579;False;0,981;0
EUR/USD;Valute;Prezzo vs SMA20;Solo long;5;290;45,862;-0,145;-1,581;206;47,573;-0,019;-0,381;0,955;-0,574;-1,581;False;1,91;0
Euro Stoxx 50;Indici;Breakout Donchian 20;Solo long;10;140;51,429;-0,253;-1,582;108;50,926;0,034;-1,301;1,033;0,54;-1,582;False;5,221;0
Euro Stoxx 50;Indici;Momentum 10g;Long+Short;10;231;48,052;-0,261;-1,268;168;47,024;-0,41;-1,582;0,731;-10,214;-1,582;False;6,077;0
Euro Stoxx 50;Indici;Prezzo vs SMA20;Long+Short;3;768;49,609;-0,109;-1,583;564;49,468;-0,064;-0,96;0,91;-5,392;-1,583;False;3,084;0
FTSE MIB;Indici;EMA 10/30;Long+Short;40;59;49,153;-0,305;-0,3;42;47,619;-1,094;-1,583;0,68;-6,814;-1,583;False;13,88;0
Oro;Commodities;Momentum 20g;Long+Short;3;771;45,914;-0,09;-1,583;565;49,027;-0,068;-1,142;0,913;-5,71;-1,583;False;2,772;0
FTSE MIB;Indici;EMA 20/50;Long+Short;40;59;50,847;0,057;0,034;42;50,0;-1,197;-1,583;0,655;-7,456;-1,583;False;13,156;0
EUR/CHF;Valute;Reversione RSI2 nel trend SMA200;Solo long;1;67;53,731;0,045;1,427;45;44,444;-0,072;-1,584;0,495;-0,48;-1,584;False;0,673;0
Nasdaq 100;Indici;Prezzo vs SMA50;Solo long;5;369;56,911;0,136;-1,584;254;56,693;0,298;-0,503;1,383;11,248;-1,584;False;3,647;0
Nasdaq 100;Indici;Momentum 120g;Long+Short;3;772;54,922;0,011;-1,585;564;56,56;0,073;-0,486;1,085;6,101;-1,585;False;3,145;0
Argento;Commodities;SMA200 + Momentum20 concordi;Long+Short;1;1589;42,102;-0,029;-1,079;1092;41,484;-0,113;-1,585;0,834;-18,27;-1,585;False;2,22;0
S&P 500;Indici;EMA 20/50;Long+Short;5;464;54,957;-0,006;-1,586;337;53,412;0,013;-1,004;1,015;0,635;-1,586;False;3,414;0
Euro Stoxx 50;Indici;EMA 10/30;Long+Short;60;39;41,026;-1,734;-1,586;27;59,259;1,185;0,088;1,493;4,747;-1,586;False;16,366;0
Euro Stoxx 50;Indici;SMA200 + Momentum20 concordi;Solo long;5;229;52,402;-0,095;-1,268;195;54,359;-0,018;-1,587;0,972;-0,524;-1,587;False;3,347;0
DAX;Indici;ADX>20 + direzione DI;Solo short;20;51;37,255;-1,206;-0,802;34;26,471;-2,378;-1,588;0,301;-11,995;-1,588;False;8,424;0
GBP/USD;Valute;EMA 50/200;Long+Short;10;241;45,228;-0,054;-0,615;174;47,126;-0,207;-1,588;0,718;-5,337;-1,588;False;2,846;0
GBP/USD;Valute;Momentum 20g;Solo long;1;1201;46,295;-0,029;-1,589;915;47,65;-0,019;-1,205;0,906;-2,565;-1,589;False;1,082;0
USD/JPY;Valute;Momentum 120g + filtro VIX;Long+Short;1;2002;48,352;-0,004;-0,335;1407;51,67;-0,016;-1,59;0,92;-3,424;-1,59;False;1,117;0
Oro;Commodities;Prezzo vs SMA200 + filtro VIX;Solo short;1;902;47,339;-0,035;-1,54;356;46,348;-0,103;-1,59;0,754;-5,415;-1,59;False;1,417;0
Euro Stoxx 50;Indici;Momentum 5g;Solo short;3;419;45,107;-0,213;-1,591;300;39,333;-0,177;-0,538;0,804;-7,889;-1,591;False;3,311;0
DAX;Indici;Momentum 120g + filtro VIX;Solo short;10;56;33,929;-0,545;-0,368;42;30,952;-1,191;-1,591;0,403;-7,423;-1,591;False;6,135;0
GBP/USD;Valute;Prezzo vs SMA50;Long+Short;3;801;49,064;-0,052;-1,592;584;50,171;-0,012;-0,31;0,965;-1,061;-1,592;False;1,578;0
Nasdaq 100;Indici;ADX>25 + direzione DI;Long+Short;20;50;48,0;-0,268;-0,899;43;46,512;-1,505;-1,592;0,574;-9,601;-1,592;False;9,36;0
Gas naturale;Commodities;ADX>25 + direzione DI;Solo long;5;90;43,333;-1,243;-1,527;99;46,465;-0,891;-1,592;0,768;-13,082;-1,592;False;14,356;0
USD/JPY;Valute;Momentum 5g;Long+Short;20;121;45,455;-0,369;-1,592;86;48,837;0,067;-0,023;1,073;0,85;-1,592;False;4,27;0
GBP/USD;Valute;Prezzo vs SMA20;Long+Short;3;801;48,814;-0,051;-1,592;584;51,541;-0,009;-0,223;0,975;-0,753;-1,592;False;1,603;0
FTSE MIB;Indici;Prezzo vs SMA100;Solo long;1;1301;48,962;-0,067;-0,909;1298;50,462;-0,042;-1,592;0,874;-8,05;-1,592;False;1,526;0
DAX;Indici;EMA 20/50;Solo long;3;539;53,803;0,028;-0,548;416;50,481;-0,022;-1,593;0,962;-1,357;-1,593;False;2,563;0
FTSE MIB;Indici;Breakout Donchian 20;Long+Short;40;59;50,847;-0,05;0,014;42;50,0;-1,414;-1,593;0,604;-8,81;-1,593;False;13,442;0
FTSE MIB;Indici;Momentum 20g;Long+Short;40;59;52,542;0,226;0,182;42;45,238;-1,416;-1,595;0,604;-8,823;-1,595;False;13,442;0
GBP/USD;Valute;Breakout Donchian 55;Long+Short;3;801;48,814;-0,049;-1,597;584;47,774;-0,047;-1,197;0,873;-4,083;-1,597;False;1,611;0
Oro;Commodities;Momentum 10g;Long+Short;40;58;37,931;-1,2;-1,598;42;50,0;0,428;-0,085;1,176;2,666;-1,598;False;11,975;0
Nasdaq 100;Indici;Momentum 120g;Long+Short;10;232;55,603;0,12;-1,598;168;61,31;0,442;-0,092;1,326;11,006;-1,598;False;6,197;0
USD/JPY;Valute;Reversione RSI2;Solo short;5;142;43,662;-0,215;-1,598;126;46,825;-0,093;0,215;0,817;-1,735;-1,598;False;2,158;0
Gas naturale;Commodities;Momentum 60g + filtro VIX;Solo short;3;361;47,368;-0,235;-1,599;229;49,345;-0,705;-1,015;0,771;-23,955;-1,599;False;9,703;0
Nasdaq 100;Indici;ADX>25 + direzione DI;Solo long;1;374;55,615;-0,023;-1,599;380;53,421;0,01;-0,658;1,029;0,542;-1,599;False;1,311;0
DAX;Indici;ADX>25 + direzione DI;Long+Short;1;699;49,213;-0,026;-0,634;463;48,596;-0,076;-1,599;0,801;-5,209;-1,599;False;1,634;0
Nasdaq 100;Indici;Breakout Donchian 20;Solo short;20;53;24,528;-2,387;-1,6;37;32,432;-1,594;-0,014;0,517;-8,75;-1,6;False;9,807;0
Nasdaq 100;Indici;Momentum 10g;Long+Short;60;39;53,846;0,076;-1,6;27;62,963;1,977;-0,485;1,667;7,92;-1,6;False;15,239;0
USD/JPY;Valute;Breakout Donchian 55 + filtro VIX;Solo short;1;785;46,879;-0,038;-1,601;496;42,339;-0,042;-0,755;0,807;-3,099;-1,601;False;1,124;0
Euro Stoxx 50;Indici;SMA200 + Momentum20 concordi;Long+Short;5;357;48,179;-0,2;-1,601;262;52,29;-0,125;-1,19;0,864;-4,844;-1,601;False;4,002;0
Gas naturale;Commodities;Momentum 60g + filtro VIX;Long+Short;5;406;48,276;-0,286;-0,939;287;45,296;-0,899;-1,603;0,778;-38,258;-1,603;False;12,617;0
EUR/CHF;Valute;Momentum 20g;Solo long;10;155;41,29;-0,09;0,169;107;42,056;-0,225;-1,603;0,527;-3,569;-1,603;False;1,763;0
Gas naturale;Commodities;Momentum 60g;Long+Short;5;463;47,3;-0,364;-1,362;339;47,788;-0,897;-1,603;0,782;-45,104;-1,603;False;12,245;0
GBP/USD;Valute;Prezzo vs SMA200 + filtro VIX;Solo short;10;126;48,413;0,034;-0,183;66;42,424;-0,372;-1,604;0,588;-3,637;-1,604;False;3,035;0
Euro Stoxx 50;Indici;Momentum 120g + filtro VIX;Solo long;1;1320;49,773;-0,034;-1,604;1085;51,429;-0,005;-1,162;0,982;-0,847;-1,604;False;1,325;0
USD/JPY;Valute;Momentum 5g;Solo long;1;1243;47,305;-0,018;-1,606;1013;52,715;0,005;-1,063;1,028;0,788;-1,606;False;1,143;0
S&P 500;Indici;ADX>20 + direzione DI;Solo short;1;558;41,577;-0,113;-1,607;399;45,363;-0,099;-1,011;0,831;-5,853;-1,607;False;1,741;0
S&P 500;Indici;Momentum 120g + filtro VIX;Long+Short;60;39;58,974;-0,496;-1,607;25;76,0;3,69;1,278;4,572;13,686;-1,607;False;11,667;0
Gas naturale;Commodities;EMA 20/50;Solo short;5;270;48,148;-0,433;-1,607;175;47,429;-1,19;-0,898;0,729;-30,883;-1,607;False;13,708;0
Gas naturale;Commodities;Prezzo vs SMA200 + filtro VIX;Solo short;5;239;48,954;-0,486;-1,607;152;46,053;-0,685;-0,382;0,805;-15,446;-1,607;False;13,067;0
S&P 500;Indici;EMA 10/30;Solo short;5;146;34,932;-0,535;-1,608;100;41,0;-0,285;-0,102;0,788;-4,23;-1,608;False;4,097;0
S&P 500;Indici;Prezzo vs SMA100;Long+Short;10;232;54,31;-0,016;-1,609;168;58,929;0,113;-0,772;1,099;2,828;-1,609;False;4,845;0
GBP/USD;Valute;Prezzo vs SMA200 + filtro VIX;Solo long;1;967;46,432;-0,011;-0,36;944;48,093;-0,022;-1,61;0,88;-3,095;-1,61;False;0,942;0
Nasdaq 100;Indici;Momentum 120g + filtro VIX;Long+Short;3;667;54,273;0,037;-1,61;463;56,587;0,146;-0,058;1,203;10,016;-1,61;False;2,874;0
FTSE MIB;Indici;Breakout Donchian 20;Long+Short;5;468;45,299;-0,225;-1,61;342;50,877;-0,006;-0,443;0,995;-0,28;-1,61;False;4,554;0
Euro Stoxx 50;Indici;Momentum 120g;Long+Short;10;231;49,351;-0,28;-1,416;168;47,619;-0,299;-1,61;0,796;-7,442;-1,61;False;5,903;0
EUR/USD;Valute;Prezzo vs SMA100;Solo short;3;467;50,535;-0,046;-1,611;312;50,641;-0,012;-0,124;0,964;-0,549;-1,611;False;1,635;0
USD/JPY;Valute;Prezzo vs SMA200;Solo short;1;1106;46,022;-0,022;-0,913;613;45,351;-0,063;-1,612;0,755;-5,692;-1,612;False;1,143;0
FTSE MIB;Indici;Breakout Donchian 55 + filtro VIX;Long+Short;1;1952;49,59;-0,054;-1,503;1375;48,727;-0,041;-1,612;0,88;-8,263;-1,612;False;1,666;0
Euro Stoxx 50;Indici;EMA 10/30;Solo short;1;968;46,384;-0,068;-1,613;590;44,068;-0,085;-1,016;0,845;-7,425;-1,613;False;1,929;0
Euro Stoxx 50;Indici;EMA 10/30;Long+Short;3;768;49,349;-0,111;-1,613;564;49,291;-0,095;-1,451;0,871;-7,917;-1,613;False;3,07;0
Gas naturale;Commodities;Prezzo vs SMA20;Long+Short;3;772;48,446;-0,089;-0,602;564;48,404;-0,505;-1,613;0,833;-42,238;-1,613;False;9,383;0
EUR/CHF;Valute;Prezzo vs SMA50;Long+Short;5;481;42,827;-0,031;-0,677;350;51,143;-0,05;-1,614;0,819;-2,617;-1,614;False;1,298;0
Oro;Commodities;EMA 50/200;Solo short;5;215;46,512;-0,085;-0,172;62;30,645;-0,744;-1,614;0,395;-6,843;-1,614;False;3,675;0
Argento;Commodities;Reversione RSI2;Solo short;5;139;43,885;-0,574;-1,614;112;42,857;-0,049;0,724;0,973;-0,819;-1,614;False;6,783;0
Euro Stoxx 50;Indici;Prezzo vs SMA50;Solo short;1;971;46,756;-0,067;-1,615;593;43,17;-0,098;-1,209;0,827;-8,61;-1,615;False;1,955;0
Nasdaq 100;Indici;Breakout Donchian 20;Solo short;10;87;31,034;-1,224;-1,616;64;40,625;-0,75;0,04;0,677;-7,117;-1,616;False;6,587;0
DAX;Indici;Momentum 60g + filtro VIX;Solo long;5;318;55,346;-0,052;-1,616;236;55,508;0,083;-0,941;1,131;2,912;-1,616;False;3,641;0
Argento;Commodities;Momentum 5g;Solo short;1;1174;40,716;-0,007;-0,937;765;38,431;-0,086;-1,616;0,863;-9,717;-1,616;False;2,235;0
USD/JPY;Valute;EMA 20/50;Solo short;1;1150;44,87;-0,034;-1,617;599;45,075;-0,02;0,115;0,917;-1,754;-1,617;False;1,173;0
Oro;Commodities;Breakout Donchian 55 + filtro VIX;Solo short;5;195;42,564;-0,309;-1,618;83;40,964;-0,249;0,151;0,739;-3,07;-1,618;False;3,567;0
EUR/CHF;Valute;Prezzo vs SMA200 + filtro VIX;Long+Short;3;689;46,589;-0,01;-0,729;484;47,934;-0,028;-1,619;0,852;-2,034;-1,619;False;0,968;0
Argento;Commodities;ADX>20 + direzione DI;Solo long;1;590;37,288;-0,058;-0,432;523;42,256;-0,204;-1,62;0,746;-15,855;-1,62;False;2,483;0
Gas naturale;Commodities;ADX>20 + direzione DI;Long+Short;1;1184;46,622;-0,136;-1,62;983;48,321;0,032;0,37;1,021;4,729;-1,62;False;5,405;0
EUR/CHF;Valute;Reversione RSI2 nel trend SMA200;Solo short;1;129;50,388;-0,003;-0,34;109;47,706;-0,054;-1,62;0,689;-0,879;-1,62;False;0,915;0
FTSE MIB;Indici;Momentum 10g;Solo short;1;1091;47,846;-0,034;-1,621;695;44,892;-0,014;-0,341;0,97;-1,47;-1,621;False;2,054;0
S&P 500;Indici;EMA 50/200;Long+Short;3;772;54,922;0,008;-1,622;564;53,723;-0,016;-1,273;0,977;-1,304;-1,622;False;2,531;0
S&P 500;Indici;Prezzo vs SMA200;Long+Short;40;58;62,069;0,529;-1,358;42;59,524;-0,262;-1,622;0,9;-1,633;-1,622;False;10,886;0
EUR/USD;Valute;Breakout Donchian 20;Long+Short;1;2403;47,982;-0,017;-1,494;1754;45,724;-0,018;-1,623;0,902;-4,626;-1,623;False;1,041;0
Gas naturale;Commodities;ADX>20 + direzione DI;Solo short;3;210;45,238;-0,391;-1,626;137;50,365;-0,17;0,013;0,945;-3,456;-1,626;False;9,844;0
EUR/CHF;Valute;EMA 10/30;Solo long;3;361;41,551;-0,07;-1,168;266;46,241;-0,075;-1,626;0,685;-2,973;-1,626;False;1,112;0
Nasdaq 100;Indici;Momentum 60g + filtro VIX;Long+Short;5;407;56,265;0,034;-1,627;284;59,859;0,295;0,478;1,339;12,423;-1,627;False;3,624;0
Nasdaq 100;Indici;ADX>20 + direzione DI;Long+Short;20;82;52,439;-0,474;-1,627;65;60,0;0,903;0,957;1,489;8,712;-1,627;False;7,609;0
S&P 500;Indici;EMA 10/30;Long+Short;60;39;58,974;-0,295;-1,627;27;66,667;1,704;-0,63;1,724;6,825;-1,627;False;11,09;0
GBP/USD;Valute;Momentum 120g;Long+Short;3;801;49,563;0,008;0,251;584;46,062;-0,064;-1,628;0,83;-5,573;-1,628;False;1,577;0
S&P 500;Indici;Momentum 120g + filtro VIX;Solo short;5;56;33,929;-0,684;-1,628;54;40,741;-0,272;-0,045;0,784;-2,175;-1,628;False;4,334;0
DAX;Indici;Prezzo vs SMA100;Long+Short;3;777;49,421;-0,091;-1,628;572;50,524;-0,003;-0,564;0,996;-0,242;-1,628;False;2,945;0
EUR/USD;Valute;Acquisto su picco VIX;Long+Short;20;30;43,333;-0,731;-1,628;23;47,826;-0,099;-0,338;0,895;-0,338;-1,628;False;4,449;0
EUR/USD;Valute;Acquisto su picco VIX;Solo long;20;30;43,333;-0,731;-1,628;23;47,826;-0,099;-0,338;0,895;-0,338;-1,628;False;4,449;0
Euro Stoxx 50;Indici;Prezzo vs SMA100;Solo long;5;309;55,34;-0,129;-1,629;248;53,629;0,013;-1,288;1,017;0,463;-1,629;False;3,732;0
Bitcoin;Cripto;Prezzo vs SMA200;Long+Short;1;1732;50,577;0,088;0,293;2462;47,076;-0,078;-1,629;0,928;-28,547;-1,629;False;4,973;0
Nasdaq 100;Indici;SMA200 + Momentum20 concordi;Long+Short;5;383;57,441;0,042;-1,629;272;58,456;0,321;0,503;1,344;12,94;-1,629;False;4,187;0
Gas naturale;Commodities;Breakout Donchian 55 + filtro VIX;Solo short;1;900;50,556;-0,023;-1,629;697;50,359;0,071;0,05;1,05;7,367;-1,629;False;4,899;0
GBP/USD;Valute;Momentum 60g;Solo long;1;1161;47,115;-0,021;-0,98;966;47,516;-0,023;-1,631;0,879;-3,307;-1,631;False;1,012;0
Euro Stoxx 50;Indici;Prezzo vs SMA20;Solo long;5;308;55,519;-0,149;-1,632;238;55,042;0,042;-0,961;1,053;1,469;-1,632;False;4,045;0
DAX;Indici;EMA 50/200;Long+Short;60;39;51,282;-1,114;-1,632;28;64,286;0,519;-0,807;1,191;2,156;-1,632;False;18,578;0
GBP/USD;Valute;Momentum 20g;Long+Short;3;801;48,564;-0,053;-1,632;584;46,062;-0,033;-0,84;0,91;-2,85;-1,632;False;1,592;0
S&P 500;Indici;EMA 10/30;Solo short;1;650;42,308;-0,107;-1,633;450;44,667;-0,088;-0,938;0,848;-5,907;-1,633;False;1,718;0
Bitcoin;Cripto;Prezzo vs SMA20;Long+Short;1;1732;49,654;0,125;1,048;2462;45,085;-0,093;-1,635;0,915;-33,786;-1,635;False;4,706;0
GBP/USD;Valute;Momentum 120g;Solo short;1;1207;47,887;-0,01;-0,926;791;46,776;-0,038;-1,635;0,841;-4,4;-1,635;False;1,192;0
DAX;Indici;EMA 10/30;Long+Short;1;2331;49,979;-0,024;-1,057;1716;49,65;-0,033;-1,635;0,902;-8,499;-1,635;False;1,507;0
S&P 500;Indici;EMA 50/200;Long+Short;40;58;62,069;0,5;-1,635;42;66,667;1,68;0,171;2,025;10,467;-1,635;False;10,843;0
Gas naturale;Commodities;ADX>25 + direzione DI;Solo long;20;36;41,667;-1,277;-0,438;38;47,368;-2,96;-1,636;0,671;-16,68;-1,636;False;25,093;0
DAX;Indici;SMA200 + Momentum20 concordi;Long+Short;20;103;52,427;-0,451;-1,636;77;54,545;-0,298;-1,303;0,842;-3,401;-1,636;False;7,99;0
DAX;Indici;Breakout Donchian 55 + filtro VIX;Solo short;10;61;31,148;-1,0;-1,389;40;30,0;-1,265;-1,636;0,373;-7,504;-1,636;False;5,755;0
Nasdaq 100;Indici;Momentum 20g;Long+Short;20;116;56,034;0,092;-1,14;84;53,571;-0,486;-1,637;0,822;-6,055;-1,637;False;9,135;0
Petrolio WTI;Commodities;SMA200 + Momentum20 concordi;Long+Short;60;38;34,211;-5,553;-1,638;25;60,0;4,743;1,389;1,954;17,585;-1,638;False;29,264;0
Gas naturale;Commodities;Momentum 120g;Long+Short;10;232;52,155;-0,212;-0,426;169;46,746;-1,824;-1,639;0,701;-45,715;-1,639;False;17,208;0
EUR/USD;Valute;Breakout Donchian 55;Solo long;1;1118;47,943;-0,033;-1,639;918;45,752;-0,019;-1,406;0,893;-2,525;-1,639;False;0,97;0
Nasdaq 100;Indici;Momentum 10g;Solo short;3;344;41,57;-0,337;-1,64;253;44,664;-0,148;0,348;0,867;-5,554;-1,64;False;3,553;0
Nasdaq 100;Indici;Breakout Donchian 55 + filtro VIX;Solo short;1;292;42,123;-0,115;-1,642;250;48,0;-0,072;-0,409;0,863;-2,688;-1,642;False;1,583;0
Gas naturale;Commodities;ADX>20 + direzione DI;Long+Short;3;416;44,712;-0,433;-1,642;336;50,298;-0,305;-0,795;0,901;-15,218;-1,642;False;9,937;0
USD/JPY;Valute;Reversione RSI2;Long+Short;40;56;46,429;-0,811;-1,642;40;52,5;0,239;0,572;1,184;1,419;-1,642;False;5,944;0
Nasdaq 100;Indici;SMA200 + Momentum20 concordi;Solo short;10;32;28,125;-1,938;-1,642;28;50,0;-0,004;0,624;0,998;-0,017;-1,642;False;9,657;0
Euro Stoxx 50;Indici;Momentum 60g;Solo short;1;936;46,154;-0,07;-1,628;580;43,793;-0,125;-1,643;0,78;-10,715;-1,643;False;1,999;0
Argento;Commodities;Breakout Donchian 55;Long+Short;3;771;46,822;-0,164;-1,644;565;46,903;-0,169;-1,313;0,885;-14,181;-1,644;False;4,487;0
GBP/USD;Valute;Momentum 120g;Long+Short;10;241;48,548;0,073;0,703;174;43,103;-0,22;-1,644;0,702;-5,687;-1,644;False;2,674;0
Nasdaq 100;Indici;Prezzo vs SMA200 + filtro VIX;Solo long;3;619;56,381;0,071;-1,646;408;59,069;0,225;0,199;1,376;13,599;-1,646;False;2,693;0
Nasdaq 100;Indici;Prezzo vs SMA20;Solo short;3;306;38,889;-0,367;-1,646;229;45,415;-0,248;-0,225;0,798;-8,434;-1,646;False;3,763;0
Argento;Commodities;Prezzo vs SMA100;Long+Short;1;2313;40,294;-0,042;-1,594;1695;39,823;-0,084;-1,646;0,865;-21,234;-1,646;False;2,15;0
Nasdaq 100;Indici;Prezzo vs SMA200 + filtro VIX;Long+Short;60;39;69,231;1,172;-1,649;25;72,0;4,609;0,908;3,694;17,095;-1,649;False;15,384;0
Nasdaq 100;Indici;Momentum 5g;Solo long;5;351;56,98;0,113;-1,649;250;54,0;0,162;-1,146;1,157;6,006;-1,649;False;3,849;0
Petrolio WTI;Commodities;SMA200 + Momentum20 concordi;Solo long;5;199;47,739;-0,419;-1,65;135;59,259;0,478;0,317;1,246;9,575;-1,65;False;8,038;0
EUR/USD;Valute;SMA200 + Momentum20 concordi;Long+Short;1;1656;48,068;-0,021;-1,65;1254;47,049;-0,015;-1,172;0,916;-2,746;-1,65;False;1,054;0
Argento;Commodities;Momentum 120g + filtro VIX;Solo short;1;1008;41,468;-0,027;-1,456;440;37,045;-0,083;-1,651;0,834;-5,41;-1,651;False;1,88;0
Gas naturale;Commodities;EMA 10/30;Long+Short;3;772;47,927;-0,126;-0,858;564;48,582;-0,526;-1,652;0,827;-44,0;-1,652;False;9,344;0
Euro Stoxx 50;Indici;ADX>20 + direzione DI;Solo short;3;245;39,592;-0,277;-1,652;132;39,394;-0,436;-1,217;0,672;-8,542;-1,652;False;3,877;0
Gas naturale;Commodities;Momentum 120g + filtro VIX;Solo short;3;369;47,967;-0,252;-1,652;226;48,673;-0,194;-0,035;0,926;-6,505;-1,652;False;8,795;0
DAX;Indici;Breakout Donchian 55;Solo long;5;319;56,113;0,013;-1,067;242;52,066;-0,031;-1,653;0,959;-1,103;-1,653;False;3,716;0
FTSE MIB;Indici;ADX>20 + direzione DI;Long+Short;3;464;45,69;-0,184;-1,653;277;48,736;-0,104;-0,751;0,878;-4,255;-1,653;False;3,689;0
Oro;Commodities;Momentum 5g;Long+Short;40;58;34,483;-1,145;-1,654;42;57,143;2,329;1,468;2,574;14,508;-1,654;False;10,488;0
Euro Stoxx 50;Indici;Momentum 60g;Solo long;3;488;53,074;-0,094;-1,654;392;55,102;-0,033;-1,635;0,945;-1,921;-1,654;False;2,668;0
Oro;Commodities;Momentum 120g;Solo long;1;1296;45,293;-0,048;-1,654;1266;51,975;-0,035;-1,618;0,918;-6,498;-1,654;False;1,582;0
Argento;Commodities;Breakout Donchian 55;Long+Short;5;463;45,788;-0,283;-1,655;338;46,45;-0,098;-0,719;0,95;-4,925;-1,655;False;6,379;0
Euro Stoxx 50;Indici;Breakout Donchian 20;Solo long;5;265;50,566;-0,157;-1,648;202;52,475;-0,062;-1,655;0,921;-1,872;-1,655;False;3,867;0
DAX;Indici;Prezzo vs SMA20;Long+Short;40;59;40,678;-1,031;-1,656;42;40,476;-1,385;-1,353;0,602;-8,63;-1,656;False;13,117;0
Oro;Commodities;Reversione RSI2;Solo short;3;185;44,324;-0,195;-1,658;151;45,695;-0,104;0,269;0,863;-2,339;-1,658;False;2,804;0
S&P 500;Indici;Momentum 60g;Long+Short;5;464;53,879;-0,036;-1,658;337;52,226;-0,033;-1,294;0,962;-1,663;-1,658;False;3,407;0
DAX;Indici;Fine/inizio mese;Long+Short;3;111;47,748;-0,258;-1,659;80;53,75;0,293;0,792;1,449;3,475;-1,659;False;3,187;0
DAX;Indici;Fine/inizio mese;Solo long;3;111;47,748;-0,258;-1,659;80;53,75;0,293;0,792;1,449;3,475;-1,659;False;3,187;0
GBP/USD;Valute;EMA 10/30;Long+Short;3;801;48,689;-0,053;-1,659;584;49,658;-0,022;-0,565;0,938;-1,934;-1,659;False;1,584;0
DAX;Indici;Breakout Donchian 55;Long+Short;5;467;50,107;-0,065;-0,952;342;48,538;-0,16;-1,659;0,828;-8,107;-1,659;False;4,02;0
DAX;Indici;Momentum 60g + filtro VIX;Solo short;5;136;41,912;-0,187;-0,168;86;31,395;-0,607;-1,66;0,499;-7,75;-1,66;False;4,314;0
EUR/CHF;Valute;Momentum 20g;Long+Short;3;800;46,25;0,005;0,099;583;48,542;-0,035;-1,66;0,83;-3,005;-1,66;False;1,009;0
FTSE MIB;Indici;Momentum 60g + filtro VIX;Long+Short;3;673;47,4;-0,154;-1,661;469;53,305;-0,03;-1,222;0,955;-2,106;-1,661;False;3,35;0
DAX;Indici;Breakout Donchian 55;Long+Short;40;59;42,373;-0,878;-1,661;42;59,524;-0,711;-1,218;0,773;-4,431;-1,661;False;12,665;0
Euro Stoxx 50;Indici;SMA200 + Momentum20 concordi;Solo long;10;128;53,125;-0,319;-1,645;106;51,887;-0,107;-1,662;0,905;-1,689;-1,662;False;4,881;0
FTSE MIB;Indici;Breakout Donchian 20;Long+Short;20;117;43,59;-0,926;-1,662;85;49,412;0,057;-0,537;1,031;0,72;-1,662;False;10,441;0
Argento;Commodities;Reversione RSI2;Solo short;10;100;43,0;-0,967;-1,662;83;43,373;-1,386;-0,572;0,616;-17,057;-1,662;False;9,885;0
S&P 500;Indici;Breakout Donchian 55;Solo long;3;607;56,343;0,043;-1,662;433;55,889;0,052;-1,233;1,1;3,365;-1,662;False;2,13;0
Gas naturale;Commodities;Breakout Donchian 20;Solo short;1;1288;49,301;-0,007;-1,663;719;50,209;0,061;-0,017;1,044;6,547;-1,663;False;4,7;0
DAX;Indici;Momentum 5g;Long+Short;20;117;46,154;-0,677;-1,663;85;44,706;-0,642;-1,365;0,694;-8,095;-1,663;False;9,112;0
Nasdaq 100;Indici;Prezzo vs SMA200 + filtro VIX;Long+Short;3;667;54,573;0,044;-1,665;463;57,883;0,209;0,56;1,306;14,387;-1,665;False;2,859;0
DAX;Indici;EMA 20/50;Solo long;5;326;53,988;-0,056;-1,665;253;55,336;0,041;-1,099;1,055;1,556;-1,665;False;3,73;0
Petrolio WTI;Commodities;ADX>20 + direzione DI;Long+Short;60;36;41,667;-5,187;-1,665;24;37,5;-1,341;-0,359;0,853;-4,774;-1,665;False;32,917;0
DAX;Indici;Prezzo vs SMA100;Solo long;3;545;50,275;-0,045;-1,665;418;52,871;0,077;-0,312;1,143;4,769;-1,665;False;2,628;0
S&P 500;Indici;Prezzo vs SMA20;Long+Short;60;39;56,41;-0,195;-1,665;27;62,963;1,021;-0,937;1,379;4,091;-1,665;False;11,09;0
Petrolio WTI;Commodities;Prezzo vs SMA100;Long+Short;1;2314;48,92;-0,07;-1,666;1693;49,262;-0,06;-0,848;0,941;-15,041;-1,666;False;3,578;0
EUR/USD;Valute;Prezzo vs SMA20;Long+Short;40;61;50,82;0,191;0,524;42;38,095;-0,735;-1,666;0,516;-4,577;-1,666;False;5,276;0
FTSE MIB;Indici;Prezzo vs SMA50;Long+Short;1;2336;49,187;-0,047;-1,576;1714;47,258;-0,047;-1,666;0,882;-11,911;-1,666;False;1,79;0
Argento;Commodities;Prezzo vs SMA200;Solo long;1;877;39,339;-0,121;-1,668;1155;40,779;-0,081;-0,909;0,877;-13,846;-1,668;False;2,444;0
GBP/USD;Valute;Momentum 20g;Long+Short;40;61;52,459;0,123;0,376;42;38,095;-0,808;-1,669;0,523;-5,034;-1,669;False;5,305;0
Gas naturale;Commodities;ADX>25 + direzione DI;Solo long;3;138;44,928;-0,849;-1,669;156;47,436;-0,425;-0,954;0,856;-9,841;-1,669;False;10,406;0
S&P 500;Indici;Breakout Donchian 20;Long+Short;40;58;48,276;-0,528;-1,67;42;59,524;-0,341;-1,21;0,871;-2,125;-1,67;False;9,791;0
EUR/CHF;Valute;EMA 20/50;Long+Short;3;801;45,069;-0,022;-0,831;584;48,973;-0,033;-1,671;0,845;-2,867;-1,671;False;1,04;0
Argento;Commodities;Momentum 20g;Long+Short;3;771;47,601;0,06;0,599;565;44,956;-0,262;-1,671;0,827;-21,949;-1,671;False;4,38;0
S&P 500;Indici;Momentum 10g;Solo short;5;221;36,652;-0,483;-1,671;159;45,283;-0,313;-0,249;0,756;-7,383;-1,671;False;3,926;0
EUR/CHF;Valute;Momentum 20g;Long+Short;5;480;45,833;0,011;0,151;350;47,429;-0,061;-1,671;0,789;-3,185;-1,671;False;1,318;0
Bitcoin;Cripto;EMA 50/200;Solo long;1;1115;52,735;0,214;0,041;1608;47,948;0,016;-1,671;1,015;3,782;-1,671;False;5,497;0
S&P 500;Indici;ADX>20 + direzione DI;Long+Short;60;33;63,636;-0,047;-0,53;23;52,174;-1,731;-1,672;0,579;-5,905;-1,672;False;12,018;0
DAX;Indici;Momentum 120g + filtro VIX;Long+Short;5;411;52,555;0,05;-0,261;286;51,748;-0,077;-1,672;0,897;-3,286;-1,672;False;3,618;0
Oro;Commodities;Momentum 120g + filtro VIX;Solo long;1;1108;44,946;-0,047;-1,672;969;52,735;-0,015;-0,944;0,961;-2,151;-1,672;False;1,454;0
S&P 500;Indici;ADX>20 + direzione DI;Solo long;10;96;65,625;0,051;-1,673;78;62,821;0,305;-0,759;1,362;3,533;-1,673;False;3,714;0
DAX;Indici;Momentum 60g + filtro VIX;Long+Short;20;110;50,909;0,439;0,319;78;55,128;-0,647;-1,674;0,684;-7,486;-1,674;False;8,144;0
GBP/USD;Valute;Prezzo vs SMA100;Long+Short;1;2403;48,19;-0,018;-1,625;1754;48,233;-0,022;-1,675;0,896;-5,613;-1,675;False;1,086;0
Petrolio WTI;Commodities;Reversione RSI2 nel trend SMA200;Long+Short;3;123;43,902;-0,439;-1,677;94;55,319;0,196;0,486;1,118;2,737;-1,677;False;6,401;0
Bitcoin;Cripto;EMA 50/200 + filtro VIX;Solo long;1;941;53,879;0,295;0,639;1351;47,668;0,012;-1,678;1,012;2,439;-1,678;False;5,117;0
Nasdaq 100;Indici;Prezzo vs SMA20;Long+Short;20;116;54,31;-0,117;-1,678;84;53,571;-0,184;-1,263;0,928;-2,298;-1,678;False;8,531;0
EUR/CHF;Valute;EMA 50/200;Long+Short;3;801;49,189;0,008;-0,155;584;50,342;-0,024;-1,678;0,882;-2,121;-1,678;False;1,029;0
EUR/CHF;Valute;Momentum 20g;Solo long;3;413;42,615;-0,027;0,11;296;44,595;-0,076;-1,679;0,689;-3,335;-1,679;False;1,056;0
Euro Stoxx 50;Indici;Breakout Donchian 55;Solo short;1;924;45,563;-0,072;-1,679;540;46,481;-0,058;-0,544;0,89;-4,647;-1,679;False;1,951;0
GBP/USD;Valute;Breakout Donchian 55;Long+Short;5;481;48,233;-0,04;-0,807;350;48,571;-0,109;-1,679;0,78;-5,667;-1,679;False;1,989;0
EUR/CHF;Valute;Momentum 5g;Long+Short;60;41;34,146;-0,984;-1,679;28;57,143;0,238;0,434;1,404;0,988;-1,679;False;4,509;0
Ethereum;Cripto;Reversione RSI2;Solo short;5;32;56,25;0,026;0,084;153;41,83;-2,217;-1,68;0,497;-50,295;-1,68;False;16,718;0
FTSE MIB;Indici;EMA 10/30;Solo long;1;1284;48,52;-0,089;-1,594;1190;50,42;-0,046;-1,68;0,863;-8,135;-1,68;False;1,568;0
FTSE MIB;Indici;EMA 10/30;Solo long;3;449;49,22;-0,15;-1,466;408;54,902;-0,043;-1,681;0,935;-2,586;-1,681;False;3,116;0
USD/JPY;Valute;Acquisto su picco VIX;Long+Short;5;73;39,726;-0,196;-1,681;56;55,357;0,056;-0,266;1,088;0,465;-1,681;False;2,983;0
USD/JPY;Valute;Acquisto su picco VIX;Solo long;5;73;39,726;-0,196;-1,681;56;55,357;0,056;-0,266;1,088;0,465;-1,681;False;2,983;0
EUR/USD;Valute;EMA 50/200;Solo long;1;1025;49,073;-0,023;-0,888;987;45,491;-0,021;-1,682;0,878;-3,074;-1,682;False;0,968;0
GBP/USD;Valute;EMA 50/200;Solo short;1;1433;48,779;-0,014;-1,308;604;46,192;-0,047;-1,684;0,823;-4,195;-1,684;False;1,196;0
S&P 500;Indici;Momentum 60g;Solo short;10;77;32,468;-1,024;-1,684;50;40,0;-0,657;-0,164;0,721;-4,875;-1,684;False;5,755;0
Argento;Commodities;EMA 50/200;Long+Short;3;771;50,584;-0,018;-0,188;565;48,142;-0,202;-1,684;0,864;-16,957;-1,684;False;4,58;0
Euro Stoxx 50;Indici;ADX>25 + direzione DI;Solo long;3;114;46,491;-0,159;-1,684;99;52,525;-0,081;-1,382;0,837;-1,189;-1,684;False;2,261;0
USD/JPY;Valute;SMA200 + Momentum20 concordi;Solo short;1;706;45,184;-0,028;-0,969;395;43,038;-0,077;-1,686;0,714;-4,501;-1,686;False;1,231;0
GBP/USD;Valute;SMA200 + Momentum20 concordi;Long+Short;1;1574;47,205;-0,019;-1,366;1170;47,436;-0,027;-1,688;0,873;-4,608;-1,688;False;1,096;0
Euro Stoxx 50;Indici;SMA200 + Momentum20 concordi;Solo long;3;355;53,239;-0,058;-1,23;312;55,128;-0,027;-1,689;0,947;-1,242;-1,689;False;2,501;0
Nasdaq 100;Indici;Momentum 10g;Solo long;5;343;56,56;0,121;-1,689;247;59,109;0,437;0,383;1,531;16,01;-1,689;False;3,994;0
Oro;Commodities;Momentum 60g;Long+Short;60;39;33,333;-1,855;-1,691;27;59,259;3,544;1,417;2,568;14,189;-1,691;False;12,548;0
FTSE MIB;Indici;Momentum 60g + filtro VIX;Solo short;5;184;51,63;-0,043;-0,169;64;35,938;-0,804;-1,691;0,485;-7,637;-1,691;False;4,872;0
Bitcoin;Cripto;Momentum 10g;Long+Short;1;1732;49,48;0,116;0,91;2462;45,004;-0,092;-1,692;0,916;-33,531;-1,692;False;4,744;0
USD/JPY;Valute;Prezzo vs SMA20;Solo short;1;1152;45,226;-0,037;-1,692;707;43,281;-0,03;-0,297;0,88;-3,162;-1,692;False;1,173;0
EUR/USD;Valute;Reversione RSI2;Solo long;5;146;48,63;-0,001;0,415;104;41,346;-0,144;-1,692;0,665;-2,218;-1,692;False;1,853;0
EUR/USD;Valute;EMA 50/200 + filtro VIX;Long+Short;1;2003;49,326;-0,01;-0,96;1407;47,69;-0,019;-1,693;0,889;-3,913;-1,693;False;1,005;0
DAX;Indici;Fine/inizio mese;Long+Short;5;111;53,153;-0,314;-1,693;80;61,25;0,543;1,012;1,602;6,446;-1,693;False;4,856;0
DAX;Indici;Fine/inizio mese;Solo long;5;111;53,153;-0,314;-1,693;80;61,25;0,543;1,012;1,602;6,446;-1,693;False;4,856;0
S&P 500;Indici;ADX>25 + direzione DI;Solo short;3;118;38,136;-0,422;-1,358;86;33,721;-0,662;-1,694;0,536;-8,449;-1,694;False;3,657;0
Nasdaq 100;Indici;ADX>20 + direzione DI;Solo long;3;253;53,755;0,031;-1,695;213;59,624;0,194;-0,095;1,305;6,141;-1,695;False;2,683;0
Gas naturale;Commodities;ADX>25 + direzione DI;Long+Short;20;52;44,231;-2,989;-1,696;48;43,75;-2,795;-1,331;0,686;-19,897;-1,696;False;28,811;0
Argento;Commodities;Momentum 120g + filtro VIX;Long+Short;1;1936;40,393;-0,05;-1,698;1360;40,515;-0,069;-1,132;0,885;-13,863;-1,698;False;2,081;0
S&P 500;Indici;EMA 10/30;Solo long;3;568;58,275;0,044;-1,699;420;56,905;0,09;-0,706;1,187;5,592;-1,699;False;2,128;0
GBP/USD;Valute;Prezzo vs SMA50;Solo short;1;1167;47,986;-0,021;-1,7;858;47,086;-0,031;-1,446;0,864;-3,903;-1,7;False;1,134;0
S&P 500;Indici;Prezzo vs SMA200 + filtro VIX;Long+Short;5;407;58,968;0,041;-1,7;284;60,211;0,2;0,073;1,312;8,415;-1,7;False;2,982;0
DAX;Indici;EMA 20/50;Solo long;1;1587;50,473;-0,04;-1,504;1235;51,984;-0,03;-1,701;0,899;-5,513;-1,701;False;1,39;0
Euro Stoxx 50;Indici;Prezzo vs SMA20;Long+Short;10;231;47,619;-0,184;-0,94;168;48,214;-0,426;-1,701;0,722;-10,624;-1,701;False;5,955;0
DAX;Indici;ADX>20 + direzione DI;Solo short;40;35;28,571;-1,76;-0,209;22;22,727;-4,019;-1,704;0,171;-13,117;-1,704;False;12,677;0
DAX;Indici;ADX>25 + direzione DI;Solo long;1;347;50,432;-0,044;-0,901;295;50,847;-0,062;-1,704;0,774;-2,72;-1,704;False;1,34;0
Euro Stoxx 50;Indici;Momentum 60g;Solo long;5;306;54,575;-0,033;-0,834;241;53,112;-0,058;-1,705;0,928;-2,066;-1,705;False;3,701;0
DAX;Indici;Breakout Donchian 20;Solo long;3;451;52,106;0,006;-0,83;345;50,435;-0,049;-1,705;0,922;-2,522;-1,705;False;2,653;0
Petrolio WTI;Commodities;Breakout Donchian 55 + filtro VIX;Long+Short;5;407;54,054;-0,033;-0,177;286;44,755;-0,517;-1,707;0,767;-21,931;-1,707;False;8,185;0
Oro;Commodities;Reversione RSI2 nel trend SMA200;Solo short;3;65;36,923;-0,284;-1,708;22;50,0;-0,288;-0,392;0,646;-0,941;-1,708;False;2,138;0
Nasdaq 100;Indici;Momentum 60g + filtro VIX;Long+Short;60;39;61,538;0,504;-1,708;25;60,0;0,613;-0,674;1,165;2,274;-1,708;False;15,424;0
S&P 500;Indici;Momentum 5g;Solo long;5;354;59,322;0,055;-1,649;251;57,371;0,027;-1,708;1,035;0,989;-1,708;False;3,299;0
Gas naturale;Commodities;Prezzo vs SMA100;Solo short;1;1297;50,116;-0,008;-1,71;850;51,412;0,069;0,037;1,049;8,687;-1,71;False;4,761;0
USD/JPY;Valute;Fine/inizio mese;Long+Short;5;111;51,351;-0,012;-0,366;80;51,25;-0,134;-1,71;0,745;-1,59;-1,71;False;2,421;0
USD/JPY;Valute;Fine/inizio mese;Solo long;5;111;51,351;-0,012;-0,366;80;51,25;-0,134;-1,71;0,745;-1,59;-1,71;False;2,421;0
Nasdaq 100;Indici;Momentum 5g;Long+Short;60;39;56,41;0,42;-1,047;27;59,259;0,428;-1,71;1,115;1,716;-1,71;False;15,239;0
DAX;Indici;Breakout Donchian 55 + filtro VIX;Solo short;3;178;39,888;-0,32;-1,71;111;36,036;-0,344;-1,421;0,599;-5,661;-1,71;False;3,054;0
DAX;Indici;SMA200 + Momentum20 concordi;Long+Short;10;196;54,082;-0,025;-0,734;145;48,276;-0,349;-1,71;0,764;-7,506;-1,71;False;5,877;0
DAX;Indici;Momentum 60g + filtro VIX;Long+Short;10;213;52,113;0,033;-0,454;149;51,678;-0,234;-1,712;0,811;-5,162;-1,712;False;5,438;0
S&P 500;Indici;Momentum 5g;Solo short;1;905;43,425;-0,089;-1,683;681;43,465;-0,103;-1,712;0,786;-10,373;-1,712;False;1,477;0
DAX;Indici;EMA 50/200 + filtro VIX;Long+Short;3;672;49,702;-0,078;-1,713;470;48,298;0,034;-0,562;1,062;2,376;-1,713;False;2,769;0
Nasdaq 100;Indici;Prezzo vs SMA200;Long+Short;10;232;55,172;0,135;-1,713;168;61,31;0,427;-0,14;1,313;10,645;-1,713;False;6,147;0
DAX;Indici;Momentum 20g;Long+Short;40;59;45,763;-0,341;-0,9;42;42,857;-1,863;-1,713;0,499;-11,61;-1,713;False;13,117;0
GBP/USD;Valute;Momentum 60g + filtro VIX;Long+Short;60;39;58,974;0,642;1,022;27;40,741;-1,308;-1,714;0,422;-5,238;-1,714;False;6,424;0
FTSE MIB;Indici;Prezzo vs SMA50;Solo long;1;1280;49,297;-0,079;-1,197;1188;49,916;-0,045;-1,714;0,861;-8,005;-1,714;False;1,552;0
Euro Stoxx 50;Indici;Breakout Donchian 20;Solo short;10;120;37,5;-0,738;-1,715;86;34,884;-0,761;-0,79;0,633;-9,708;-1,715;False;6,265;0
Euro Stoxx 50;Indici;EMA 20/50;Solo long;5;293;53,242;-0,143;-1,715;242;57,025;0,029;-1,126;1,042;1,05;-1,715;False;3,667;0
GBP/USD;Valute;Momentum 5g;Long+Short;40;61;57,377;0,686;2,092;42;38,095;-0,854;-1,715;0,503;-5,318;-1,715;False;4,932;0
FTSE MIB;Indici;Momentum 60g + filtro VIX;Solo long;1;1211;48,72;-0,081;-1,334;1145;50,131;-0,046;-1,719;0,859;-7,781;-1,719;False;1,55;0
FTSE MIB;Indici;Momentum 60g + filtro VIX;Solo short;10;106;47,17;-0,189;-0,303;40;32,5;-1,377;-1,719;0,323;-8,172;-1,719;False;6,526;0
S&P 500;Indici;Momentum 10g;Solo long;5;348;58,908;0,055;-1,72;251;62,55;0,309;0,397;1,515;11,498;-1,72;False;2,872;0
USD/JPY;Valute;Momentum 5g;Long+Short;3;800;45,875;-0,057;-1,722;584;47,774;-0,015;-0,558;0,96;-1,306;-1,722;False;1,746;0
S&P 500;Indici;Momentum 5g;Solo short;3;392;38,52;-0,231;-1,321;288;38,889;-0,362;-1,722;0,634;-15,46;-1,722;False;2,684;0
GBP/USD;Valute;EMA 50/200;Long+Short;3;801;47,566;-0,021;-0,756;584;48,116;-0,067;-1,722;0,824;-5,804;-1,722;False;1,572;0
EUR/CHF;Valute;Breakout Donchian 55;Long+Short;60;41;58,537;0,575;0,734;28;32,143;-0,346;-1,724;0,609;-1,438;-1,724;False;3,919;0
Gas naturale;Commodities;ADX>25 + direzione DI;Long+Short;5;148;43,243;-0,91;-1,563;142;44,366;-1,143;-1,725;0,718;-24,066;-1,725;False;14,802;0
Euro Stoxx 50;Indici;Momentum 120g + filtro VIX;Long+Short;20;108;47,222;-0,616;-1,726;78;53,846;-0,077;-0,733;0,955;-0,888;-1,726;False;7,785;0
EUR/CHF;Valute;Momentum 120g;Solo long;3;337;44,51;-0,033;-0,087;208;42,788;-0,087;-1,726;0,627;-2,674;-1,726;False;1,028;0
Ethereum;Cripto;Momentum 5g;Long+Short;1;583;46,312;0,072;0,383;2462;45,004;-0,131;-1,727;0,912;-47,758;-1,727;False;5,839;0
Bitcoin;Cripto;Momentum 5g;Solo short;1;747;42,035;-0,148;0,424;1145;42,096;-0,318;-1,727;0,746;-53,962;-1,727;False;4,981;0
DAX;Indici;Prezzo vs SMA100;Solo long;1;1574;50,508;-0,037;-1,449;1224;52,042;-0,029;-1,728;0,899;-5,227;-1,728;False;1,344;0
EUR/USD;Valute;Reversione RSI2 nel trend SMA200;Solo long;5;49;51,02;0,179;1,188;45;37,778;-0,223;-1,728;0,483;-1,488;-1,728;False;1,849;0
FTSE MIB;Indici;EMA 20/50;Solo long;1;1289;48,798;-0,071;-1,055;1295;50,425;-0,046;-1,73;0,865;-8,93;-1,73;False;1,577;0
Nasdaq 100;Indici;EMA 20/50;Solo long;5;377;57,56;0,135;-1,73;259;56,757;0,366;-0,04;1,458;14,054;-1,73;False;3,619;0
Nasdaq 100;Indici;Prezzo vs SMA200 + filtro VIX;Long+Short;20;109;59,633;0,444;-1,73;76;71,053;1,606;0,649;1,966;18,105;-1,73;False;7,815;0
Euro Stoxx 50;Indici;Momentum 5g;Solo long;3;521;49,52;-0,097;-1,73;378;54,762;0,135;0,372;1,242;7,558;-1,73;False;2,836;0
S&P 500;Indici;Prezzo vs SMA100;Long+Short;40;58;55,172;-0,093;-1,567;42;59,524;-0,353;-1,731;0,867;-2,202;-1,731;False;10,859;0
EUR/CHF;Valute;Breakout Donchian 55;Solo short;40;45;48,889;0,429;-0,029;29;34,483;-0,203;-1,731;0,704;-0,872;-1,731;False;2,847;0
S&P 500;Indici;Breakout Donchian 55;Long+Short;5;464;54,741;0,006;-1,319;337;50,742;-0,088;-1,734;0,903;-4,382;-1,734;False;3,441;0
Oro;Commodities;ADX>20 + direzione DI;Long+Short;3;478;47,908;0,054;0,679;389;48,586;-0,159;-1,734;0,816;-9,151;-1,734;False;2,826;0
Euro Stoxx 50;Indici;Breakout Donchian 20;Solo short;3;360;40,556;-0,248;-1,735;253;40,316;-0,353;-1,567;0,664;-13,237;-1,735;False;3,32;0
EUR/CHF;Valute;Prezzo vs SMA100;Long+Short;3;801;44,694;-0,024;-0,936;584;49,658;-0,034;-1,736;0,841;-2,94;-1,736;False;1,017;0
Euro Stoxx 50;Indici;ADX>25 + direzione DI;Solo short;3;144;45,139;-0,153;-0,629;79;30,38;-0,769;-1,736;0,495;-9,014;-1,736;False;3,993;0
Gas naturale;Commodities;Acquisto su picco VIX;Long+Short;10;41;34,146;-2,445;-1,736;34;44,118;0,611;-0,122;1,118;3,08;-1,736;False;19,776;0
Gas naturale;Commodities;Acquisto su picco VIX;Solo long;10;41;34,146;-2,445;-1,736;34;44,118;0,611;-0,122;1,118;3,08;-1,736;False;19,776;0
DAX;Indici;Momentum 10g;Solo long;1;1349;50,259;-0,029;-0,932;1004;50,896;-0,033;-1,737;0,885;-4,91;-1,737;False;1,344;0
DAX;Indici;Prezzo vs SMA200 + filtro VIX;Long+Short;10;213;48,357;-0,231;-1,737;149;57,718;0,065;-0,897;1,06;1,434;-1,737;False;5,432;0
Nasdaq 100;Indici;EMA 50/200;Solo short;3;49;26,531;-0,734;-1,738;99;47,475;-0,155;0,172;0,884;-2,27;-1,738;False;4,478;0
DAX;Indici;EMA 10/30;Long+Short;5;467;48,822;-0,169;-1,74;342;50,877;-0,078;-1,061;0,911;-3,983;-1,74;False;4,011;0
S&P 500;Indici;Prezzo vs SMA200 + filtro VIX;Solo long;3;628;58,439;0,041;-1,742;410;57,073;0,122;-0,254;1,271;7,448;-1,742;False;2,089;0
GBP/USD;Valute;Momentum 120g;Long+Short;5;481;49,064;0,013;0,251;350;47,429;-0,113;-1,742;0,773;-5,887;-1,742;False;1,915;0
Nasdaq 100;Indici;Breakout Donchian 55;Long+Short;10;232;53,448;0,031;-1,744;168;55,952;-0,086;-1,451;0,947;-2,148;-1,744;False;6,248;0
DAX;Indici;Prezzo vs SMA200;Solo long;1;1660;50,723;-0,022;-0,721;1344;52,232;-0,028;-1,744;0,902;-5,61;-1,744;False;1,372;0
Nasdaq 100;Indici;EMA 10/30;Long+Short;60;39;61,538;0,542;-1,744;27;66,667;2,144;-0,609;1,744;8,586;-1,744;False;16,376;0
Euro Stoxx 50;Indici;ADX>20 + direzione DI;Long+Short;20;83;42,169;-0,813;-1,745;52;48,077;-0,149;-0,165;0,936;-1,148;-1,745;False;7,943;0
Nasdaq 100;Indici;Breakout Donchian 55 + filtro VIX;Solo long;5;350;56,0;0,128;-1,745;230;60,0;0,259;-0,737;1,326;8,852;-1,745;False;3,532;0
DAX;Indici;Breakout Donchian 20;Solo short;1;1001;48,152;-0,01;-0,471;703;44,097;-0,077;-1,746;0,81;-8,045;-1,746;False;1,605;0
USD/JPY;Valute;EMA 50/200;Solo short;1;1059;46,742;-0,025;-1,054;532;46,241;-0,068;-1,746;0,727;-5,336;-1,746;False;1,127;0
Petrolio WTI;Commodities;Momentum 60g + filtro VIX;Solo long;5;257;54,086;0,106;0,427;162;54,321;-0,344;-1,747;0,821;-8,273;-1,747;False;7,951;0
Euro Stoxx 50;Indici;EMA 50/200;Solo short;10;95;45,263;-0,195;-0,124;38;31,579;-1,569;-1,748;0,36;-8,843;-1,748;False;7,286;0
Argento;Commodities;Breakout Donchian 55;Long+Short;10;232;41,379;-0,603;-1,749;168;45,833;-0,061;-0,629;0,977;-1,514;-1,749;False;8,893;0
Gas naturale;Commodities;Prezzo vs SMA50;Long+Short;5;463;49,892;-0,251;-0,983;339;47,493;-0,999;-1,749;0,761;-50,242;-1,749;False;12,803;0
Euro Stoxx 50;Indici;EMA 50/200;Solo short;3;306;41,83;-0,138;-0,742;123;43,089;-0,536;-1,751;0,593;-9,781;-1,751;False;3,969;0
DAX;Indici;Prezzo vs SMA200;Long+Short;20;117;50,427;-0,529;-1,751;85;49,412;-0,288;-1,413;0,85;-3,627;-1,751;False;9,1;0
DAX;Indici;SMA200 + Momentum20 concordi;Solo long;5;264;54,924;0,032;-0,985;210;53,333;-0,033;-1,752;0,954;-1,016;-1,752;False;3,352;0
Gas naturale;Commodities;EMA 20/50;Solo short;3;438;47,945;-0,249;-1,753;285;50,877;-0,288;-0,249;0,903;-12,176;-1,753;False;9,651;0
GBP/USD;Valute;Prezzo vs SMA50;Solo long;1;1236;46,359;-0,033;-1,754;896;47,098;-0,027;-1,751;0,862;-3,653;-1,754;False;1,048;0
Euro Stoxx 50;Indici;ADX>20 + direzione DI;Long+Short;3;442;47,059;-0,164;-1,754;266;48,12;-0,119;-0,849;0,863;-4,689;-1,754;False;3,25;0
Nasdaq 100;Indici;Prezzo vs SMA100;Long+Short;40;58;58,621;0,108;-1,756;42;59,524;0,259;-1,212;1,077;1,613;-1,756;False;12,386;0
Nasdaq 100;Indici;Breakout Donchian 55;Long+Short;5;464;56,034;0,002;-1,756;337;51,039;-0,1;-1,655;0,916;-4,981;-1,756;False;4,507;0
S&P 500;Indici;ADX>25 + direzione DI;Solo short;1;317;40,379;-0,162;-1,757;235;44,255;-0,168;-1,266;0,766;-5,845;-1,757;False;1,957;0
USD/JPY;Valute;EMA 20/50;Long+Short;1;2403;46,151;-0,02;-1,758;1754;51,14;0,003;-0,307;1,015;0,774;-1,758;False;1,156;0
Nasdaq 100;Indici;Prezzo vs SMA20;Solo long;5;355;56,338;0,114;-1,759;253;55,731;0,274;-0,589;1,311;10,297;-1,759;False;3,913;0
Euro Stoxx 50;Indici;Momentum 120g;Long+Short;1;2302;48,393;-0,038;-1,76;1695;49,971;-0,02;-1,125;0,947;-5,066;-1,76;False;1,601;0
Euro Stoxx 50;Indici;ADX>20 + direzione DI;Long+Short;5;273;46,886;-0,264;-1,76;166;48,193;-0,179;-0,772;0,836;-4,403;-1,76;False;4,268;0
DAX;Indici;Prezzo vs SMA20;Long+Short;60;39;48,718;-2,041;-1,761;28;60,714;1,588;0,627;1,727;6,598;-1,761;False;18,129;0
Oro;Commodities;Breakout Donchian 55 + filtro VIX;Solo short;3;314;43,949;-0,187;-1,761;133;47,368;-0,162;-0,083;0,776;-3,202;-1,761;False;2,638;0
EUR/USD;Valute;Momentum 120g + filtro VIX;Solo short;1;1146;48,778;-0,02;-1,762;620;48,71;-0,01;-0,451;0,941;-0,888;-1,762;False;1,047;0
S&P 500;Indici;Prezzo vs SMA100;Solo short;20;48;22,917;-2,057;-1,762;27;40,741;-1,444;-0,229;0,607;-5,786;-1,762;False;8,737;0
EUR/USD;Valute;Momentum 10g;Long+Short;5;481;47,193;-0,095;-1,762;350;49,714;-0,058;-1,015;0,862;-3,025;-1,762;False;1,981;0
Euro Stoxx 50;Indici;EMA 50/200 + filtro VIX;Solo long;1;1239;50,202;-0,039;-1,763;1119;52,1;0,001;-0,95;1,005;0,217;-1,763;False;1,318;0
Nasdaq 100;Indici;EMA 20/50;Solo short;1;484;43,388;-0,126;-1,714;425;44,706;-0,188;-1,763;0,748;-11,823;-1,763;False;2,138;0
Nasdaq 100;Indici;Prezzo vs SMA200 + filtro VIX;Solo short;10;25;28,0;-1,831;-1,763;22;63,636;1,326;1,575;1,669;4,328;-1,763;False;7,479;0
Petrolio WTI;Commodities;Reversione RSI2 nel trend SMA200;Solo short;10;39;28,205;-1,743;-1,763;46;65,217;0,076;0,476;1,022;0,517;-1,763;False;12,044;0
Gas naturale;Commodities;Breakout Donchian 20;Long+Short;1;2314;47,407;-0,079;-1,763;1696;49,057;-0,019;-0,1;0,987;-4,885;-1,763;False;4,903;0
Oro;Commodities;EMA 50/200;Solo short;10;108;46,296;-0,121;0,07;32;31,25;-1,573;-1,764;0,271;-7,464;-1,764;False;4,934;0
USD/JPY;Valute;Momentum 20g;Long+Short;1;2402;47,211;-0,019;-1,67;1754;48,689;-0,02;-1,764;0,906;-5,283;-1,764;False;1,147;0
S&P 500;Indici;Momentum 5g;Long+Short;20;116;52,586;-0,153;-0,827;84;52,381;-0,571;-1,764;0,738;-7,114;-1,764;False;7,703;0
Oro;Commodities;SMA200 + Momentum20 concordi;Solo short;1;715;47,273;-0,051;-1,765;273;45,788;-0,109;-1,443;0,745;-4,426;-1,765;False;1,479;0
S&P 500;Indici;Prezzo vs SMA200 + filtro VIX;Solo short;10;23;21,739;-1,626;-1,766;23;43,478;-0,069;0,543;0,96;-0,235;-1,766;False;5,891;0
Nasdaq 100;Indici;Momentum 60g + filtro VIX;Long+Short;3;667;54,123;0,013;-1,766;463;57,235;0,191;0,68;1,276;13,154;-1,766;False;2,803;0
EUR/USD;Valute;Momentum 10g;Solo short;5;306;48,039;-0,078;-1,767;222;51,351;-0,042;-0,439;0,902;-1,382;-1,767;False;2,105;0
EUR/CHF;Valute;Momentum 5g;Solo long;1;1095;40,274;-0,027;-1,408;805;44,969;-0,027;-1,769;0,798;-3,229;-1,769;False;0,692;0
Euro Stoxx 50;Indici;Momentum 20g;Long+Short;20;116;43,966;-0,731;-1,77;83;46,988;0,37;0,423;1,241;4,555;-1,77;False;6,851;0
USD/JPY;Valute;Momentum 10g;Solo short;1;1174;45,315;-0,038;-1,77;709;43,159;-0,041;-0,808;0,831;-4,345;-1,77;False;1,147;0
Nasdaq 100;Indici;Momentum 60g;Solo short;20;44;22,727;-2,53;-1,771;34;32,353;-2,343;-0,723;0,401;-11,821;-1,771;False;10,136;0
Gas naturale;Commodities;ADX>25 + direzione DI;Long+Short;10;82;42,683;-1,9;-1,771;80;42,5;-1,815;-1,508;0,7;-21,53;-1,771;False;21,821;0
Euro Stoxx 50;Indici;Momentum 5g;Solo long;5;337;54,303;-0,155;-1,773;249;56,225;0,199;0,146;1,27;7,355;-1,773;False;4,063;0
S&P 500;Indici;Prezzo vs SMA200;Long+Short;3;772;54,145;-0,005;-1,774;564;55,496;0,034;-0,552;1,052;2,864;-1,774;False;2,51;0
Nasdaq 100;Indici;Momentum 60g;Solo short;1;508;42,126;-0,127;-1,774;480;45,833;-0,128;-1,159;0,813;-9,138;-1,774;False;2,091;0
EUR/CHF;Valute;Breakout Donchian 20;Solo long;20;57;42,105;-0,383;-0,614;36;38,889;-0,586;-1,776;0,323;-3,127;-1,776;False;3,922;0
FTSE MIB;Indici;EMA 20/50;Long+Short;1;2336;48,587;-0,039;-1,268;1714;48,133;-0,05;-1,776;0,873;-12,81;-1,776;False;1,844;0
USD/JPY;Valute;Fine/inizio mese;Long+Short;1;111;46,847;-0,08;-1,776;81;49,383;-0,077;-1,512;0,684;-0,924;-1,776;False;1,271;0
USD/JPY;Valute;Fine/inizio mese;Solo long;1;111;46,847;-0,08;-1,776;81;49,383;-0,077;-1,512;0,684;-0,924;-1,776;False;1,271;0
EUR/USD;Valute;EMA 10/30;Long+Short;10;241;46,058;-0,171;-1,777;174;50,0;0,082;0,743;1,155;2,103;-1,777;False;2,602;0
Petrolio WTI;Commodities;EMA 10/30;Long+Short;60;39;38,462;-4,81;-1,778;27;55,556;1,841;0,624;1,26;7,371;-1,778;False;28,105;0
DAX;Indici;Momentum 10g;Long+Short;3;777;48,005;-0,116;-1,778;572;45,455;-0,019;-0,473;0,973;-1,588;-1,778;False;2,929;0
FTSE MIB;Indici;EMA 50/200;Long+Short;1;2336;49,187;-0,028;-0,774;1714;49,475;-0,051;-1,778;0,872;-12,897;-1,778;False;1,834;0
EUR/CHF;Valute;Prezzo vs SMA20;Long+Short;20;121;46,281;-0,11;-0,566;86;50,0;-0,219;-1,778;0,617;-2,787;-1,778;False;2,577;0
Petrolio WTI;Commodities;Breakout Donchian 55 + filtro VIX;Long+Short;60;39;41,026;-2,919;-0,898;26;46,154;-7,182;-1,778;0,38;-27,692;-1,778;False;38,863;0
EUR/CHF;Valute;Reversione RSI2;Solo short;1;261;48,659;-0,034;-1,779;196;48,98;-0,023;-1,099;0,857;-0,655;-1,779;False;0,8;0
EUR/CHF;Valute;Prezzo vs SMA200;Solo long;3;328;45,122;-0,022;0,313;184;44,022;-0,089;-1,78;0,629;-2,431;-1,78;False;0,984;0
DAX;Indici;Prezzo vs SMA200;Long+Short;1;2331;50,236;-0,014;-0,553;1716;50,991;-0,035;-1,781;0,897;-8,929;-1,781;False;1,557;0
Argento;Commodities;Momentum 20g;Solo short;1;1252;43,61;0,027;-0,173;743;39,031;-0,094;-1,783;0,843;-10,401;-1,783;False;2,11;0
Euro Stoxx 50;Indici;Breakout Donchian 55 + filtro VIX;Long+Short;5;406;50,739;-0,185;-1,783;284;57,746;0,056;-0,233;1,075;2,371;-1,783;False;3,844;0
DAX;Indici;Prezzo vs SMA100;Long+Short;1;2331;49,678;-0,035;-1,611;1716;50,291;-0,036;-1,785;0,893;-9,232;-1,785;False;1,54;0
Oro;Commodities;Prezzo vs SMA20;Solo long;3;442;48,416;0,008;-0,204;373;50,134;-0,036;-1,786;0,953;-1,987;-1,786;False;2,88;0
Oro;Commodities;Breakout Donchian 55;Long+Short;20;116;43,103;-0,682;-1,786;84;59,524;0,965;0,779;1,706;12,025;-1,786;False;7,417;0
DAX;Indici;EMA 50/200;Long+Short;5;467;50,964;-0,147;-1,786;342;53,216;-0,087;-1,506;0,902;-4,419;-1,786;False;4,237;0
Euro Stoxx 50;Indici;Breakout Donchian 20;Solo short;20;68;38,235;-1,363;-1,786;50;34,0;-1,152;-0,461;0,594;-8,548;-1,786;False;7,824;0
EUR/CHF;Valute;SMA200 + Momentum20 concordi;Solo long;10;85;43,529;-0,097;0,078;50;34,0;-0,31;-1,787;0,378;-2,301;-1,787;False;1,541;0
Nasdaq 100;Indici;EMA 10/30;Solo short;10;77;36,364;-1,344;-1,787;62;37,097;-1,11;-0,568;0,562;-10,213;-1,787;False;7,721;0
Oro;Commodities;EMA 20/50;Solo short;1;1133;45,543;-0,036;-1,788;549;46,63;-0,085;-1,555;0,79;-6,915;-1,788;False;1,402;0
S&P 500;Indici;ADX>25 + direzione DI;Solo short;5;76;35,526;-0,744;-1,789;59;38,983;-0,694;-0,828;0,645;-6,074;-1,789;False;4,787;0
Oro;Commodities;Acquisto su picco VIX;Long+Short;1;237;37,975;-0,142;-1,789;196;46,939;-0,14;-1,436;0,775;-4,077;-1,789;False;2,087;0
Oro;Commodities;Acquisto su picco VIX;Solo long;1;237;37,975;-0,142;-1,789;196;46,939;-0,14;-1,436;0,775;-4,077;-1,789;False;2,087;0
Gas naturale;Commodities;Prezzo vs SMA200;Long+Short;10;232;47,414;-0,501;-0,967;169;46,154;-2,118;-1,789;0,661;-53,073;-1,789;False;18,543;0
DAX;Indici;Prezzo vs SMA100;Long+Short;5;467;50,535;-0,164;-1,79;342;52,632;-0,024;-0,756;0,972;-1,205;-1,79;False;4,033;0
Euro Stoxx 50;Indici;Breakout Donchian 20;Solo short;5;226;36,283;-0,41;-1,791;158;35,443;-0,486;-1,192;0,654;-11,385;-1,791;False;4,258;0
DAX;Indici;EMA 50/200;Long+Short;10;234;51,709;-0,262;-1,793;170;50,588;-0,016;-1,133;0,987;-0,401;-1,793;False;6,577;0
Gas naturale;Commodities;Momentum 5g;Solo short;3;475;48,211;-0,245;-1,793;336;51,786;-0,196;-0,039;0,934;-9,752;-1,793;False;9,098;0
Oro;Commodities;EMA 50/200 + filtro VIX;Solo long;1;1091;44,913;-0,049;-1,722;1083;51,339;-0,041;-1,793;0,896;-6,63;-1,793;False;1,5;0
Bitcoin;Cripto;EMA 50/200 + filtro VIX;Long+Short;1;1424;50,421;0,109;0,425;1973;47,187;-0,063;-1,794;0,938;-18,408;-1,794;False;4,796;0
Gas naturale;Commodities;ADX>25 + direzione DI;Solo short;20;35;48,571;-3,644;-1,795;20;35,0;-2,199;-0,074;0,722;-6,522;-1,795;False;32,697;0
Gas naturale;Commodities;ADX>25 + direzione DI;Solo short;5;75;41,333;-1,373;-1,795;53;45,283;-1,494;-0,787;0,649;-11,741;-1,795;False;17,871;0
DAX;Indici;Breakout Donchian 55 + filtro VIX;Solo short;5;113;38,938;-0,467;-1,204;69;27,536;-0,695;-1,796;0,456;-7,118;-1,796;False;4,236;0
S&P 500;Indici;Momentum 20g;Long+Short;3;772;50,13;-0,05;-1,796;564;53,191;0,017;-0,427;1,025;1,399;-1,796;False;2,437;0
S&P 500;Indici;Momentum 60g + filtro VIX;Solo short;10;49;34,694;-1,076;-1,796;28;42,857;0,133;0,831;1,087;0,551;-1,796;False;5,238;0
Nasdaq 100;Indici;Breakout Donchian 20;Solo short;5;161;39,13;-0,673;-1,796;115;42,609;-0,45;-0,245;0,727;-7,677;-1,796;False;4,86;0
Argento;Commodities;ADX>20 + direzione DI;Long+Short;5;298;47,315;-0,019;-0,078;198;42,929;-0,582;-1,797;0,715;-17,075;-1,797;False;5,6;0
Oro;Commodities;Breakout Donchian 55;Solo short;3;351;44,444;-0,175;-1,798;152;48,684;-0,257;-0,672;0,691;-5,801;-1,798;False;2,654;0
Ethereum;Cripto;Reversione RSI2;Solo long;10;27;40,741;-3,845;-1,798;106;50,0;1,047;-0,82;1,248;16,46;-1,798;False;23,415;0
S&P 500;Indici;Breakout Donchian 20;Long+Short;20;116;51,724;-0,32;-1,799;84;59,524;-0,057;-1,08;0,97;-0,707;-1,799;False;7,292;0
DAX;Indici;EMA 50/200;Solo short;5;129;41,085;-0,649;-1,801;60;36,667;-0,787;-1,165;0,574;-7,007;-1,801;False;5,344;0
Gas naturale;Commodities;EMA 50/200 + filtro VIX;Solo short;5;249;49,799;-0,559;-1,804;147;51,701;0,211;0,849;1,061;4,599;-1,804;False;11,66;0
EUR/USD;Valute;Momentum 20g;Solo short;1;1278;47,574;-0,021;-1,806;888;47,973;-0,021;-1,257;0,884;-2,76;-1,806;False;1,057;0
S&P 500;Indici;Momentum 60g + filtro VIX;Solo short;3;122;36,066;-0,371;-1,806;67;44,776;-0,024;0,409;0,972;-0,24;-1,806;False;2,703;0
Nasdaq 100;Indici;Prezzo vs SMA100;Solo short;10;61;27,869;-1,419;-1,807;53;35,849;-1,368;-0,77;0,559;-10,754;-1,807;False;8,128;0
Gas naturale;Commodities;Prezzo vs SMA100;Long+Short;1;2314;48,271;-0,08;-1,807;1696;50,354;0,005;0,053;1,004;1,337;-1,807;False;4,847;0
Nasdaq 100;Indici;Momentum 5g;Long+Short;1;2315;50,67;-0,022;-1,604;1692;49,35;-0,047;-1,811;0,9;-11,674;-1,811;False;1,55;0
USD/JPY;Valute;SMA200 + Momentum20 concordi;Long+Short;3;576;48,438;0,012;0,231;444;48,649;-0,064;-1,812;0,843;-4,196;-1,812;False;1,777;0
Euro Stoxx 50;Indici;Momentum 120g + filtro VIX;Long+Short;10;208;44,712;-0,356;-1,813;148;51,351;-0,028;-0,885;0,976;-0,619;-1,813;False;5,343;0
EUR/USD;Valute;EMA 20/50;Solo short;1;1264;48,022;-0,022;-1,813;884;47,964;-0,02;-1,118;0,893;-2,557;-1,813;False;1,103;0
Petrolio WTI;Commodities;Breakout Donchian 55;Long+Short;1;2314;49,827;-0,009;-0,156;1693;47,785;-0,129;-1,817;0,877;-32,307;-1,817;False;3,574;0
Nasdaq 100;Indici;Breakout Donchian 55 + filtro VIX;Long+Short;10;209;50,718;0,047;-1,817;147;57,143;0,441;0,015;1,349;9,622;-1,817;False;5,372;0
Nasdaq 100;Indici;Prezzo vs SMA100;Solo short;1;459;42,266;-0,138;-1,818;410;46,341;-0,171;-1,476;0,778;-10,383;-1,818;False;2,257;0
Nasdaq 100;Indici;EMA 20/50;Long+Short;60;39;64,103;0,673;-1,819;27;70,37;4,069;0,768;3,121;16,297;-1,819;False;15,239;0
USD/JPY;Valute;Momentum 60g + filtro VIX;Solo short;1;921;45,168;-0,039;-1,819;435;42,759;-0,041;-0,621;0,825;-2,628;-1,819;False;1,126;0
Oro;Commodities;Prezzo vs SMA100;Solo long;1;1204;45,017;-0,054;-1,82;1185;51,814;-0,033;-1,511;0,922;-5,796;-1,82;False;1,587;0
Nasdaq 100;Indici;Prezzo vs SMA200;Solo long;3;678;56,195;0,06;-1,821;457;59,3;0,209;0,025;1,323;14,177;-1,821;False;2,876;0
Oro;Commodities;EMA 50/200;Long+Short;3;771;49,676;-0,008;-0,178;565;50,265;-0,054;-1,821;0,93;-4,545;-1,821;False;2,796;0
Argento;Commodities;Breakout Donchian 55;Long+Short;60;39;23,077;-4,031;-1,822;27;33,333;-0,082;-0,374;0,991;-0,327;-1,822;False;25,451;0
DAX;Indici;EMA 50/200;Long+Short;3;777;49,678;-0,098;-1,823;572;52,098;-0,054;-1,476;0,923;-4,587;-1,823;False;3,095;0
Euro Stoxx 50;Indici;Prezzo vs SMA100;Solo short;1;876;45,89;-0,085;-1,824;530;44,34;-0,098;-1,117;0,831;-7,712;-1,824;False;2,086;0
Nasdaq 100;Indici;Momentum 60g + filtro VIX;Solo long;3;576;56,076;0,058;-1,824;391;59,079;0,221;0,147;1,353;12,811;-1,824;False;2,756;0
Nasdaq 100;Indici;Momentum 5g;Long+Short;40;58;51,724;-0,045;-0,868;42;54,762;-1,248;-1,825;0,696;-7,774;-1,825;False;13,04;0
EUR/USD;Valute;Momentum 20g;Solo long;1;1124;46,886;-0,037;-1,827;866;45,381;-0,017;-1,199;0,905;-2,223;-1,827;False;1,057;0
Argento;Commodities;EMA 20/50;Solo long;1;979;37,283;-0,122;-1,827;984;41,463;-0,112;-1,244;0,838;-16,357;-1,827;False;2,384;0
Nasdaq 100;Indici;Breakout Donchian 55 + filtro VIX;Solo long;3;568;56,514;0,058;-1,83;375;58,4;0,159;-0,494;1,249;8,865;-1,83;False;2,715;0
EUR/CHF;Valute;Momentum 120g;Long+Short;10;241;48,963;0,066;0,421;174;46,552;-0,109;-1,83;0,745;-2,822;-1,83;False;1,773;0
Gas naturale;Commodities;ADX>20 + direzione DI;Long+Short;5;259;44,788;-0,693;-1,779;207;47,343;-1,146;-1,831;0,731;-35,193;-1,831;False;14,2;0
Oro;Commodities;Breakout Donchian 20;Solo short;1;1217;45,768;-0,028;-1,584;588;44,728;-0,1;-1,831;0,77;-8,745;-1,831;False;1,4;0
Euro Stoxx 50;Indici;ADX>25 + direzione DI;Long+Short;5;162;46,296;-0,271;-1,518;105;47,619;-0,52;-1,831;0,566;-8,104;-1,831;False;4,213;0
Gas naturale;Commodities;Prezzo vs SMA200;Long+Short;5;463;47,732;-0,268;-1,057;339;48,083;-1,047;-1,831;0,751;-52,611;-1,831;False;12,868;0
S&P 500;Indici;EMA 50/200 + filtro VIX;Long+Short;3;667;57,121;0,017;-1,833;463;55,94;0,083;-0,201;1,159;5,689;-1,833;False;2,203;0
Nasdaq 100;Indici;ADX>25 + direzione DI;Solo short;1;304;43,092;-0,172;-1,834;262;45,802;-0,167;-1,026;0,798;-6,495;-1,834;False;2,474;0
DAX;Indici;Prezzo vs SMA50;Long+Short;5;467;49,251;-0,178;-1,835;342;51,754;0,041;-0,175;1,049;2,067;-1,835;False;3,912;0
Euro Stoxx 50;Indici;Breakout Donchian 20;Solo short;1;1053;45,584;-0,072;-1,835;737;43,826;-0,104;-1,608;0,797;-11,398;-1,835;False;1,833;0
Oro;Commodities;Prezzo vs SMA50;Solo short;1;1196;44,983;-0,036;-1,835;643;44,323;-0,088;-1,705;0,788;-8,355;-1,835;False;1,39;0
EUR/USD;Valute;Momentum 20g;Long+Short;40;61;52,459;0,146;0,376;42;38,095;-0,775;-1,836;0,496;-4,828;-1,836;False;6,061;0
Euro Stoxx 50;Indici;Momentum 60g;Long+Short;10;231;45,455;-0,34;-1,667;168;46,429;-0,425;-1,837;0,722;-10,596;-1,837;False;6,125;0
Gas naturale;Commodities;Momentum 10g;Long+Short;20;116;40,517;-1,932;-1,838;84;47,619;-2,972;-1,522;0,665;-37,02;-1,838;False;26,856;0
USD/JPY;Valute;Prezzo vs SMA200;Solo long;1;1297;48,728;0,002;-0,328;1141;54,075;-0,008;-1,838;0,961;-1,327;-1,838;False;1,169;0
Argento;Commodities;Reversione RSI2;Solo long;1;286;36,014;-0,105;-0,84;184;38,587;-0,322;-1,841;0,607;-8,773;-1,841;False;2,51;0
Gas naturale;Commodities;Momentum 60g + filtro VIX;Long+Short;1;1933;48,319;-0,1;-1,842;1359;49,522;0,047;0,512;1,033;9,446;-1,842;False;4,646;0
EUR/CHF;Valute;Breakout Donchian 55 + filtro VIX;Solo long;20;41;51,22;-0,179;0,15;34;35,294;-0,616;-1,843;0,298;-3,105;-1,843;False;2,979;0
Euro Stoxx 50;Indici;ADX>25 + direzione DI;Solo short;1;407;46,929;-0,079;-1,163;206;38,35;-0,27;-1,844;0,652;-8,25;-1,844;False;2,403;0
Nasdaq 100;Indici;EMA 20/50;Solo short;3;168;38,095;-0,506;-1,845;145;40,0;-0,497;-1,127;0,66;-10,681;-1,845;False;4,077;0
Gas naturale;Commodities;Prezzo vs SMA200;Long+Short;60;39;38,462;-4,332;-1,261;27;37,037;-12,077;-1,845;0,397;-48,357;-1,845;False;49,545;0
EUR/USD;Valute;Acquisto su picco VIX;Long+Short;10;43;34,884;-0,524;-1,847;34;55,882;0,04;0,044;1,054;0,201;-1,847;False;3,14;0
EUR/USD;Valute;Acquisto su picco VIX;Solo long;10;43;34,884;-0,524;-1,847;34;55,882;0,04;0,044;1,054;0,201;-1,847;False;3,14;0
Nasdaq 100;Indici;Momentum 60g;Solo long;3;622;57,235;0,058;-1,848;419;57,279;0,14;-0,711;1,205;8,718;-1,848;False;2,957;0
DAX;Indici;Momentum 10g;Long+Short;5;467;48,822;-0,2;-1,849;342;47,953;-0,034;-0,51;0,96;-1,735;-1,849;False;3,958;0
Petrolio WTI;Commodities;Momentum 120g + filtro VIX;Long+Short;1;1936;49,329;-0,068;-1,595;1357;47,973;-0,111;-1,85;0,876;-22,338;-1,85;False;3,259;0
FTSE MIB;Indici;Breakout Donchian 55;Long+Short;40;59;55,932;1,017;0,92;42;50,0;-1,192;-1,853;0,656;-7,425;-1,853;False;13,442;0
DAX;Indici;EMA 50/200;Long+Short;40;59;49,153;-0,825;-1,853;42;66,667;0,395;-0,632;1,153;2,462;-1,853;False;12,393;0
Petrolio WTI;Commodities;Reversione RSI2;Solo long;60;32;59,375;1,727;0,592;20;50,0;-3,434;-1,853;0,617;-10,185;-1,853;False;28,045;0
Euro Stoxx 50;Indici;ADX>25 + direzione DI;Long+Short;3;251;46,215;-0,147;-1,205;167;44,311;-0,349;-1,854;0,632;-8,655;-1,854;False;3,49;0
USD/JPY;Valute;Fine/inizio mese;Long+Short;3;111;46,847;0,042;0,166;80;46,25;-0,183;-1,855;0,658;-2,17;-1,855;False;1,917;0
USD/JPY;Valute;Fine/inizio mese;Solo long;3;111;46,847;0,042;0,166;80;46,25;-0,183;-1,855;0,658;-2,17;-1,855;False;1,917;0
EUR/USD;Valute;Acquisto su picco VIX;Long+Short;5;73;41,096;-0,288;-1,855;56;48,214;0,065;0,268;1,121;0,537;-1,855;False;2,597;0
EUR/USD;Valute;Acquisto su picco VIX;Solo long;5;73;41,096;-0,288;-1,855;56;48,214;0,065;0,268;1,121;0,537;-1,855;False;2,597;0
Euro Stoxx 50;Indici;ADX>20 + direzione DI;Solo short;10;92;41,304;-0,828;-1,855;53;35,849;-1,049;-1,051;0,511;-8,246;-1,855;False;6,179;0
Petrolio WTI;Commodities;Acquisto su picco VIX;Long+Short;1;238;52,101;-0,012;0,063;193;45,596;-0,643;-1,857;0,665;-18,409;-1,857;False;5,986;0
Petrolio WTI;Commodities;Acquisto su picco VIX;Solo long;1;238;52,101;-0,012;0,063;193;45,596;-0,643;-1,857;0,665;-18,409;-1,857;False;5,986;0
S&P 500;Indici;Prezzo vs SMA200 + filtro VIX;Long+Short;3;667;57,121;0,017;-1,857;463;56,156;0,098;-0,101;1,191;6,705;-1,857;False;2,199;0
DAX;Indici;Breakout Donchian 55;Long+Short;20;117;48,718;-0,252;-1,073;85;48,235;-0,632;-1,858;0,698;-7,973;-1,858;False;8,801;0
DAX;Indici;Breakout Donchian 55 + filtro VIX;Solo short;20;34;26,471;-2,256;-1,859;24;37,5;-1,132;-0,183;0,617;-4,032;-1,859;False;8,711;0
USD/JPY;Valute;EMA 10/30;Solo short;1;1193;45,432;-0,038;-1,861;682;42,082;-0,043;-0,817;0,83;-4,36;-1,861;False;1,202;0
Nasdaq 100;Indici;EMA 20/50;Solo long;3;618;59,871;0,054;-1,862;427;55,035;0,068;-1,541;1,096;4,281;-1,862;False;2,984;0
S&P 500;Indici;Prezzo vs SMA200 + filtro VIX;Solo short;1;124;37,097;-0,219;-1,864;160;48,125;-0,028;-0,05;0,941;-0,665;-1,864;False;1,609;0
GBP/USD;Valute;Momentum 60g + filtro VIX;Long+Short;1;2002;47,353;-0,013;-1,133;1407;47,619;-0,024;-1,865;0,878;-4,966;-1,865;False;1,031;0
Nasdaq 100;Indici;EMA 10/30;Solo short;1;600;42,5;-0,121;-1,865;502;45,02;-0,124;-1,094;0,826;-9,199;-1,865;False;2,087;0
EUR/CHF;Valute;Breakout Donchian 55 + filtro VIX;Long+Short;20;112;56,25;0,126;0,275;79;44,304;-0,217;-1,867;0,634;-2,539;-1,867;False;2,489;0
S&P 500;Indici;Breakout Donchian 20;Long+Short;3;772;49,87;-0,065;-1,872;564;51,773;-0,016;-0,902;0,977;-1,31;-1,872;False;2,452;0
USD/JPY;Valute;EMA 50/200;Solo long;1;1344;49,479;-0,001;-0,537;1222;54,255;-0,008;-1,873;0,961;-1,452;-1,873;False;1,181;0
DAX;Indici;EMA 20/50;Long+Short;1;2331;49,635;-0,039;-1,799;1716;50,175;-0,038;-1,873;0,888;-9,705;-1,873;False;1,545;0
Gas naturale;Commodities;EMA 50/200 + filtro VIX;Solo short;1;1150;49,217;-0,031;-1,873;697;50,789;0,166;0,788;1,131;17,161;-1,873;False;4,656;0
Nasdaq 100;Indici;Breakout Donchian 55 + filtro VIX;Solo short;10;36;22,222;-1,603;-1,873;34;35,294;-0,523;0,27;0,787;-2,639;-1,873;False;6,846;0
DAX;Indici;Breakout Donchian 20;Long+Short;20;117;47,863;-0,786;-1,874;85;48,235;-0,304;-0,941;0,843;-3,829;-1,874;False;8,898;0
FTSE MIB;Indici;Momentum 10g;Solo long;1;1244;48,714;-0,101;-1,878;1017;51,327;-0,029;-0,971;0,908;-4,444;-1,878;False;1,588;0
EUR/USD;Valute;Momentum 10g;Solo short;3;476;48,319;-0,056;-1,879;338;49,112;-0,042;-0,8;0,876;-2,126;-1,879;False;1,668;0
DAX;Indici;EMA 50/200 + filtro VIX;Long+Short;40;57;52,632;-0,951;-1,879;40;60,0;0,29;-0,805;1,114;1,721;-1,879;False;12,881;0
S&P 500;Indici;Momentum 60g;Long+Short;20;116;56,897;-0,16;-1,879;84;63,095;0,24;-0,639;1,135;2,986;-1,879;False;7,427;0
GBP/USD;Valute;Breakout Donchian 20;Solo short;1;1217;47,987;-0,024;-1,881;777;49,035;-0,018;-0,752;0,921;-2,028;-1,881;False;1,137;0
S&P 500;Indici;Prezzo vs SMA50;Solo short;1;650;41,692;-0,119;-1,882;466;45,279;-0,09;-0,981;0,845;-6,231;-1,882;False;1,743;0
Euro Stoxx 50;Indici;Momentum 120g + filtro VIX;Long+Short;1;1921;48,673;-0,04;-1,882;1359;50,037;-0,025;-1,644;0,924;-4,992;-1,882;False;1,443;0
Argento;Commodities;Momentum 60g;Solo short;3;428;49,533;0,037;0,263;248;41,935;-0,636;-1,882;0,618;-23,378;-1,882;False;4,451;0
Nasdaq 100;Indici;Breakout Donchian 55;Solo short;3;159;38,365;-0,521;-1,885;161;44,099;-0,306;-0,406;0,774;-7,301;-1,885;False;4,113;0
EUR/USD;Valute;Acquisto su picco VIX;Long+Short;1;248;46,774;-0,084;-1,885;208;39,423;-0,035;-0,85;0,856;-1,087;-1,885;False;1,295;0
EUR/USD;Valute;Acquisto su picco VIX;Solo long;1;248;46,774;-0,084;-1,885;208;39,423;-0,035;-0,85;0,856;-1,087;-1,885;False;1,295;0
Nasdaq 100;Indici;ADX>25 + direzione DI;Long+Short;5;149;46,309;-0,327;-1,887;141;54,61;-0,11;-0,601;0,928;-2,305;-1,887;False;5,294;0
Nasdaq 100;Indici;EMA 20/50;Solo short;5;107;33,645;-0,911;-1,887;92;45,652;-0,606;-0,52;0,696;-8,274;-1,887;False;5,324;0
DAX;Indici;SMA200 + Momentum20 concordi;Solo long;10;144;57,639;0,066;-1,09;114;53,509;-0,102;-1,888;0,906;-1,724;-1,888;False;5,057;0
Gas naturale;Commodities;EMA 20/50;Long+Short;3;772;45,725;-0,294;-1,889;564;50,887;-0,165;-0,514;0,942;-13,813;-1,889;False;9,255;0
Nasdaq 100;Indici;Momentum 60g + filtro VIX;Long+Short;20;109;55,963;0,098;-1,889;76;63,158;0,211;-0,889;1,089;2,375;-1,889;False;8,257;0
EUR/CHF;Valute;Breakout Donchian 20;Solo short;5;292;46,918;-0,003;-0,669;222;51,351;-0,043;-1,89;0,838;-1,42;-1,89;False;1,258;0
Nasdaq 100;Indici;Momentum 10g;Long+Short;40;58;44,828;-0,272;-1,202;42;47,619;-1,172;-1,89;0,712;-7,3;-1,89;False;12,607;0
Gas naturale;Commodities;Prezzo vs SMA20;Long+Short;20;116;41,379;-1,963;-1,845;84;45,238;-3,788;-1,892;0,592;-47,181;-1,892;False;28,505;0
Gas naturale;Commodities;Prezzo vs SMA200 + filtro VIX;Solo short;1;1059;50,047;-0,035;-1,892;670;50,448;0,098;0,249;1,074;9,754;-1,892;False;4,684;0
S&P 500;Indici;Prezzo vs SMA20;Solo long;5;357;59,104;0,055;-1,892;256;60,938;0,216;-0,326;1,36;8,209;-1,892;False;3,001;0
EUR/CHF;Valute;Momentum 20g;Solo long;5;272;43,015;-0,031;0,385;194;40,722;-0,129;-1,894;0,598;-3,709;-1,894;False;1,324;0
S&P 500;Indici;ADX>20 + direzione DI;Solo long;3;259;59,073;0,043;-1,246;203;52,709;-0,033;-1,895;0,933;-0,992;-1,895;False;1,967;0
DAX;Indici;Prezzo vs SMA200 + filtro VIX;Solo long;1;1557;50,417;-0,026;-0,897;1203;52,286;-0,031;-1,895;0,888;-5,538;-1,895;False;1,333;0
EUR/CHF;Valute;Momentum 120g;Long+Short;20;121;54,545;0,217;0,78;86;44,186;-0,193;-1,896;0,656;-2,456;-1,896;False;2,423;0
USD/JPY;Valute;Prezzo vs SMA50;Solo short;1;1174;44,889;-0,04;-1,896;679;42,268;-0,052;-1,16;0,797;-5,197;-1,896;False;1,209;0
GBP/USD;Valute;EMA 10/30;Solo short;1;1184;47,551;-0,024;-1,897;839;47,557;-0,021;-0,975;0,903;-2,64;-1,897;False;1,131;0
USD/JPY;Valute;Prezzo vs SMA200 + filtro VIX;Solo short;1;879;45,848;-0,039;-1,762;469;44,563;-0,072;-1,898;0,704;-4,991;-1,898;False;1,123;0
Petrolio WTI;Commodities;Momentum 60g + filtro VIX;Long+Short;1;1935;48,579;-0,046;-1,026;1356;48,23;-0,114;-1,898;0,872;-22,992;-1,898;False;3,246;0
Oro;Commodities;EMA 10/30;Solo long;1;1122;44,474;-0,058;-1,899;1076;51,208;-0,048;-1,819;0,891;-7,647;-1,899;False;1,624;0
Nasdaq 100;Indici;EMA 10/30;Solo long;3;582;56,357;0,056;-1,9;407;57,494;0,128;-0,813;1,191;7,744;-1,9;False;2,655;0
EUR/CHF;Valute;Momentum 5g;Solo short;1;1289;42,669;-0,013;-1,172;946;47,146;-0,012;-1,901;0,898;-1,749;-1,901;False;0,659;0
DAX;Indici;Breakout Donchian 55 + filtro VIX;Long+Short;20;110;49,091;-0,062;-0,841;78;52,564;-0,785;-1,901;0,63;-9,08;-1,901;False;7,916;0
Nasdaq 100;Indici;Momentum 5g;Long+Short;3;772;52,332;-0,079;-1,903;563;48,313;-0,117;-1,514;0,875;-9,784;-1,903;False;3,07;0
Oro;Commodities;Momentum 120g + filtro VIX;Long+Short;1;1936;46,178;-0,037;-1,906;1360;51,324;-0,032;-1,37;0,918;-6,418;-1,906;False;1,451;0
Nasdaq 100;Indici;Breakout Donchian 55;Solo short;1;465;43,226;-0,136;-1,907;476;45,798;-0,139;-1,302;0,795;-9,802;-1,907;False;2,091;0
FTSE MIB;Indici;Prezzo vs SMA50;Long+Short;10;234;44,444;-0,274;-1,034;171;46,199;-0,422;-1,908;0,743;-10,706;-1,908;False;6,803;0
GBP/USD;Valute;Momentum 60g + filtro VIX;Solo short;1;986;47,87;-0,021;-1,569;588;46,088;-0,042;-1,908;0,803;-3,659;-1,908;False;1,091;0
Nasdaq 100;Indici;EMA 50/200;Solo short;1;141;43,262;-0,23;-1,908;295;47,797;-0,086;-0,513;0,869;-3,753;-1,908;False;2,268;0
Nasdaq 100;Indici;Breakout Donchian 55;Solo short;5;95;34,737;-0,941;-1,909;99;40,404;-0,659;-0,726;0,648;-9,684;-1,909;False;5,635;0
Nasdaq 100;Indici;Fine/inizio mese;Long+Short;1;111;36,937;-0,096;-1,909;81;46,914;0,09;0,351;1,213;1,078;-1,909;False;1,437;0
Nasdaq 100;Indici;Fine/inizio mese;Solo long;1;111;36,937;-0,096;-1,909;81;46,914;0,09;0,351;1,213;1,078;-1,909;False;1,437;0
Nasdaq 100;Indici;EMA 10/30;Solo short;5;138;36,957;-0,732;-1,909;110;44,545;-0,727;-0,931;0,625;-11,859;-1,909;False;5,665;0
EUR/USD;Valute;EMA 20/50;Solo long;1;1139;47,498;-0,038;-1,912;870;45,402;-0,016;-1,152;0,911;-2,045;-1,912;False;1,023;0
EUR/CHF;Valute;Breakout Donchian 20;Long+Short;40;61;54,098;0,137;0,039;42;45,238;-0,415;-1,914;0,535;-2,588;-1,914;False;3,902;0
S&P 500;Indici;Prezzo vs SMA100;Solo short;1;468;40,598;-0,147;-1,915;387;46,253;-0,09;-0,841;0,855;-5,165;-1,915;False;1,908;0
EUR/CHF;Valute;Breakout Donchian 20;Solo long;10;106;47,17;-0,143;-0,305;71;42,254;-0,309;-1,915;0,452;-3,249;-1,915;False;2,311;0
EUR/USD;Valute;EMA 10/30;Solo short;1;1284;47,43;-0,023;-1,915;897;47,38;-0,017;-1,003;0,904;-2,273;-1,915;False;1,061;0
FTSE MIB;Indici;ADX>20 + direzione DI;Long+Short;10;158;41,772;-0,668;-1,916;94;46,809;-0,269;-0,76;0,834;-3,754;-1,916;False;6,955;0
GBP/USD;Valute;Momentum 60g;Long+Short;1;2403;48,148;-0,015;-1,411;1754;47,548;-0,025;-1,918;0,882;-6,448;-1,918;False;1,08;0
EUR/CHF;Valute;Momentum 60g + filtro VIX;Solo long;1;823;41,92;-0,032;-1,919;615;44,715;-0,023;-1,354;0,812;-2,114;-1,919;False;0,693;0
GBP/USD;Valute;Prezzo vs SMA200;Solo long;1;1124;46,53;-0,022;-1,155;1073;47,437;-0,026;-1,919;0,865;-4,106;-1,919;False;0,984;0
Nasdaq 100;Indici;Momentum 60g + filtro VIX;Solo short;3;121;38,017;-0,481;-1,919;95;41,053;-0,172;0,125;0,853;-2,424;-1,919;False;3,381;0
USD/JPY;Valute;Prezzo vs SMA200 + filtro VIX;Long+Short;3;688;49,128;0,022;0,548;484;48,76;-0,061;-1,92;0,843;-4,41;-1,92;False;1,759;0
DAX;Indici;Momentum 5g;Solo short;1;1001;44,356;-0,062;-1,922;733;43,929;-0,05;-1,062;0,874;-5,443;-1,922;False;1,619;0
Nasdaq 100;Indici;Momentum 60g;Long+Short;20;116;56,034;-0,007;-1,925;84;58,333;0,09;-0,94;1,037;1,116;-1,925;False;8,747;0
EUR/CHF;Valute;Prezzo vs SMA200 + filtro VIX;Solo long;1;777;42,6;-0,02;-1,011;488;44,057;-0,032;-1,925;0,744;-2,333;-1,925;False;0,598;0
DAX;Indici;Breakout Donchian 55;Solo short;1;766;47,52;-0,025;-0,762;527;43,074;-0,109;-1,927;0,773;-8,535;-1,927;False;1,782;0
DAX;Indici;Momentum 10g;Long+Short;1;2331;48,692;-0,024;-1,108;1716;47,96;-0,041;-1,927;0,879;-10,556;-1,927;False;1,478;0
Oro;Commodities;EMA 10/30;Solo short;1;1191;45,256;-0,03;-1,619;619;45,073;-0,097;-1,927;0,767;-8,874;-1,927;False;1,388;0
Petrolio WTI;Commodities;Reversione RSI2 nel trend SMA200;Long+Short;5;104;41,346;-0,708;-1,928;80;47,5;-0,187;-0,114;0,912;-2,224;-1,928;False;8,588;0
Oro;Commodities;Breakout Donchian 20;Solo long;1;1096;44,982;-0,056;-1,773;1107;51,581;-0,049;-1,928;0,886;-7,978;-1,928;False;1,628;0
EUR/CHF;Valute;Prezzo vs SMA50;Long+Short;20;121;47,107;0,067;0,213;86;44,186;-0,228;-1,929;0,605;-2,903;-1,929;False;2,53;0
GBP/USD;Valute;EMA 20/50;Long+Short;1;2403;48,19;-0,021;-1,93;1754;50,0;-0,01;-0,767;0,952;-2,541;-1,93;False;1,074;0
FTSE MIB;Indici;ADX>20 + direzione DI;Solo short;1;733;47,476;-0,073;-1,931;345;42,319;-0,039;-0,466;0,929;-1,977;-1,931;False;2,281;0
EUR/CHF;Valute;EMA 20/50;Solo long;1;966;43,996;-0,031;-1,933;697;45,768;-0,03;-1,817;0,78;-3,102;-1,933;False;0,72;0
Nasdaq 100;Indici;Prezzo vs SMA100;Solo short;5;113;36,283;-0,824;-1,934;96;45,833;-0,813;-1,084;0,61;-11,586;-1,934;False;6,061;0
Euro Stoxx 50;Indici;Momentum 20g;Long+Short;10;231;43,29;-0,326;-1,586;168;45,833;-0,492;-1,934;0,685;-12,267;-1,934;False;5,783;0
EUR/CHF;Valute;EMA 10/30;Long+Short;5;481;42,827;0,005;-0,046;350;49,429;-0,064;-1,935;0,775;-3,335;-1,935;False;1,312;0
Argento;Commodities;Prezzo vs SMA200 + filtro VIX;Long+Short;1;1936;40,496;-0,052;-1,936;1360;39,265;-0,086;-1,425;0,859;-17,312;-1,936;False;2,096;0
EUR/USD;Valute;EMA 10/30;Solo long;1;1119;47,006;-0,039;-1,938;857;45,041;-0,013;-0,943;0,927;-1,683;-1,938;False;1,048;0
Gas naturale;Commodities;ADX>20 + direzione DI;Solo short;10;86;47,674;-1,694;-1,939;54;46,296;-0,645;0,16;0,869;-5,168;-1,939;False;19,216;0
Euro Stoxx 50;Indici;ADX>25 + direzione DI;Solo short;20;36;30,556;-1,651;-1,939;22;22,727;-3,197;-1,47;0,348;-10,434;-1,939;False;9,144;0
GBP/USD;Valute;Momentum 10g;Long+Short;3;801;46,941;-0,065;-1,94;584;47,774;-0,007;-0,18;0,979;-0,615;-1,94;False;1,604;0
Argento;Commodities;Reversione RSI2 nel trend SMA200;Long+Short;1;200;41,5;-0,176;-1,941;124;37,903;-0,108;-0,598;0,831;-1,984;-1,941;False;2,175;0
Euro Stoxx 50;Indici;Momentum 10g;Solo long;3;491;53,768;-0,121;-1,941;371;50,135;0,024;-0,878;1,04;1,312;-1,941;False;2,976;0
S&P 500;Indici;Prezzo vs SMA50;Solo long;5;363;58,127;0,055;-1,941;261;59,004;0,111;-1,199;1,166;4,317;-1,941;False;2,937;0
Oro;Commodities;Prezzo vs SMA100;Long+Short;60;39;35,897;-2,174;-1,942;27;55,556;4,294;1,33;3,275;17,191;-1,942;False;11,695;0
Argento;Commodities;Momentum 120g;Long+Short;1;2313;40,035;-0,052;-1,943;1694;41,145;-0,046;-0,802;0,924;-11,514;-1,943;False;2,178;0
EUR/CHF;Valute;Breakout Donchian 55;Solo short;10;164;51,829;0,065;-0,236;111;47,748;-0,101;-1,944;0,758;-1,657;-1,944;False;1,957;0
Euro Stoxx 50;Indici;EMA 10/30;Long+Short;5;461;46,855;-0,225;-1,944;338;49,112;-0,14;-1,26;0,863;-7,035;-1,944;False;4,152;0
S&P 500;Indici;Prezzo vs SMA200 + filtro VIX;Solo short;5;37;27,027;-0,979;-1,946;40;50,0;0,115;0,738;1,097;0,68;-1,946;False;4,553;0
DAX;Indici;EMA 50/200 + filtro VIX;Solo long;1;1516;49,406;-0,048;-1,946;1206;52,653;-0,025;-1,625;0,909;-4,435;-1,946;False;1,327;0
Euro Stoxx 50;Indici;Prezzo vs SMA100;Long+Short;10;231;45,022;-0,391;-1,947;168;47,024;-0,386;-1,777;0,745;-9,62;-1,947;False;5,911;0
Euro Stoxx 50;Indici;Prezzo vs SMA50;Solo long;3;475;52,211;-0,047;-1,091;396;53,03;-0,06;-1,948;0,904;-3,535;-1,948;False;2,701;0
Argento;Commodities;Momentum 60g + filtro VIX;Long+Short;1;1936;39,773;-0,038;-1,29;1360;40,0;-0,109;-1,95;0,824;-22,062;-1,95;False;2,102;0
Nasdaq 100;Indici;Prezzo vs SMA20;Solo short;1;770;42,857;-0,11;-1,95;583;44,425;-0,078;-0,567;0,879;-6,757;-1,95;False;1,844;0
EUR/CHF;Valute;Reversione RSI2;Solo short;3;145;45,517;-0,063;-1,95;109;49,541;-0,014;-0,67;0,938;-0,227;-1,95;False;1,198;0
Nasdaq 100;Indici;ADX>20 + direzione DI;Solo long;10;97;58,763;0,164;-1,95;82;65,854;0,891;0,251;1,817;10,845;-1,95;False;5,088;0
S&P 500;Indici;Momentum 60g + filtro VIX;Long+Short;20;109;54,128;-0,035;-1,952;76;61,842;-0,29;-1,699;0,856;-3,268;-1,952;False;6,908;0
DAX;Indici;Reversione RSI2 nel trend SMA200;Solo long;20;41;39,024;-0,729;-1,953;35;65,714;-0,234;-1,036;0,864;-1,217;-1,953;False;8,973;0
S&P 500;Indici;Breakout Donchian 55 + filtro VIX;Solo short;3;116;33,621;-0,396;-1,954;64;42,188;-0,193;-0,201;0,798;-1,837;-1,954;False;2,691;0
Gas naturale;Commodities;Momentum 60g + filtro VIX;Solo short;5;234;47,436;-0,562;-1,955;143;45,455;-1,043;-0,715;0,735;-22,123;-1,955;False;12,281;0
S&P 500;Indici;Momentum 5g;Solo long;3;552;56,341;0,043;-1,486;390;55,641;-0,033;-1,957;0,946;-1,923;-1,957;False;2,392;0
Nasdaq 100;Indici;Momentum 10g;Solo long;3;547;55,941;0,045;-1,957;393;60,56;0,316;1,071;1,517;18,423;-1,957;False;2,794;0
Nasdaq 100;Indici;Prezzo vs SMA200;Solo short;20;22;27,273;-3,391;-1,957;20;50,0;-1,268;0,154;0,719;-3,763;-1,957;False;12,315;0
Nasdaq 100;Indici;Prezzo vs SMA200;Solo short;1;301;41,86;-0,181;-1,958;332;47,892;-0,118;-0,753;0,848;-5,826;-1,958;False;2,395;0
Oro;Commodities;Prezzo vs SMA200 + filtro VIX;Solo long;1;1034;45,164;-0,056;-1,959;1004;52,191;-0,026;-1,279;0,934;-3,818;-1,959;False;1,477;0
S&P 500;Indici;Prezzo vs SMA100;Solo long;3;637;57,457;0,035;-1,961;443;56,659;0,116;-0,344;1,244;7,629;-1,961;False;2,123;0
Nasdaq 100;Indici;Breakout Donchian 20;Long+Short;40;58;53,448;-0,305;-1,961;42;45,238;-1,196;-1,782;0,707;-7,455;-1,961;False;12,678;0
S&P 500;Indici;ADX>20 + direzione DI;Long+Short;10;145;49,655;-0,372;-1,962;111;53,153;-0,357;-1,379;0,75;-5,884;-1,962;False;4,813;0
Nasdaq 100;Indici;EMA 20/50;Long+Short;10;232;53,017;-0,017;-1,962;168;59,524;0,106;-0,93;1,07;2,646;-1,962;False;6,217;0
USD/JPY;Valute;EMA 50/200 + filtro VIX;Solo short;1;888;46,284;-0,041;-1,83;395;45,57;-0,075;-1,964;0,676;-4,377;-1,964;False;1,099;0
EUR/USD;Valute;Momentum 5g;Long+Short;3;800;47,375;-0,062;-1,965;584;47,774;-0,054;-1,61;0,837;-4,664;-1,965;False;1,619;0
Argento;Commodities;Momentum 10g;Long+Short;1;2309;40,277;-0,021;-0,75;1694;37,898;-0,098;-1,965;0,846;-24,57;-1,965;False;2,154;0
GBP/USD;Valute;EMA 10/30;Solo long;1;1219;46,267;-0,036;-1,965;915;47,65;-0,018;-1,199;0,906;-2,503;-1,965;False;1,03;0
USD/JPY;Valute;Momentum 120g;Long+Short;1;2403;47,982;-0,009;-0,798;1754;51,311;-0,021;-1,965;0,905;-5,347;-1,965;False;1,171;0
Nasdaq 100;Indici;Momentum 120g + filtro VIX;Long+Short;10;209;52,632;0,09;-1,966;147;63,946;0,716;0,552;1,636;15,611;-1,966;False;5,438;0
Petrolio WTI;Commodities;Prezzo vs SMA200 + filtro VIX;Long+Short;1;1936;48,605;-0,083;-1,967;1357;48,489;-0,101;-1,679;0,886;-20,41;-1,967;False;3,259;0
Argento;Commodities;Acquisto su picco VIX;Long+Short;1;237;33,333;-0,219;-1,501;195;36,923;-0,354;-1,969;0,608;-10,238;-1,969;False;2,72;0
Argento;Commodities;Acquisto su picco VIX;Solo long;1;237;33,333;-0,219;-1,501;195;36,923;-0,354;-1,969;0,608;-10,238;-1,969;False;2,72;0
Oro;Commodities;Momentum 60g + filtro VIX;Long+Short;1;1936;46,436;-0,037;-1,969;1360;51,176;-0,015;-0,708;0,961;-2,945;-1,969;False;1,417;0
DAX;Indici;EMA 50/200;Solo short;1;631;45,959;-0,088;-1,971;296;46,622;-0,086;-1,014;0,84;-3,766;-1,971;False;2,017;0
Nasdaq 100;Indici;ADX>20 + direzione DI;Solo long;1;686;53,499;-0,017;-1,971;592;53,378;0,004;-0,938;1,011;0,338;-1,971;False;1,309;0
S&P 500;Indici;Prezzo vs SMA50;Long+Short;20;116;53,448;-0,316;-1,972;84;63,095;0,065;-1,103;1,035;0,809;-1,972;False;7,424;0
USD/JPY;Valute;Momentum 120g + filtro VIX;Solo short;1;982;46,13;-0,04;-1,973;485;44,742;-0,056;-1,306;0,76;-4,055;-1,973;False;1,094;0
Nasdaq 100;Indici;Prezzo vs SMA100;Long+Short;20;116;55,172;-0,049;-1,973;84;63,095;0,62;-0,449;1,286;7,732;-1,973;False;8,553;0
Bitcoin;Cripto;EMA 50/200;Long+Short;1;1732;49,538;0,067;0,072;2462;47,36;-0,079;-1,974;0,927;-28,923;-1,974;False;5,048;0
Euro Stoxx 50;Indici;Breakout Donchian 20;Solo long;3;428;50,935;-0,118;-1,941;326;54,601;-0,084;-1,975;0,87;-4,052;-1,975;False;2,859;0
DAX;Indici;Momentum 60g + filtro VIX;Long+Short;5;411;52,555;-0,041;-0,913;286;48,951;-0,119;-1,976;0,846;-5,06;-1,976;False;3,603;0
GBP/USD;Valute;Breakout Donchian 20;Solo long;1;1186;45,953;-0,036;-1,977;977;48,823;-0,016;-1,071;0,919;-2,258;-1,977;False;1,003;0
Nasdaq 100;Indici;Breakout Donchian 55;Solo long;3;620;58,387;0,047;-1,977;407;56,265;0,059;-1,45;1,08;3,567;-1,977;False;2,982;0
Argento;Commodities;Reversione RSI2 nel trend SMA200;Long+Short;10;80;37,5;-1,017;-1,98;59;44,068;-0,054;-0,419;0,977;-0,473;-1,98;False;8,975;0
Oro;Commodities;Momentum 120g;Long+Short;1;2313;46,736;-0,034;-1,814;1695;50,855;-0,045;-1,981;0,892;-11,405;-1,981;False;1,532;0
Euro Stoxx 50;Indici;Prezzo vs SMA50;Long+Short;3;768;48,828;-0,136;-1,982;564;48,05;-0,129;-1,836;0,829;-10,777;-1,982;False;3,09;0
Oro;Commodities;Momentum 60g;Solo long;1;1219;45,611;-0,058;-1,983;1154;51,906;-0,024;-1,222;0,943;-4,15;-1,983;False;1,592;0
Oro;Commodities;Reversione RSI2;Long+Short;3;351;46,154;-0,165;-1,984;240;48,75;-0,077;-0,298;0,899;-2,755;-1,984;False;2,801;0
DAX;Indici;Momentum 5g;Solo short;5;275;40,364;-0,484;-1,984;208;40,385;-0,283;-0,406;0,752;-8,734;-1,984;False;4,308;0
Petrolio WTI;Commodities;Acquisto su picco VIX;Long+Short;3;100;52,0;-0,115;-0,208;78;42,308;-1,422;-1,986;0,57;-16,452;-1,986;False;11,586;0
Petrolio WTI;Commodities;Acquisto su picco VIX;Solo long;3;100;52,0;-0,115;-0,208;78;42,308;-1,422;-1,986;0,57;-16,452;-1,986;False;11,586;0
Euro Stoxx 50;Indici;Breakout Donchian 55 + filtro VIX;Solo long;3;446;51,345;-0,117;-1,988;348;58,046;0,087;-0,161;1,165;4,488;-1,988;False;2,654;0
USD/JPY;Valute;Prezzo vs SMA20;Long+Short;1;2403;46,484;-0,023;-1,991;1754;48,917;-0,005;-0,708;0,974;-1,402;-1,991;False;1,135;0
Euro Stoxx 50;Indici;Momentum 10g;Solo short;1;1010;45,446;-0,081;-1,991;725;42,207;-0,079;-1,105;0,844;-8,445;-1,991;False;1,828;0
Argento;Commodities;Reversione RSI2;Long+Short;3;333;44,444;-0,289;-1,992;233;49,356;-0,145;-0,475;0,897;-5,0;-1,992;False;5,051;0
EUR/CHF;Valute;SMA200 + Momentum20 concordi;Long+Short;3;569;45,87;-0,015;-0,756;421;48,931;-0,043;-1,993;0,798;-2,71;-1,993;False;1,053;0
Oro;Commodities;ADX>25 + direzione DI;Solo short;3;169;46,154;-0,214;-1,563;98;37,755;-0,561;-1,993;0,448;-8,15;-1,993;False;3,149;0
Argento;Commodities;EMA 50/200 + filtro VIX;Long+Short;1;1936;40,186;-0,049;-1,993;1360;38,971;-0,097;-1,597;0,842;-19,62;-1,993;False;2,108;0
Nasdaq 100;Indici;ADX>20 + direzione DI;Solo long;20;61;65,574;0,414;-1,996;47;65,957;1,813;0,278;2,276;12,639;-1,996;False;6,785;0
Nasdaq 100;Indici;ADX>20 + direzione DI;Solo short;1;536;42,724;-0,133;-1,997;410;46,341;-0,113;-0,825;0,846;-6,871;-1,997;False;2,135;0
EUR/USD;Valute;Prezzo vs SMA20;Solo long;3;444;43,919;-0,107;-1,998;322;49,379;-0,028;-0,747;0,909;-1,355;-1,998;False;1,545;0
FTSE MIB;Indici;EMA 10/30;Long+Short;1;2336;48,288;-0,059;-2,0;1714;47,783;-0,048;-1,701;0,879;-12,154;-2,0;False;1,816;0
Euro Stoxx 50;Indici;Momentum 20g;Solo long;1;1295;49,575;-0,033;-1,481;1009;50,842;-0,03;-2,0;0,905;-4,498;-2,0;False;1,379;0
FTSE MIB;Indici;Prezzo vs SMA20;Long+Short;1;2336;48,245;-0,058;-2,0;1714;48,25;-0,03;-1,087;0,921;-7,754;-2,0;False;1,763;0
Gas naturale;Commodities;Momentum 20g;Long+Short;10;232;44,397;-1,054;-2,001;168;48,81;-0,956;-0,887;0,831;-23,814;-2,001;False;16,651;0
S&P 500;Indici;Prezzo vs SMA200 + filtro VIX;Long+Short;10;209;55,981;0,028;-2,003;147;63,946;0,309;-0,41;1,331;6,735;-2,003;False;4,47;0
Argento;Commodities;Breakout Donchian 55 + filtro VIX;Solo short;1;958;40,397;-0,049;-2,006;449;37,416;-0,082;-1,627;0,839;-5,446;-2,006;False;1,812;0
Oro;Commodities;Breakout Donchian 55 + filtro VIX;Long+Short;10;209;44,498;-0,382;-2,006;149;55,705;0,41;0,487;1,38;9,049;-2,006;False;4,903;0
EUR/USD;Valute;Acquisto su picco VIX;Long+Short;3;102;39,216;-0,22;-2,008;84;44,048;-0,025;-0,293;0,931;-0,316;-2,008;False;1,973;0
EUR/USD;Valute;Acquisto su picco VIX;Solo long;3;102;39,216;-0,22;-2,008;84;44,048;-0,025;-0,293;0,931;-0,316;-2,008;False;1,973;0
DAX;Indici;EMA 10/30;Long+Short;40;59;49,153;0,359;-0,098;42;54,762;-1,385;-2,008;0,602;-8,631;-2,008;False;13,117;0
Nasdaq 100;Indici;Breakout Donchian 55;Solo short;10;51;27,451;-1,811;-2,01;51;33,333;-1,415;-0,801;0,535;-10,707;-2,01;False;8,909;0
Euro Stoxx 50;Indici;Breakout Donchian 55;Solo long;1;1378;49,565;-0,047;-2,011;1155;51,775;-0,009;-1,275;0,97;-1,595;-2,011;False;1,444;0
S&P 500;Indici;ADX>20 + direzione DI;Long+Short;5;272;50,0;-0,223;-2,012;207;48,792;-0,239;-1,44;0,779;-7,333;-2,012;False;3,641;0
Oro;Commodities;ADX>20 + direzione DI;Solo long;1;684;43,713;-0,072;-1,875;686;48,834;-0,078;-2,012;0,832;-7,981;-2,012;False;1,721;0
Nasdaq 100;Indici;Momentum 60g;Solo short;40;31;19,355;-4,534;-2,016;22;31,818;-5,652;-1,31;0,237;-18,448;-2,016;False;13,697;0
Argento;Commodities;EMA 10/30;Solo short;1;1344;42,039;0,004;-0,757;726;38,43;-0,102;-2,018;0,826;-10,931;-2,018;False;2,048;0
Argento;Commodities;Reversione RSI2;Solo short;3;176;42,614;-0,423;-2,02;133;48,872;-0,102;0,264;0,923;-2,021;-2,02;False;5,167;0
S&P 500;Indici;Momentum 60g + filtro VIX;Solo short;1;301;42,193;-0,132;-2,02;174;46,552;-0,064;-0,532;0,855;-1,648;-2,02;False;1,335;0
DAX;Indici;Prezzo vs SMA20;Solo long;1;1373;50,255;-0,023;-0,696;1039;51,203;-0,04;-2,022;0,865;-6,091;-2,022;False;1,311;0
Euro Stoxx 50;Indici;EMA 50/200;Long+Short;3;768;48,828;-0,047;-0,761;564;52,128;-0,118;-2,024;0,842;-9,835;-2,024;False;3,198;0
Petrolio WTI;Commodities;Breakout Donchian 55 + filtro VIX;Long+Short;3;666;51,802;0,008;0,078;463;44,276;-0,361;-2,026;0,786;-24,785;-2,026;False;5,998;0
S&P 500;Indici;Momentum 20g;Long+Short;40;58;53,448;-0,408;-2,027;42;57,143;-0,436;-1,444;0,838;-2,718;-2,027;False;10,886;0
Euro Stoxx 50;Indici;EMA 10/30;Solo long;1;1334;49,625;-0,046;-2,027;1105;50,86;-0,024;-1,869;0,923;-3,928;-2,027;False;1,397;0
Euro Stoxx 50;Indici;Prezzo vs SMA100;Solo long;3;499;52,906;-0,115;-2,027;407;54,791;0,008;-1,212;1,015;0,504;-2,027;False;2,657;0
Petrolio WTI;Commodities;Momentum 60g + filtro VIX;Long+Short;60;39;38,462;-4,956;-1,555;26;46,154;-8,831;-2,028;0,289;-34,051;-2,028;False;43,483;0
FTSE MIB;Indici;Momentum 5g;Solo short;1;1095;46,301;-0,049;-2,028;709;46,827;0,03;0,487;1,07;3,181;-2,028;False;1,938;0
Nasdaq 100;Indici;Breakout Donchian 20;Solo long;3;535;57,57;0,04;-2,028;386;58,549;0,142;-0,611;1,2;8,12;-2,028;False;2,793;0
FTSE MIB;Indici;Momentum 10g;Long+Short;10;234;49,145;-0,013;-0,066;171;42,69;-0,567;-2,028;0,67;-14,383;-2,028;False;6,625;0
Gas naturale;Commodities;ADX>25 + direzione DI;Solo short;10;47;40,426;-2,901;-2,029;30;40,0;-2,055;-0,523;0,637;-9,144;-2,029;False;25,418;0
USD/JPY;Valute;Reversione RSI2 nel trend SMA200;Solo long;5;65;56,923;0,302;1,578;42;47,619;-0,332;-2,029;0,538;-2,065;-2,029;False;2,412;0
Argento;Commodities;Prezzo vs SMA200;Solo short;1;1436;40,46;-0,036;-2,029;540;38,704;-0,043;-0,94;0,921;-3,408;-2,029;False;1,927;0
Nasdaq 100;Indici;SMA200 + Momentum20 concordi;Solo short;3;82;37,805;-0,831;-2,029;82;48,78;-0,066;0,328;0,956;-0,804;-2,029;False;5,085;0
S&P 500;Indici;Momentum 10g;Long+Short;5;464;51,94;-0,115;-2,031;337;53,412;0,077;0,087;1,093;3,838;-2,031;False;3,335;0
GBP/USD;Valute;Breakout Donchian 55;Solo short;1;1371;48,14;-0,024;-2,032;787;47,014;-0,033;-1,486;0,851;-3,882;-2,032;False;1,137;0
Gas naturale;Commodities;EMA 20/50;Solo short;1;1283;49,337;-0,03;-2,033;844;50,711;0,048;-0,113;1,034;5,997;-2,033;False;4,787;0
DAX;Indici;Prezzo vs SMA100;Long+Short;20;117;49,573;-0,288;-1,231;85;48,235;-0,724;-2,033;0,662;-9,132;-2,033;False;9,164;0
Euro Stoxx 50;Indici;Momentum 20g;Long+Short;5;461;47,722;-0,236;-2,033;338;47,041;-0,259;-1,915;0,761;-12,966;-2,033;False;4,146;0
EUR/CHF;Valute;Breakout Donchian 55;Solo short;20;83;55,422;0,139;-0,325;57;45,614;-0,148;-2,035;0,708;-1,248;-2,035;False;2,407;0
Argento;Commodities;Prezzo vs SMA200 + filtro VIX;Solo short;1;1143;41,12;-0,032;-1,743;399;35,589;-0,115;-2,038;0,779;-6,831;-2,038;False;1,84;0
Ethereum;Cripto;Reversione RSI2;Solo short;3;35;48,571;-0,575;-0,377;189;46,032;-1,617;-2,038;0,511;-45,315;-2,038;False;13,492;0
EUR/CHF;Valute;Prezzo vs SMA200;Long+Short;3;801;46,816;-0,002;-0,256;584;48,801;-0,037;-2,038;0,828;-3,206;-2,038;False;1,024;0
DAX;Indici;Momentum 120g + filtro VIX;Solo short;1;405;44,938;-0,079;-1,567;268;43,284;-0,136;-2,041;0,7;-5,392;-2,041;False;1,673;0
Nasdaq 100;Indici;Prezzo vs SMA200 + filtro VIX;Long+Short;5;407;56,757;0,043;-2,042;284;63,028;0,429;0,999;1,534;18,054;-2,042;False;3,733;0
Gas naturale;Commodities;ADX>20 + direzione DI;Solo short;5;142;47,183;-0,91;-2,042;90;44,444;-1,8;-1,119;0,63;-24,019;-2,042;False;14,219;0
Oro;Commodities;ADX>20 + direzione DI;Solo short;1;692;47,11;-0,016;-0,716;453;43,929;-0,127;-2,042;0,732;-8,555;-2,042;False;1,577;0
Gas naturale;Commodities;Momentum 5g;Long+Short;10;232;49,569;-0,678;-1,255;169;44,379;-2,335;-2,044;0,633;-58,52;-2,044;False;18,43;0
Oro;Commodities;ADX>25 + direzione DI;Long+Short;3;301;47,841;-0,082;-0,843;267;47,191;-0,226;-2,044;0,751;-8,968;-2,044;False;3,138;0
Oro;Commodities;Momentum 5g;Solo long;1;1204;44,352;-0,044;-1,438;982;49,287;-0,058;-2,046;0,866;-8,462;-2,046;False;1,546;0
EUR/CHF;Valute;EMA 10/30;Long+Short;3;801;45,943;-0,016;-0,617;584;49,315;-0,043;-2,046;0,803;-3,72;-2,046;False;1,033;0
Argento;Commodities;Reversione RSI2;Long+Short;1;620;37,097;-0,108;-2,048;424;43,632;-0,109;-1,077;0,848;-6,885;-2,048;False;2,399;0
FTSE MIB;Indici;ADX>25 + direzione DI;Solo long;1;316;47,468;-0,119;-1,469;258;46,512;-0,102;-2,05;0,69;-3,915;-2,05;False;1,529;0
Euro Stoxx 50;Indici;Prezzo vs SMA100;Long+Short;5;461;46,204;-0,234;-2,05;338;49,408;-0,207;-1,753;0,804;-10,359;-2,05;False;4,117;0
Petrolio WTI;Commodities;Breakout Donchian 55 + filtro VIX;Solo short;1;767;48,11;-0,012;-0,478;631;44,216;-0,182;-2,053;0,8;-17,012;-2,053;False;3,345;0
Euro Stoxx 50;Indici;ADX>25 + direzione DI;Long+Short;20;54;42,593;-1,037;-2,053;36;52,778;-1,13;-1,323;0,576;-6,034;-2,053;False;8,463;0
FTSE MIB;Indici;Momentum 10g;Long+Short;5;468;49,573;-0,086;-0,614;342;45,322;-0,279;-2,055;0,757;-14,134;-2,055;False;4,651;0
Nasdaq 100;Indici;Reversione RSI2;Solo short;1;463;39,093;-0,082;-2,055;314;45,223;-0,043;-0,051;0,878;-1,984;-2,055;False;1,055;0
Gas naturale;Commodities;ADX>25 + direzione DI;Long+Short;1;671;45,902;-0,253;-2,056;636;49,057;-0,052;-0,179;0,968;-4,947;-2,056;False;5,686;0
EUR/CHF;Valute;Momentum 60g;Solo long;1;980;42,653;-0,031;-1,913;682;44,135;-0,033;-2,056;0,758;-3,293;-2,056;False;0,728;0
Euro Stoxx 50;Indici;EMA 50/200;Solo long;1;1395;50,753;-0,034;-1,526;1330;51,88;-0,032;-2,057;0,907;-6,31;-2,057;False;1,436;0
S&P 500;Indici;Momentum 10g;Solo short;1;834;42,686;-0,108;-2,057;619;46,365;-0,051;-0,523;0,896;-4,658;-2,057;False;1,552;0
Gas naturale;Commodities;Prezzo vs SMA100;Long+Short;10;232;44,397;-1,084;-2,058;169;46,154;-1,897;-1,655;0,691;-47,534;-2,058;False;18,43;0
Nasdaq 100;Indici;Prezzo vs SMA100;Solo short;20;41;21,951;-2,586;-2,058;31;35,484;-2,714;-0,88;0,406;-12,48;-2,058;False;10,53;0
DAX;Indici;Momentum 10g;Long+Short;20;117;49,573;-0,446;-1,355;85;41,176;-0,991;-2,058;0,565;-12,495;-2,058;False;9,018;0
DAX;Indici;EMA 20/50;Long+Short;20;117;47,009;-0,549;-1,766;85;48,235;-0,695;-2,059;0,673;-8,77;-2,059;False;9,164;0
Euro Stoxx 50;Indici;SMA200 + Momentum20 concordi;Solo long;1;984;50,102;-0,028;-1,291;857;50,875;-0,028;-2,06;0,898;-3,601;-2,06;False;1,228;0
EUR/CHF;Valute;Breakout Donchian 20;Solo long;5;205;38,537;-0,082;-0,39;137;40,876;-0,169;-2,061;0,544;-3,435;-2,061;False;1,518;0
Argento;Commodities;Breakout Donchian 20;Solo short;1;1361;42,101;-0,003;-0,946;654;39,144;-0,111;-2,062;0,808;-10,787;-2,062;False;1,971;0
EUR/CHF;Valute;Reversione RSI2;Solo long;5;142;45,07;0,13;1,566;99;34,343;-0,174;-2,063;0,494;-2,551;-2,063;False;1,551;0
Argento;Commodities;Momentum 60g;Long+Short;3;771;49,416;-0,044;-0,438;565;45,31;-0,317;-2,064;0,795;-26,554;-2,064;False;4,539;0
Nasdaq 100;Indici;Momentum 10g;Long+Short;20;116;51,724;-0,379;-2,066;84;54,762;0,084;-0,526;1,034;1,043;-2,066;False;8,462;0
DAX;Indici;EMA 50/200 + filtro VIX;Long+Short;20;110;46,364;-0,552;-2,066;78;65,385;0,279;-0,568;1,176;3,232;-2,066;False;7,916;0
Nasdaq 100;Indici;Prezzo vs SMA200;Solo short;10;39;28,205;-1,992;-2,068;37;48,649;-0,401;0,351;0,855;-2,201;-2,068;False;9,508;0
Oro;Commodities;Prezzo vs SMA200;Solo short;1;1081;47,919;-0,033;-1,614;409;45,477;-0,121;-2,069;0,715;-7,369;-2,069;False;1,423;0
Euro Stoxx 50;Indici;EMA 20/50;Solo long;3;483;53,002;-0,114;-2,07;402;55,224;0,027;-0,918;1,049;1,596;-2,07;False;2,69;0
Nasdaq 100;Indici;ADX>20 + direzione DI;Long+Short;10;145;47,586;-0,495;-2,071;117;60,684;0,348;0,506;1,229;6,04;-2,071;False;6,243;0
Nasdaq 100;Indici;Momentum 10g;Solo short;1;846;41,962;-0,108;-2,071;631;45,642;-0,079;-0,632;0,87;-7,379;-2,071;False;1,768;0
S&P 500;Indici;SMA200 + Momentum20 concordi;Solo long;3;521;56,046;0,018;-2,072;367;58,038;0,102;-0,569;1,238;5,546;-2,072;False;2,023;0
S&P 500;Indici;EMA 20/50;Long+Short;20;116;56,897;-0,195;-2,073;84;64,286;0,251;-0,67;1,142;3,124;-2,073;False;7,427;0
Argento;Commodities;EMA 20/50;Solo short;1;1334;40,855;-0,041;-2,073;711;37,975;-0,08;-1,719;0,854;-8,454;-2,073;False;2,013;0
Gas naturale;Commodities;ADX>25 + direzione DI;Long+Short;3;242;45,455;-0,687;-2,074;226;46,903;-0,795;-1,679;0,751;-26,643;-2,074;False;10,92;0
S&P 500;Indici;ADX>20 + direzione DI;Solo long;5;165;60,606;-0,016;-2,076;134;56,716;0,061;-1,179;1,099;1,221;-2,076;False;2,594;0
Nasdaq 100;Indici;Momentum 20g;Long+Short;40;58;51,724;-0,018;-1,379;42;42,857;-1,691;-2,077;0,609;-10,537;-2,077;False;12,302;0
EUR/CHF;Valute;Prezzo vs SMA20;Long+Short;60;41;36,585;-1,014;-2,078;28;57,143;0,38;0,878;1,732;1,577;-2,078;False;4,509;0
S&P 500;Indici;Prezzo vs SMA200 + filtro VIX;Long+Short;20;109;60,55;0,076;-2,08;76;65,789;0,442;-0,648;1,27;4,989;-2,08;False;6,729;0
Argento;Commodities;Breakout Donchian 55;Solo long;1;1154;36,222;-0,124;-2,081;1102;41,198;-0,096;-1,108;0,856;-15,684;-2,081;False;2,378;0
USD/JPY;Valute;SMA200 + Momentum20 concordi;Long+Short;1;1586;46,658;-0,011;-0,809;1213;50,536;-0,025;-2,081;0,88;-4,547;-2,081;False;1,168;0
Argento;Commodities;Reversione RSI2;Solo short;1;334;38,024;-0,11;-2,083;240;47,5;0,053;0,218;1,082;1,888;-2,083;False;2,243;0
GBP/USD;Valute;Breakout Donchian 55;Solo long;1;1032;45,446;-0,04;-2,083;967;47,26;-0,028;-1,87;0,862;-4,054;-2,083;False;1,037;0
Euro Stoxx 50;Indici;Momentum 5g;Long+Short;20;116;43,103;-0,829;-2,088;83;51,807;0,593;0,87;1,417;7,3;-2,088;False;7,926;0
FTSE MIB;Indici;Fine/inizio mese;Long+Short;1;111;52,252;0,002;0,376;81;39,506;-0,208;-2,089;0,531;-2,499;-2,089;False;1,708;0
FTSE MIB;Indici;Fine/inizio mese;Solo long;1;111;52,252;0,002;0,376;81;39,506;-0,208;-2,089;0,531;-2,499;-2,089;False;1,708;0
S&P 500;Indici;Breakout Donchian 55 + filtro VIX;Long+Short;5;407;55,283;-0,033;-2,089;284;59,155;0,122;-0,504;1,179;5,126;-2,089;False;2,913;0
Argento;Commodities;EMA 50/200;Solo short;1;1579;39,265;-0,031;-2,057;459;37,691;-0,122;-2,089;0,786;-8,276;-2,089;False;1,865;0
Ethereum;Cripto;Reversione RSI2;Long+Short;3;83;46,988;-1,115;-1,2;340;50,882;-0,896;-2,091;0,707;-45,163;-2,091;False;14,899;0
Oro;Commodities;Breakout Donchian 55;Long+Short;60;39;33,333;-2,164;-2,093;27;51,852;3,289;0,58;2,376;13,171;-2,093;False;12,548;0
GBP/USD;Valute;Momentum 20g;Long+Short;1;2402;46,878;-0,023;-2,094;1754;47,662;-0,02;-1,562;0,903;-5,268;-2,094;False;1,082;0
USD/JPY;Valute;Momentum 10g;Long+Short;1;2403;46,775;-0,024;-2,095;1753;48,831;-0,015;-1,383;0,931;-3,85;-2,095;False;1,133;0
Euro Stoxx 50;Indici;EMA 50/200;Long+Short;5;461;49,892;-0,085;-0,821;338;51,183;-0,221;-2,097;0,791;-11,094;-2,097;False;4,204;0
S&P 500;Indici;SMA200 + Momentum20 concordi;Long+Short;3;598;53,846;-0,039;-2,098;450;56,444;0,066;-0,249;1,114;4,385;-2,098;False;2,452;0
Oro;Commodities;Breakout Donchian 55;Long+Short;10;232;40,948;-0,386;-2,098;168;52,381;0,388;0,438;1,382;9,665;-2,098;False;5,054;0
Nasdaq 100;Indici;Breakout Donchian 55 + filtro VIX;Long+Short;5;407;54,791;-0,006;-2,099;284;57,394;0,146;-0,488;1,155;6,157;-2,099;False;3,761;0
EUR/CHF;Valute;Breakout Donchian 20;Solo short;3;476;46,218;-0,02;-1,123;367;49,319;-0,036;-2,099;0,832;-1,982;-2,099;False;1,015;0
DAX;Indici;Momentum 5g;Solo long;5;345;51,884;-0,12;-2,099;250;54,8;0,146;-0,338;1,198;5,427;-2,099;False;3,881;0
Nasdaq 100;Indici;Momentum 20g;Long+Short;1;2316;50,691;-0,027;-2,099;1692;51,537;-0,023;-1,196;0,949;-5,822;-2,099;False;1,591;0
EUR/CHF;Valute;Breakout Donchian 55 + filtro VIX;Solo long;1;680;45,0;-0,025;-1,182;600;44,833;-0,032;-2,1;0,748;-2,861;-2,1;False;0,696;0
EUR/USD;Valute;EMA 50/200;Long+Short;1;2403;48,98;-0,015;-1,421;1754;46,864;-0,023;-2,102;0,875;-5,966;-2,102;False;1,055;0
Gas naturale;Commodities;ADX>25 + direzione DI;Solo long;10;56;48,214;-1,655;-1,131;60;41,667;-2,537;-2,106;0,611;-22,575;-2,106;False;21,35;0
EUR/CHF;Valute;Momentum 120g;Long+Short;5;481;46,154;0,003;-0,155;350;48,0;-0,062;-2,107;0,783;-3,206;-2,107;False;1,3;0
Euro Stoxx 50;Indici;SMA200 + Momentum20 concordi;Long+Short;10;190;48,947;-0,516;-2,108;141;48,227;-0,14;-0,805;0,906;-2,924;-2,108;False;5,551;0
FTSE MIB;Indici;Momentum 20g;Long+Short;10;234;47,436;0,036;0,127;171;42,105;-0,587;-2,109;0,66;-14,901;-2,109;False;6,737;0
Nasdaq 100;Indici;Momentum 120g + filtro VIX;Long+Short;60;39;61,538;0,077;-2,109;25;76,0;5,213;1,027;4,702;19,333;-2,109;False;15,424;0
Oro;Commodities;ADX>25 + direzione DI;Solo long;1;415;44,337;-0,073;-1,399;519;49,133;-0,107;-2,11;0,79;-8,217;-2,11;False;1,845;0
S&P 500;Indici;Momentum 60g + filtro VIX;Long+Short;3;667;55,022;-0,016;-2,111;463;57,019;0,101;-0,024;1,197;6,91;-2,111;False;2,158;0
S&P 500;Indici;Breakout Donchian 55 + filtro VIX;Solo long;3;559;58,14;0,022;-2,112;401;56,858;0,115;-0,348;1,24;6,823;-2,112;False;2,115;0
S&P 500;Indici;ADX>25 + direzione DI;Long+Short;10;87;50,575;-0,526;-2,114;73;52,055;-0,233;-0,756;0,848;-2,526;-2,114;False;5,782;0
DAX;Indici;EMA 20/50;Long+Short;40;59;47,458;-0,487;-1,255;42;57,143;-1,406;-2,115;0,597;-8,761;-2,115;False;13,861;0
Euro Stoxx 50;Indici;Momentum 60g + filtro VIX;Long+Short;3;664;48,193;-0,136;-2,115;464;52,371;-0,04;-1,222;0,935;-2,76;-2,115;False;2,876;0
Euro Stoxx 50;Indici;Momentum 60g + filtro VIX;Long+Short;5;406;49,261;-0,225;-2,117;284;53,169;-0,171;-1,977;0,803;-7,209;-2,117;False;4,017;0
DAX;Indici;Prezzo vs SMA50;Long+Short;40;59;49,153;-0,378;-1,066;42;50,0;-1,671;-2,118;0,539;-10,412;-2,118;False;13,861;0
USD/JPY;Valute;EMA 10/30;Long+Short;1;2403;46,567;-0,024;-2,119;1754;48,29;-0,015;-1,46;0,929;-3,945;-2,119;False;1,165;0
EUR/CHF;Valute;SMA200 + Momentum20 concordi;Solo long;5;149;44,966;-0,049;0,06;90;35,556;-0,157;-2,119;0,477;-2,094;-2,119;False;1,139;0
Nasdaq 100;Indici;EMA 10/30;Long+Short;10;232;51,293;-0,13;-2,121;168;56,548;0,049;-0,937;1,032;1,223;-2,121;False;6,147;0
EUR/CHF;Valute;EMA 50/200;Solo long;1;708;46,61;-0,017;-0,567;365;45,753;-0,04;-2,123;0,685;-2,176;-2,123;False;0,635;0
Euro Stoxx 50;Indici;Prezzo vs SMA20;Long+Short;20;116;44,828;-0,865;-2,123;83;44,578;-0,012;-0,335;0,993;-0,147;-2,123;False;7,818;0
Nasdaq 100;Indici;Breakout Donchian 20;Long+Short;60;39;53,846;-0,41;-2,125;27;66,667;3,366;0,121;2,483;13,484;-2,125;False;15,239;0
Oro;Commodities;Momentum 5g;Solo short;1;1106;45,931;-0,014;-0,923;712;42,697;-0,104;-2,125;0,765;-10,972;-2,125;False;1,51;0
EUR/CHF;Valute;Reversione RSI2 nel trend SMA200;Long+Short;1;196;51,531;0,013;0,328;154;46,753;-0,06;-2,127;0,64;-1,359;-2,127;False;0,85;0
Nasdaq 100;Indici;EMA 20/50;Long+Short;20;116;56,034;-0,039;-2,128;84;60,714;0,374;-0,603;1,163;4,661;-2,128;False;9,027;0
Nasdaq 100;Indici;Prezzo vs SMA100;Long+Short;10;232;54,31;-0,045;-2,128;168;60,119;0,311;-0,434;1,219;7,744;-2,128;False;6,199;0
Euro Stoxx 50;Indici;Prezzo vs SMA100;Long+Short;3;768;48,568;-0,144;-2,13;564;48,404;-0,097;-1,553;0,868;-8,15;-2,13;False;3,139;0
EUR/CHF;Valute;Momentum 60g + filtro VIX;Solo short;3;426;42,958;-0,032;-2,13;289;51,211;0,013;-0,331;1,078;0,573;-2,13;False;0,954;0
S&P 500;Indici;EMA 10/30;Long+Short;20;116;52,586;-0,386;-2,133;84;63,095;0,148;-0,824;1,082;1,849;-2,133;False;7,424;0
Bitcoin;Cripto;Momentum 5g;Solo long;1;985;51,269;0,295;0,73;1317;44,951;-0,023;-2,133;0,977;-4,528;-2,133;False;4,554;0
GBP/USD;Valute;Acquisto su picco VIX;Long+Short;20;30;43,333;-1,065;-2,135;23;47,826;-0,489;-0,707;0,702;-1,668;-2,135;False;4,628;0
GBP/USD;Valute;Acquisto su picco VIX;Solo long;20;30;43,333;-1,065;-2,135;23;47,826;-0,489;-0,707;0,702;-1,668;-2,135;False;4,628;0
EUR/USD;Valute;Momentum 60g;Long+Short;1;2401;47,647;-0,021;-1,947;1754;45,781;-0,024;-2,137;0,872;-6,127;-2,137;False;1,05;0
Nasdaq 100;Indici;Prezzo vs SMA100;Solo long;3;640;56,719;0,042;-2,138;437;57,208;0,146;-0,661;1,218;9,441;-2,138;False;2,776;0
Argento;Commodities;Momentum 5g;Long+Short;1;2312;38,581;-0,042;-1,456;1692;38,889;-0,106;-2,139;0,834;-26,617;-2,139;False;2,185;0
GBP/USD;Valute;Acquisto su picco VIX;Long+Short;10;43;34,884;-0,794;-2,139;34;47,059;-0,287;-0,649;0,73;-1,446;-2,139;False;2,999;0
GBP/USD;Valute;Acquisto su picco VIX;Solo long;10;43;34,884;-0,794;-2,139;34;47,059;-0,287;-0,649;0,73;-1,446;-2,139;False;2,999;0
EUR/USD;Valute;Breakout Donchian 55 + filtro VIX;Solo short;1;1028;47,957;-0,03;-2,139;618;49,191;-0,014;-0,668;0,919;-1,254;-2,139;False;1,079;0
S&P 500;Indici;Prezzo vs SMA20;Solo short;1;758;42,876;-0,12;-2,142;552;46,014;-0,077;-0,914;0,857;-6,286;-2,142;False;1,65;0
Euro Stoxx 50;Indici;Breakout Donchian 55 + filtro VIX;Long+Short;3;664;48,193;-0,138;-2,143;464;53,879;0,026;-0,313;1,044;1,779;-2,143;False;2,888;0
DAX;Indici;SMA200 + Momentum20 concordi;Long+Short;1;1573;49,968;-0,014;-0,452;1174;50,852;-0,052;-2,143;0,846;-9,097;-2,143;False;1,49;0
Oro;Commodities;Breakout Donchian 55 + filtro VIX;Solo long;3;361;45,429;-0,152;-2,144;333;51,051;0,128;-0,213;1,194;6,319;-2,144;False;2,755;0
Nasdaq 100;Indici;Prezzo vs SMA50;Solo long;3;596;56,208;0,044;-2,145;408;59,559;0,154;-0,553;1,24;9,33;-2,145;False;2,763;0
DAX;Indici;Momentum 120g;Solo long;1;1651;49,97;-0,035;-1,365;1259;51,867;-0,037;-2,146;0,871;-7,004;-2,146;False;1,375;0
Nasdaq 100;Indici;Prezzo vs SMA200 + filtro VIX;Solo short;1;152;38,816;-0,194;-2,147;161;50,932;-0,021;0,166;0,967;-0,492;-2,147;False;1,734;0
Euro Stoxx 50;Indici;Momentum 20g;Long+Short;1;2302;48,132;-0,04;-1,821;1695;48,083;-0,053;-2,147;0,867;-13,348;-2,147;False;1,592;0
Euro Stoxx 50;Indici;EMA 20/50;Long+Short;10;231;44,589;-0,43;-2,147;168;50,595;-0,228;-1,289;0,84;-5,694;-2,147;False;6,125;0
Nasdaq 100;Indici;ADX>25 + direzione DI;Solo long;20;35;57,143;-0,036;-2,147;29;55,172;0,749;-0,573;1,35;3,221;-2,147;False;6,81;0
Oro;Commodities;Prezzo vs SMA200;Solo long;1;1232;45,049;-0,062;-2,149;1286;51,322;-0,049;-2,054;0,887;-9,256;-2,149;False;1,623;0
Nasdaq 100;Indici;EMA 20/50;Solo short;10;59;27,119;-1,912;-2,151;50;42,0;-1,288;-0,642;0,579;-9,554;-2,151;False;8,421;0
EUR/CHF;Valute;Breakout Donchian 20;Long+Short;5;481;41,372;-0,05;-1,078;350;51,143;-0,066;-2,152;0,769;-3,422;-2,152;False;1,383;0
S&P 500;Indici;ADX>20 + direzione DI;Long+Short;3;437;48,513;-0,101;-1,509;333;47,447;-0,198;-2,155;0,745;-9,791;-2,155;False;2,776;0
Euro Stoxx 50;Indici;EMA 50/200 + filtro VIX;Long+Short;1;1921;48,725;-0,046;-2,157;1359;51,361;-0,013;-1,178;0,96;-2,562;-2,157;False;1,444;0
Nasdaq 100;Indici;Momentum 120g + filtro VIX;Solo long;1;1732;53,118;-0,007;-2,158;1182;53,723;-0,016;-2,101;0,955;-2,804;-2,158;False;1,38;0
Euro Stoxx 50;Indici;Prezzo vs SMA100;Long+Short;20;116;41,379;-0,849;-2,16;83;46,988;-0,028;-0,625;0,984;-0,344;-2,16;False;7,792;0
Oro;Commodities;Breakout Donchian 55;Long+Short;3;771;46,952;-0,121;-2,161;565;51,858;0,007;-0,766;1,009;0,573;-2,161;False;2,8;0
EUR/CHF;Valute;Breakout Donchian 20;Long+Short;10;241;45,643;-0,087;-1,091;174;49,425;-0,14;-2,162;0,684;-3,615;-2,162;False;1,95;0
Nasdaq 100;Indici;Prezzo vs SMA50;Long+Short;40;58;48,276;-0,632;-2,034;42;50,0;-1,026;-2,162;0,743;-6,39;-2,162;False;13,44;0
Argento;Commodities;ADX>25 + direzione DI;Solo short;3;173;43,931;-0,173;-0,851;73;42,466;-1,303;-2,163;0,429;-14,104;-2,163;False;5,055;0
Argento;Commodities;Momentum 60g;Solo short;1;1234;40,843;-0,014;-1,247;690;37,826;-0,111;-2,165;0,807;-11,385;-2,165;False;2,108;0
EUR/USD;Valute;Prezzo vs SMA20;Long+Short;5;481;46,985;-0,115;-2,165;350;47,429;-0,066;-1,153;0,845;-3,428;-2,165;False;2,037;0
DAX;Indici;Momentum 60g;Solo long;1;1529;50,883;-0,026;-0,857;1184;51,605;-0,04;-2,167;0,864;-7,013;-2,167;False;1,383;0
USD/JPY;Valute;EMA 50/200 + filtro VIX;Long+Short;1;2002;48,501;-0,003;-0,323;1407;52,523;-0,022;-2,169;0,894;-4,6;-2,169;False;1,122;0
FTSE MIB;Indici;Momentum 5g;Solo long;1;1241;47,623;-0,115;-2,17;1004;52,689;0,004;0,327;1,014;0,652;-2,17;False;1,654;0
Euro Stoxx 50;Indici;ADX>25 + direzione DI;Long+Short;10;91;41,758;-0,651;-2,173;61;47,541;-0,668;-1,222;0,637;-6,047;-2,173;False;5,668;0
DAX;Indici;Momentum 20g;Solo long;1;1380;50,145;-0,029;-0,957;1050;51,714;-0,044;-2,173;0,852;-6,882;-2,173;False;1,344;0
Gas naturale;Commodities;ADX>25 + direzione DI;Solo short;1;295;47,119;-0,242;-2,173;203;50,246;-0,118;-0,595;0,931;-3,559;-2,173;False;5,609;0
S&P 500;Indici;Prezzo vs SMA20;Solo long;3;573;56,545;0,016;-2,174;407;57,985;0,049;-1,248;1,096;2,959;-2,174;False;2,203;0
Nasdaq 100;Indici;Momentum 20g;Solo long;1;1571;53,215;-0,007;-2,174;1105;54,118;0,006;-1,204;1,017;0,964;-2,174;False;1,357;0
Euro Stoxx 50;Indici;Prezzo vs SMA200;Long+Short;10;231;48,918;-0,166;-0,917;168;47,619;-0,441;-2,175;0,713;-10,986;-2,175;False;5,662;0
Argento;Commodities;Reversione RSI2 nel trend SMA200;Solo short;10;51;37,255;-1,411;-2,177;20;40,0;-1,964;-0,819;0,433;-5,826;-2,177;False;8,874;0
Oro;Commodities;Momentum 10g;Long+Short;60;39;43,59;-1,098;-0,817;27;37,037;-2,639;-2,177;0,508;-10,568;-2,177;False;15,22;0
S&P 500;Indici;Momentum 60g + filtro VIX;Long+Short;60;39;56,41;-0,967;-2,177;25;64,0;2,486;0,486;2,517;9,22;-2,177;False;12,188;0
Euro Stoxx 50;Indici;Prezzo vs SMA50;Long+Short;20;116;39,655;-0,899;-2,18;83;46,988;0,206;-0,122;1,128;2,54;-2,18;False;7,181;0
S&P 500;Indici;Prezzo vs SMA50;Long+Short;40;58;50,0;-0,374;-1,507;42;54,762;-0,718;-2,181;0,747;-4,477;-2,181;False;9,791;0
S&P 500;Indici;Breakout Donchian 55;Long+Short;3;772;51,813;-0,047;-2,181;564;54,61;0,026;-0,582;1,039;2,169;-2,181;False;2,535;0
S&P 500;Indici;EMA 10/30;Long+Short;40;58;50,0;-0,374;-1,507;42;52,381;-0,827;-2,181;0,714;-5,156;-2,181;False;9,791;0
Nasdaq 100;Indici;ADX>20 + direzione DI;Solo long;5;164;56,707;-0,001;-2,182;138;58,696;0,426;0,231;1,528;8,712;-2,182;False;3,633;0
Gas naturale;Commodities;Fine/inizio mese;Long+Short;3;111;40,541;-1,032;-2,185;80;46,25;-0,34;-0,664;0,883;-4,032;-2,185;False;9,565;0
Gas naturale;Commodities;Fine/inizio mese;Solo long;3;111;40,541;-1,032;-2,185;80;46,25;-0,34;-0,664;0,883;-4,032;-2,185;False;9,565;0
GBP/USD;Valute;Momentum 120g;Solo long;1;1196;45,652;-0,022;-1,235;963;47,144;-0,032;-2,185;0,839;-4,548;-2,185;False;0,984;0
S&P 500;Indici;Breakout Donchian 55 + filtro VIX;Long+Short;10;209;54,067;-0,077;-2,186;147;58,503;0,382;0,142;1,426;8,336;-2,186;False;4,295;0
Petrolio WTI;Commodities;Reversione RSI2 nel trend SMA200;Long+Short;10;84;34,524;-1,333;-2,188;68;60,294;0,023;0,217;1,006;0,229;-2,188;False;12,455;0
Euro Stoxx 50;Indici;ADX>20 + direzione DI;Solo short;5;157;38,854;-0,598;-2,194;87;34,483;-0,604;-0,926;0,65;-7,802;-2,194;False;5,349;0
Oro;Commodities;Prezzo vs SMA50;Solo long;1;1117;44,136;-0,065;-2,197;1052;50,856;-0,043;-1,685;0,9;-6,772;-2,197;False;1,622;0
EUR/USD;Valute;Momentum 5g;Solo short;3;495;48,283;-0,068;-2,201;362;47,514;-0,039;-0,78;0,881;-2,072;-2,201;False;1,637;0
Oro;Commodities;Prezzo vs SMA100;Long+Short;1;2313;45,741;-0,04;-2,203;1695;50,265;-0,045;-1,888;0,893;-11,202;-2,203;False;1,528;0
EUR/CHF;Valute;Breakout Donchian 55;Solo long;20;43;53,488;-0,144;0,301;35;34,286;-0,681;-2,203;0,216;-3,537;-2,203;False;2,921;0
Oro;Commodities;ADX>25 + direzione DI;Solo short;1;454;46,696;-0,083;-2,144;257;40,467;-0,187;-2,206;0,646;-7,135;-2,206;False;1,723;0
Argento;Commodities;Breakout Donchian 55;Solo short;1;1159;40,121;-0,052;-2,209;593;38,617;-0,069;-1,387;0,875;-6,032;-2,209;False;1,979;0
EUR/USD;Valute;Momentum 5g;Long+Short;5;481;46,57;-0,117;-2,212;350;47,429;-0,055;-0,956;0,87;-2,846;-2,212;False;2,056;0
S&P 500;Indici;Momentum 5g;Long+Short;5;464;52,802;-0,102;-1,82;337;46,588;-0,234;-2,213;0,761;-11,693;-2,213;False;3,424;0
Nasdaq 100;Indici;ADX>20 + direzione DI;Solo short;3;198;38,384;-0,494;-2,215;154;40,26;-0,187;0,077;0,86;-4,264;-2,215;False;4,073;0
GBP/USD;Valute;Prezzo vs SMA200;Long+Short;1;2403;47,69;-0,016;-1,452;1754;47,263;-0,028;-2,216;0,866;-7,412;-2,216;False;1,106;0
Oro;Commodities;Breakout Donchian 55;Solo long;3;428;46,028;-0,15;-2,216;416;52,404;0,057;-0,934;1,077;3,511;-2,216;False;2,885;0
Nasdaq 100;Indici;Prezzo vs SMA100;Long+Short;5;464;55,388;-0,043;-2,216;337;52,522;0,066;-0,807;1,06;3,307;-2,216;False;4,504;0
S&P 500;Indici;ADX>25 + direzione DI;Long+Short;1;705;46,099;-0,079;-2,217;604;51,159;-0,054;-1,219;0,867;-4,834;-2,217;False;1,491;0
S&P 500;Indici;Prezzo vs SMA100;Solo short;3;180;37,778;-0,483;-2,219;137;43,796;-0,155;-0,065;0,867;-3,157;-2,219;False;3,564;0
Euro Stoxx 50;Indici;Momentum 60g + filtro VIX;Long+Short;20;108;43,519;-0,833;-2,22;78;52,564;-0,34;-0,993;0,815;-3,931;-2,22;False;8,611;0
Nasdaq 100;Indici;Momentum 120g;Solo long;1;1952;53,125;-0,01;-2,221;1353;53,732;-0,021;-2,207;0,947;-4,118;-2,221;False;1,474;0
Gas naturale;Commodities;Momentum 60g + filtro VIX;Solo short;1;957;50,052;-0,065;-2,222;621;50,081;0,103;0,261;1,075;9,456;-2,222;False;4,699;0
DAX;Indici;Breakout Donchian 20;Solo long;1;1330;51,278;-0,023;-0,667;1013;51,037;-0,049;-2,222;0,845;-7,39;-2,222;False;1,383;0
Euro Stoxx 50;Indici;Momentum 60g + filtro VIX;Solo long;3;471;52,442;-0,141;-2,224;362;56,077;0,006;-1,158;1,01;0,296;-2,224;False;2,68;0
Petrolio WTI;Commodities;Breakout Donchian 55 + filtro VIX;Solo long;1;1169;50,47;-0,035;-0,26;726;48,76;-0,181;-2,224;0,809;-19,48;-2,224;False;3,171;0
Argento;Commodities;Reversione RSI2 nel trend SMA200;Solo short;1;135;37,037;-0,193;-2,229;44;40,909;-0,149;-0,896;0,719;-0,972;-2,229;False;1,557;0
Nasdaq 100;Indici;ADX>20 + direzione DI;Long+Short;5;269;47,955;-0,283;-2,233;215;56,279;0,154;0,353;1,132;4,896;-2,233;False;4,617;0
Oro;Commodities;EMA 20/50;Solo long;1;1180;44,661;-0,065;-2,233;1146;52,094;-0,04;-1,651;0,908;-6,726;-2,233;False;1,609;0
Euro Stoxx 50;Indici;Prezzo vs SMA50;Solo long;1;1331;49,662;-0,046;-1,957;1102;50,454;-0,031;-2,234;0,899;-5,086;-2,234;False;1,381;0
Nasdaq 100;Indici;EMA 20/50;Long+Short;5;464;54,741;-0,048;-2,239;337;52,522;-0,011;-1,238;0,99;-0,569;-2,239;False;4,416;0
EUR/CHF;Valute;SMA200 + Momentum20 concordi;Long+Short;5;364;47,527;-0,028;-0,722;268;48,507;-0,078;-2,24;0,731;-3,104;-2,24;False;1,313;0
Euro Stoxx 50;Indici;ADX>20 + direzione DI;Solo short;1;676;43,491;-0,113;-2,242;345;41,159;-0,15;-1,392;0,768;-7,674;-2,242;False;2,102;0
EUR/CHF;Valute;Reversione RSI2;Long+Short;5;253;47,036;0,075;1,063;180;43,333;-0,111;-2,244;0,637;-2,974;-2,244;False;1,518;0
GBP/USD;Valute;Momentum 5g;Solo long;1;1175;45,362;-0,043;-2,246;870;47,356;-0,021;-1,281;0,897;-2,687;-2,246;False;1,105;0
FTSE MIB;Indici;ADX>20 + direzione DI;Long+Short;20;89;37,079;-1,443;-2,246;54;40,741;-0,762;-1,03;0,708;-6,106;-2,246;False;10,6;0
EUR/CHF;Valute;Breakout Donchian 55;Solo long;10;83;49,398;-0,069;0,343;70;35,714;-0,359;-2,247;0,375;-3,724;-2,247;False;2,056;0
USD/JPY;Valute;Momentum 5g;Solo short;1;1156;45,502;-0,046;-2,248;740;43,108;-0,04;-0,706;0,842;-4,349;-2,248;False;1,172;0
EUR/USD;Valute;Breakout Donchian 55 + filtro VIX;Long+Short;1;2003;48,128;-0,026;-2,249;1407;48,472;-0,012;-1,098;0,927;-2,545;-2,249;False;1,005;0
Gas naturale;Commodities;Prezzo vs SMA100;Long+Short;3;772;45,337;-0,352;-2,251;564;51,064;-0,207;-0,648;0,928;-17,355;-2,251;False;9,355;0
Nasdaq 100;Indici;Momentum 60g + filtro VIX;Solo short;1;304;39,474;-0,149;-2,252;238;47,479;-0,07;-0,363;0,871;-2,471;-2,252;False;1,625;0
EUR/USD;Valute;Breakout Donchian 55;Long+Short;1;2403;48,148;-0,025;-2,256;1754;47,263;-0,02;-1,85;0,888;-5,279;-2,256;False;1,057;0
Nasdaq 100;Indici;ADX>25 + direzione DI;Long+Short;40;32;62,5;0,624;-0,072;28;42,857;-3,619;-2,257;0,368;-15,034;-2,257;False;14,196;0
EUR/USD;Valute;Momentum 5g;Solo short;1;1248;47,196;-0,028;-2,257;881;47,9;-0,028;-1,714;0,846;-3,655;-2,257;False;1,055;0
Argento;Commodities;Momentum 20g;Long+Short;1;2313;41,332;-0,003;-0,188;1695;40,236;-0,112;-2,258;0,824;-28,229;-2,258;False;2,14;0
S&P 500;Indici;Breakout Donchian 20;Solo long;1;1493;51,038;-0,002;-2,0;1198;50,417;-0,024;-2,259;0,914;-4,186;-2,259;False;1,135;0
USD/JPY;Valute;Prezzo vs SMA200 + filtro VIX;Long+Short;1;2002;48,002;-0,001;-0,167;1407;51,599;-0,026;-2,263;0,877;-5,39;-2,263;False;1,124;0
DAX;Indici;Reversione RSI2 nel trend SMA200;Long+Short;20;60;35,0;-1,156;-2,265;47;57,447;-0,716;-1,269;0,684;-4,994;-2,265;False;9,047;0
EUR/CHF;Valute;EMA 20/50;Solo short;1;1437;44,12;-0,015;-1,395;1057;48,439;-0,014;-2,269;0,883;-2,249;-2,269;False;0,693;0
EUR/USD;Valute;Prezzo vs SMA50;Solo short;1;1257;46,698;-0,029;-2,27;909;47,305;-0,013;-0,723;0,927;-1,749;-2,27;False;1,077;0
DAX;Indici;Breakout Donchian 55 + filtro VIX;Long+Short;10;213;48,826;-0,34;-2,037;149;50,336;-0,345;-2,27;0,733;-7,635;-2,27;False;5,51;0
USD/JPY;Valute;Prezzo vs SMA50;Long+Short;1;2403;45,984;-0,026;-2,271;1754;48,461;-0,022;-1,936;0,9;-5,638;-2,271;False;1,169;0
EUR/CHF;Valute;Momentum 10g;Solo long;1;1092;41,117;-0,036;-2,271;793;45,019;-0,032;-2,097;0,771;-3,714;-2,271;False;0,701;0
Gas naturale;Commodities;EMA 20/50;Long+Short;1;2314;47,321;-0,105;-2,273;1696;49,528;-0,016;-0,166;0,989;-4,13;-2,273;False;4,838;0
EUR/CHF;Valute;Breakout Donchian 55;Solo short;5;324;48,457;0,023;-0,36;218;49,541;-0,062;-2,275;0,77;-1,991;-2,275;False;1,397;0
FTSE MIB;Indici;Momentum 60g + filtro VIX;Long+Short;1;1951;48,847;-0,052;-1,507;1374;48,472;-0,056;-2,276;0,839;-11,398;-2,276;False;1,667;0
Euro Stoxx 50;Indici;EMA 20/50;Solo short;1;884;44,91;-0,101;-2,278;509;45,776;-0,078;-0,815;0,859;-5,927;-2,278;False;1,993;0
S&P 500;Indici;EMA 10/30;Long+Short;5;464;52,155;-0,102;-2,282;337;52,522;-0,027;-1,146;0,97;-1,326;-2,282;False;3,407;0
EUR/USD;Valute;Momentum 5g;Solo long;1;1150;46,696;-0,045;-2,282;873;44,788;-0,024;-1,649;0,87;-3,16;-2,282;False;1,06;0
DAX;Indici;Prezzo vs SMA200 + filtro VIX;Long+Short;1;1946;49,589;-0,028;-1,181;1377;51,271;-0,041;-2,282;0,863;-8,412;-2,282;False;1,388;0
Petrolio WTI;Commodities;SMA200 + Momentum20 concordi;Solo long;1;850;50,353;-0,139;-2,286;582;52,577;0,018;0,06;1,021;1,554;-2,286;False;3,198;0
Gas naturale;Commodities;Acquisto su picco VIX;Long+Short;5;69;43,478;-1,805;-2,289;55;49,091;-0,678;-0,879;0,828;-5,53;-2,289;False;13,716;0
Gas naturale;Commodities;Acquisto su picco VIX;Solo long;5;69;43,478;-1,805;-2,289;55;49,091;-0,678;-0,879;0,828;-5,53;-2,289;False;13,716;0
S&P 500;Indici;Prezzo vs SMA100;Solo short;5;124;26,613;-0,825;-2,29;86;39,535;-0,463;-0,538;0,727;-5,908;-2,29;False;4,855;0
EUR/USD;Valute;Prezzo vs SMA100;Long+Short;3;801;47,441;-0,072;-2,295;584;49,829;-0,015;-0,436;0,953;-1,269;-2,295;False;1,631;0
EUR/CHF;Valute;Momentum 60g + filtro VIX;Long+Short;3;688;42,733;-0,049;-2,296;484;50,826;0,007;0,165;1,038;0,49;-2,296;False;0,991;0
S&P 500;Indici;Breakout Donchian 20;Long+Short;1;2316;48,618;-0,025;-1,954;1692;48,641;-0,044;-2,297;0,875;-11,132;-2,297;False;1,311;0
EUR/CHF;Valute;Breakout Donchian 55;Solo long;5;162;45,679;-0,044;0,138;140;41,429;-0,178;-2,297;0,499;-3,702;-2,297;False;1,367;0
Oro;Commodities;EMA 50/200;Solo long;1;1249;44,836;-0,058;-2,061;1397;50,823;-0,053;-2,298;0,877;-11,038;-2,298;False;1,635;0
Euro Stoxx 50;Indici;Momentum 10g;Long+Short;20;116;42,241;-0,944;-2,301;83;48,193;0,116;0,028;1,07;1,427;-2,301;False;7,806;0
DAX;Indici;Prezzo vs SMA20;Long+Short;1;2331;48,777;-0,017;-0,759;1716;48,31;-0,05;-2,304;0,858;-12,606;-2,304;False;1,468;0
DAX;Indici;EMA 50/200;Solo short;3;214;37,85;-0,452;-2,307;99;43,434;-0,497;-1,251;0,648;-7,3;-2,307;False;4,455;0
EUR/CHF;Valute;Prezzo vs SMA50;Long+Short;10;241;45,228;0,044;0,354;174;44,828;-0,156;-2,311;0,656;-4,02;-2,311;False;1,773;0
S&P 500;Indici;Momentum 5g;Long+Short;60;39;56,41;-0,497;-1,393;27;48,148;-1,168;-2,311;0,692;-4,678;-2,311;False;12,641;0
EUR/CHF;Valute;Breakout Donchian 20;Solo long;3;336;42,262;-0,061;-0,628;228;44,737;-0,116;-2,312;0,582;-3,922;-2,312;False;1,253;0
DAX;Indici;Breakout Donchian 55 + filtro VIX;Long+Short;5;411;50,608;-0,151;-1,896;286;47,902;-0,154;-2,317;0,806;-6,538;-2,317;False;3,653;0
Nasdaq 100;Indici;EMA 50/200 + filtro VIX;Solo long;1;1861;52,767;-0,009;-2,321;1154;54,073;-0,012;-1,943;0,966;-2,034;-2,321;False;1,378;0
FTSE MIB;Indici;Reversione RSI2;Solo short;1;332;49,699;0,062;0,349;318;43,082;-0,097;-2,323;0,718;-4,588;-2,323;False;1,286;0
EUR/CHF;Valute;Momentum 10g;Solo short;1;1296;43,287;-0,021;-1,586;961;46,826;-0,016;-2,324;0,869;-2,292;-2,324;False;0,665;0
DAX;Indici;Momentum 5g;Solo long;1;1330;48,421;-0,062;-2,326;983;51,373;-0,031;-1,548;0,897;-4,52;-2,326;False;1,404;0
Nasdaq 100;Indici;EMA 20/50;Long+Short;40;58;55,172;-0,066;-2,326;42;54,762;0,411;-0,617;1,125;2,558;-2,326;False;12,607;0
S&P 500;Indici;Prezzo vs SMA20;Long+Short;5;464;53,664;-0,13;-2,329;337;51,929;0,058;-0,234;1,07;2,911;-2,329;False;3,385;0
Argento;Commodities;EMA 50/200 + filtro VIX;Solo short;1;1281;39,891;-0,031;-1,838;333;34,835;-0,152;-2,33;0,725;-7,495;-2,33;False;1,825;0
Nasdaq 100;Indici;EMA 50/200;Solo long;1;2175;52,828;-0,013;-2,33;1397;54,259;0,007;-1,089;1,017;1,398;-2,33;False;1,554;0
EUR/CHF;Valute;EMA 10/30;Long+Short;10;241;44,813;0,034;0,193;174;45,977;-0,163;-2,337;0,643;-4,201;-2,337;False;1,785;0
Euro Stoxx 50;Indici;Prezzo vs SMA20;Solo long;1;1298;50,077;-0,033;-1,466;998;49,8;-0,038;-2,337;0,879;-5,611;-2,337;False;1,377;0
Argento;Commodities;ADX>25 + direzione DI;Solo short;10;66;51,515;0,355;0,795;29;34,483;-3,662;-2,337;0,213;-15,75;-2,337;False;10,483;0
EUR/CHF;Valute;Prezzo vs SMA50;Solo long;1;1055;42,938;-0,035;-2,324;763;45,216;-0,035;-2,339;0,747;-3,916;-2,339;False;0,71;0
Oro;Commodities;Momentum 20g;Solo long;1;1148;43,728;-0,062;-2,119;1016;49,705;-0,069;-2,339;0,846;-10,42;-2,339;False;1,623;0
S&P 500;Indici;Momentum 60g + filtro VIX;Long+Short;5;407;55,283;-0,053;-2,34;284;59,155;0,199;0,175;1,311;8,373;-2,34;False;2,872;0
USD/JPY;Valute;Acquisto su picco VIX;Long+Short;3;102;37,255;-0,201;-2,342;84;55,952;0,039;-0,256;1,097;0,487;-2,342;False;2,165;0
USD/JPY;Valute;Acquisto su picco VIX;Solo long;3;102;37,255;-0,201;-2,342;84;55,952;0,039;-0,256;1,097;0,487;-2,342;False;2,165;0
Gas naturale;Commodities;Acquisto su picco VIX;Long+Short;3;100;39,0;-1,086;-2,347;78;46,154;0,099;-0,068;1,029;1,148;-2,347;False;10,612;0
Gas naturale;Commodities;Acquisto su picco VIX;Solo long;3;100;39,0;-1,086;-2,347;78;46,154;0,099;-0,068;1,029;1,148;-2,347;False;10,612;0
DAX;Indici;EMA 50/200;Solo long;1;1700;49,529;-0,058;-2,35;1420;52,042;-0,032;-1,85;0,894;-6,733;-2,35;False;1,428;0
EUR/CHF;Valute;Momentum 120g;Long+Short;3;801;46,567;-0,003;-0,283;584;46,918;-0,046;-2,353;0,797;-4,026;-2,353;False;1,064;0
Argento;Commodities;EMA 10/30;Long+Short;1;2313;40,208;-0,023;-0,974;1695;39,882;-0,118;-2,356;0,817;-29,543;-2,356;False;2,157;0
Euro Stoxx 50;Indici;ADX>25 + direzione DI;Solo long;1;317;49,527;-0,072;-2,019;271;51,292;-0,086;-2,358;0,712;-3,466;-2,358;False;1,253;0
Bitcoin;Cripto;Reversione RSI2;Solo short;3;168;44,048;-2,033;-2,358;206;44,66;-1,022;-1,537;0,593;-31,227;-2,358;False;11,497;0
GBP/USD;Valute;EMA 50/200 + filtro VIX;Solo short;1;1184;48,142;-0,028;-2,091;419;44,869;-0,069;-2,359;0,731;-4,286;-2,359;False;1,183;0
S&P 500;Indici;SMA200 + Momentum20 concordi;Long+Short;20;108;58,333;-0,169;-2,36;76;64,474;0,272;-0,675;1,17;3,072;-2,36;False;7,544;0
DAX;Indici;EMA 50/200 + filtro VIX;Solo short;1;430;43,256;-0,113;-2,361;171;47,368;-0,069;-0,702;0,849;-1,745;-2,361;False;1,728;0
Nasdaq 100;Indici;ADX>25 + direzione DI;Long+Short;1;678;50,0;-0,09;-2,364;642;50,312;-0,063;-1,216;0,884;-5,953;-2,364;False;1,843;0
EUR/USD;Valute;Prezzo vs SMA50;Solo long;1;1146;45,724;-0,045;-2,365;845;44,852;-0,009;-0,667;0,951;-1,088;-2,365;False;1,043;0
DAX;Indici;Momentum 120g;Long+Short;1;2331;49,249;-0,032;-1,434;1716;50,291;-0,049;-2,373;0,859;-12,473;-2,373;False;1,567;0
Gas naturale;Commodities;ADX>25 + direzione DI;Solo short;3;115;41,739;-0,991;-2,376;75;48,0;-1,189;-1,25;0,651;-13,228;-2,376;False;11,415;0
Nasdaq 100;Indici;Breakout Donchian 55 + filtro VIX;Solo long;1;1646;52,795;-0,011;-2,379;1107;53,93;-0,014;-1,923;0,961;-2,31;-2,379;False;1,374;0
Argento;Commodities;Breakout Donchian 20;Long+Short;1;2313;40,208;-0,031;-1,254;1695;40,354;-0,121;-2,379;0,813;-30,321;-2,379;False;2,16;0
Nasdaq 100;Indici;Prezzo vs SMA50;Long+Short;5;464;52,586;-0,104;-2,383;337;52,819;0,071;-0,475;1,064;3,536;-2,383;False;4,285;0
Euro Stoxx 50;Indici;Momentum 60g;Long+Short;3;768;49,219;-0,087;-1,295;564;46,099;-0,173;-2,384;0,776;-14,516;-2,384;False;3,1;0
Oro;Commodities;Momentum 5g;Long+Short;5;463;49,676;0,053;0,496;338;46,154;-0,294;-2,387;0,74;-14,733;-2,387;False;3,505;0
EUR/CHF;Valute;Momentum 60g;Solo short;1;1414;42,857;-0,016;-1,411;1071;47,899;-0,016;-2,389;0,874;-2,51;-2,389;False;0,694;0
EUR/CHF;Valute;Prezzo vs SMA20;Solo long;1;1074;41,248;-0,034;-2,105;770;45,844;-0,036;-2,389;0,748;-4,077;-2,389;False;0,71;0
Nasdaq 100;Indici;Prezzo vs SMA200 + filtro VIX;Long+Short;10;209;52,153;0,037;-2,39;147;67,347;1,074;1,67;2,136;23,414;-2,39;False;5,365;0
Euro Stoxx 50;Indici;EMA 10/30;Long+Short;10;231;41,991;-0,491;-2,39;168;46,429;-0,327;-1,555;0,779;-8,148;-2,39;False;6,077;0
DAX;Indici;EMA 20/50;Long+Short;10;234;50,855;-0,176;-1,233;170;45,882;-0,414;-2,397;0,71;-10,447;-2,397;False;6,552;0
S&P 500;Indici;Prezzo vs SMA100;Long+Short;20;116;54,31;-0,351;-2,399;84;64,286;0,174;-0,933;1,097;2,173;-2,399;False;7,723;0
Nasdaq 100;Indici;Breakout Donchian 55 + filtro VIX;Solo short;3;102;39,216;-0,56;-2,399;90;37,778;-0,311;-0,364;0,746;-4,153;-2,399;False;3,465;0
Nasdaq 100;Indici;Momentum 60g;Solo short;5;123;33,333;-0,873;-2,404;111;47,748;-0,396;-0,068;0,764;-6,527;-2,404;False;5,333;0
Oro;Commodities;Reversione RSI2;Long+Short;1;634;41,009;-0,085;-2,405;453;47,461;-0,002;0,053;0,996;-0,123;-2,405;False;1,526;0
GBP/USD;Valute;EMA 50/200;Solo long;1;970;46,392;-0,027;-1,398;1150;46,783;-0,032;-2,406;0,833;-5,451;-2,406;False;0,988;0
EUR/USD;Valute;Momentum 60g + filtro VIX;Solo short;1;1055;47,014;-0,033;-2,408;662;46,677;-0,022;-1,199;0,871;-2,145;-2,408;False;1,045;0
S&P 500;Indici;ADX>20 + direzione DI;Long+Short;40;47;42,553;0,065;-0,307;34;50,0;-1,882;-2,408;0,469;-9,495;-2,408;False;9,862;0
GBP/USD;Valute;Momentum 5g;Solo short;1;1228;47,068;-0,03;-2,414;881;47,106;-0,024;-1,182;0,888;-3,178;-2,414;False;1,111;0
Argento;Commodities;Breakout Donchian 55 + filtro VIX;Long+Short;1;1936;38,74;-0,073;-2,415;1360;40,515;-0,068;-1,132;0,886;-13,8;-2,415;False;2,096;0
Gas naturale;Commodities;Prezzo vs SMA100;Long+Short;5;463;46,004;-0,639;-2,418;339;47,493;-0,957;-1,668;0,769;-48,13;-2,418;False;12,868;0
EUR/CHF;Valute;EMA 50/200 + filtro VIX;Long+Short;1;2003;45,132;-0,013;-2,231;1407;48,472;-0,015;-2,419;0,874;-3,069;-2,419;False;0,648;0
Euro Stoxx 50;Indici;Momentum 60g + filtro VIX;Solo long;1;1303;49,348;-0,057;-2,419;1017;50,836;-0,029;-2,106;0,904;-4,432;-2,419;False;1,381;0
EUR/CHF;Valute;EMA 50/200 + filtro VIX;Solo short;1;1413;44,798;-0,014;-2,422;1071;49,02;-0,013;-2,244;0,891;-2,066;-2,422;False;0,662;0
Euro Stoxx 50;Indici;Momentum 60g;Long+Short;5;461;47,722;-0,096;-0,897;338;46,45;-0,318;-2,424;0,713;-15,954;-2,424;False;4,117;0
S&P 500;Indici;EMA 50/200;Solo long;1;2045;51,149;-0,009;-2,425;1380;51,667;-0,018;-1,741;0,942;-3,628;-2,425;False;1,233;0
EUR/CHF;Valute;Prezzo vs SMA100;Solo long;1;940;43,617;-0,03;-1,79;689;44,993;-0,037;-2,425;0,731;-3,788;-2,425;False;0,694;0
S&P 500;Indici;Prezzo vs SMA100;Solo short;10;74;27,027;-1,401;-2,426;48;35,417;-0,923;-0,515;0,64;-6,571;-2,426;False;6,919;0
Bitcoin;Cripto;Reversione RSI2;Long+Short;3;274;48,175;-1,217;-2,429;367;49,864;-0,432;-1,196;0,821;-23,495;-2,429;False;11,978;0
DAX;Indici;Breakout Donchian 55 + filtro VIX;Long+Short;3;672;47,619;-0,132;-2,432;470;45,957;-0,08;-1,892;0,868;-5,605;-2,432;False;2,818;0
Argento;Commodities;Momentum 60g + filtro VIX;Solo short;1;1002;41,317;-0,015;-1,176;528;37,121;-0,13;-2,435;0,763;-10,163;-2,435;False;1,952;0
Ethereum;Cripto;Reversione RSI2;Long+Short;5;67;53,731;-0,509;-0,366;267;45,318;-1,428;-2,437;0,636;-56,542;-2,437;False;17,112;0
FTSE MIB;Indici;Momentum 10g;Long+Short;1;2335;48,308;-0,07;-2,439;1712;48,715;-0,023;-0,829;0,939;-5,914;-2,439;False;1,781;0
GBP/USD;Valute;Prezzo vs SMA50;Long+Short;1;2403;47,149;-0,027;-2,443;1754;47,092;-0,029;-2,237;0,863;-7,555;-2,443;False;1,104;0
GBP/USD;Valute;Momentum 10g;Solo long;1;1183;44,717;-0,045;-2,443;890;47,416;-0,019;-1,213;0,905;-2,545;-2,443;False;1,085;0
EUR/CHF;Valute;Prezzo vs SMA20;Long+Short;5;481;43,243;0,011;0,108;350;47,714;-0,081;-2,443;0,725;-4,204;-2,443;False;1,295;0
USD/JPY;Valute;Prezzo vs SMA200;Long+Short;1;2403;47,482;-0,009;-0,837;1754;51,026;-0,027;-2,443;0,877;-7,02;-2,443;False;1,161;0
Oro;Commodities;Breakout Donchian 55 + filtro VIX;Long+Short;5;407;45,209;-0,241;-2,447;287;52,613;0,117;-0,052;1,144;4,98;-2,447;False;3,486;0
FTSE MIB;Indici;ADX>20 + direzione DI;Long+Short;1;1342;47,019;-0,089;-2,45;799;45,932;-0,038;-0,828;0,907;-4,559;-2,45;False;1,901;0
Oro;Commodities;Prezzo vs SMA200 + filtro VIX;Long+Short;1;1936;46,178;-0,046;-2,451;1360;50,662;-0,046;-1,885;0,884;-9,233;-2,451;False;1,454;0
Nasdaq 100;Indici;SMA200 + Momentum20 concordi;Long+Short;10;203;55,665;-0,098;-2,451;142;60,563;0,569;0,262;1,44;11,997;-2,451;False;6,359;0
Nasdaq 100;Indici;Momentum 60g + filtro VIX;Long+Short;10;209;50,239;-0,097;-2,454;147;60,544;0,578;0,484;1,484;12,615;-2,454;False;5,393;0
Argento;Commodities;Momentum 60g;Long+Short;1;2313;39,343;-0,047;-1,703;1695;39,587;-0,123;-2,454;0,809;-30,984;-2,454;False;2,189;0
GBP/USD;Valute;Prezzo vs SMA20;Solo long;1;1185;45,148;-0,045;-2,454;909;47,415;-0,018;-1,146;0,911;-2,382;-2,454;False;1,102;0
EUR/CHF;Valute;Prezzo vs SMA20;Long+Short;10;241;45,228;0,016;0,097;174;45,402;-0,169;-2,455;0,633;-4,351;-2,455;False;1,773;0
Oro;Commodities;Momentum 60g;Long+Short;1;2312;45,891;-0,044;-2,456;1695;50,147;-0,033;-1,453;0,919;-8,371;-2,456;False;1,515;0
Argento;Commodities;Reversione RSI2 nel trend SMA200;Long+Short;5;102;45,098;-0,809;-2,457;68;41,176;-0,771;-1,934;0,619;-7,771;-2,457;False;6,725;0
Euro Stoxx 50;Indici;Prezzo vs SMA100;Solo long;1;1426;49,439;-0,053;-2,457;1165;50,815;-0,027;-2,092;0,912;-4,749;-2,457;False;1,381;0
EUR/CHF;Valute;Breakout Donchian 55;Solo short;3;537;46,741;0,003;-0,638;359;47,075;-0,048;-2,46;0,777;-2,56;-2,46;False;1,073;0
EUR/CHF;Valute;SMA200 + Momentum20 concordi;Solo long;3;227;43,172;-0,034;-0,079;138;42,754;-0,126;-2,462;0,516;-2,586;-2,462;False;0,993;0
DAX;Indici;Momentum 60g;Long+Short;1;2331;50,064;-0,021;-0,896;1716;49,359;-0,052;-2,463;0,852;-13,16;-2,463;False;1,536;0
Nasdaq 100;Indici;SMA200 + Momentum20 concordi;Long+Short;3;602;55,814;-0,041;-2,468;440;57,045;0,134;0,036;1,17;8,727;-2,468;False;2,965;0
Gas naturale;Commodities;Fine/inizio mese;Long+Short;5;111;37,838;-1,381;-2,469;80;53,75;-0,075;-0,529;0,977;-0,889;-2,469;False;11,747;0
Gas naturale;Commodities;Fine/inizio mese;Solo long;5;111;37,838;-1,381;-2,469;80;53,75;-0,075;-0,529;0,977;-0,889;-2,469;False;11,747;0
Euro Stoxx 50;Indici;Momentum 5g;Solo short;1;1007;43,793;-0,097;-2,471;721;42,58;-0,035;-0,245;0,925;-3,741;-2,471;False;1,8;0
Nasdaq 100;Indici;Prezzo vs SMA20;Long+Short;40;58;46,552;-0,81;-2,473;42;50,0;-1,053;-1,92;0,737;-6,563;-2,473;False;12,607;0
EUR/CHF;Valute;Momentum 120g;Long+Short;40;61;59,016;0,605;1,277;42;35,714;-0,517;-2,473;0,454;-3,22;-2,473;False;3,333;0
Oro;Commodities;Momentum 10g;Solo long;1;1205;43,817;-0,059;-2,069;968;49,38;-0,076;-2,476;0,83;-10,951;-2,476;False;1,621;0
Euro Stoxx 50;Indici;Breakout Donchian 55 + filtro VIX;Solo short;1;626;44,409;-0,109;-2,477;337;48,368;-0,06;-0,671;0,853;-3,023;-2,477;False;1,595;0
Euro Stoxx 50;Indici;Momentum 10g;Solo long;1;1292;48,762;-0,058;-2,478;970;48,969;-0,026;-1,755;0,918;-3,746;-2,478;False;1,41;0
Euro Stoxx 50;Indici;Prezzo vs SMA20;Long+Short;1;2302;48,697;-0,04;-1,807;1695;46,962;-0,062;-2,482;0,845;-15,672;-2,482;False;1,597;0
Argento;Commodities;EMA 50/200;Long+Short;1;2313;39,775;-0,06;-2,484;1695;39,528;-0,112;-2,093;0,825;-28,191;-2,484;False;2,213;0
Nasdaq 100;Indici;Momentum 60g;Long+Short;10;232;52,586;-0,142;-2,486;168;54,167;-0,14;-1,571;0,915;-3,49;-2,486;False;6,174;0
EUR/CHF;Valute;SMA200 + Momentum20 concordi;Solo short;1;949;44,152;-0,018;-1,668;795;47,673;-0,02;-2,488;0,839;-2,399;-2,488;False;0,712;0
Nasdaq 100;Indici;EMA 10/30;Long+Short;5;464;53,664;-0,107;-2,491;337;51,335;-0,083;-1,464;0,93;-4,13;-2,491;False;4,385;0
Petrolio WTI;Commodities;Momentum 10g;Long+Short;3;772;50,0;0,0;0,002;563;45,471;-0,552;-2,493;0,741;-46,085;-2,493;False;6,414;0
Argento;Commodities;ADX>25 + direzione DI;Long+Short;1;853;42,556;-0,083;-1,616;531;41,055;-0,29;-2,493;0,673;-22,843;-2,493;False;2,706;0
Nasdaq 100;Indici;EMA 20/50;Solo short;20;36;22,222;-3,327;-2,494;28;32,143;-2,892;-1,063;0,342;-12,015;-2,494;False;10,842;0
Euro Stoxx 50;Indici;Prezzo vs SMA50;Long+Short;1;2302;48,436;-0,055;-2,495;1695;47,906;-0,054;-2,293;0,863;-13,695;-2,495;False;1,614;0
GBP/USD;Valute;Momentum 10g;Solo short;1;1215;45,926;-0,032;-2,496;864;47,454;-0,022;-1,05;0,897;-2,831;-2,496;False;1,108;0
EUR/CHF;Valute;Momentum 20g;Solo long;1;1087;43,146;-0,02;-0,709;786;45,42;-0,037;-2,497;0,741;-4,282;-2,497;False;0,71;0
EUR/CHF;Valute;EMA 10/30;Solo long;1;1023;42,815;-0,036;-2,356;767;45,502;-0,036;-2,498;0,736;-4,09;-2,498;False;0,736;0
Oro;Commodities;Breakout Donchian 55;Long+Short;5;463;45,788;-0,234;-2,501;338;55,03;0,043;-0,675;1,048;2,172;-2,501;False;3,765;0
Euro Stoxx 50;Indici;Breakout Donchian 20;Long+Short;60;39;35,897;-2,916;-2,501;27;44,444;-0,932;-0,92;0,731;-3,734;-2,501;False;16,366;0
Nasdaq 100;Indici;Breakout Donchian 20;Long+Short;5;464;51,724;-0,143;-2,504;337;52,819;0,017;-0,727;1,015;0,862;-2,504;False;4,285;0
EUR/CHF;Valute;Prezzo vs SMA200;Solo long;1;944;43,644;-0,022;-1,234;523;43,595;-0,04;-2,504;0,698;-3,101;-2,504;False;0,628;0
Euro Stoxx 50;Indici;Breakout Donchian 20;Long+Short;20;116;39,655;-1,065;-2,505;83;46,988;-0,004;-0,173;0,998;-0,051;-2,505;False;7,739;0
DAX;Indici;Momentum 120g + filtro VIX;Solo long;1;1541;49,903;-0,037;-1,474;1109;51,758;-0,044;-2,507;0,842;-7,219;-2,507;False;1,323;0
EUR/USD;Valute;Prezzo vs SMA100;Solo short;1;1319;47,612;-0,031;-2,509;891;48,036;-0,016;-0,887;0,912;-2,111;-2,509;False;1,083;0
Nasdaq 100;Indici;Momentum 60g;Solo short;10;72;31,944;-1,608;-2,513;62;38,71;-1,074;-0,471;0,582;-9,877;-2,513;False;7,182;0
EUR/CHF;Valute;Breakout Donchian 55;Long+Short;10;241;49,793;0,009;-0,284;174;44,253;-0,165;-2,513;0,639;-4,257;-2,513;False;1,874;0
Euro Stoxx 50;Indici;Momentum 60g + filtro VIX;Solo short;1;618;45,307;-0,101;-2,262;342;44,152;-0,164;-2,514;0,648;-8,336;-2,514;False;1,678;0
Nasdaq 100;Indici;EMA 10/30;Long+Short;40;58;48,276;-0,515;-2,145;42;40,476;-2,02;-2,514;0,551;-12,589;-2,514;False;13,44;0
S&P 500;Indici;Prezzo vs SMA50;Solo long;3;586;56,143;0,007;-2,515;426;55,869;0,055;-1,177;1,108;3,501;-2,515;False;2,134;0
DAX;Indici;Momentum 5g;Long+Short;10;234;47,436;-0,572;-2,526;170;48,235;-0,052;-0,297;0,959;-1,301;-2,526;False;6,471;0
Euro Stoxx 50;Indici;EMA 10/30;Long+Short;1;2302;48,262;-0,056;-2,529;1695;48,496;-0,045;-1,948;0,885;-11,353;-2,529;False;1,614;0
Nasdaq 100;Indici;EMA 10/30;Long+Short;20;116;53,448;-0,394;-2,53;84;53,571;-0,401;-1,62;0,851;-4,996;-2,53;False;9,551;0
USD/JPY;Valute;EMA 50/200;Long+Short;1;2403;48,273;-0,012;-1,089;1754;51,824;-0,026;-2,531;0,881;-6,788;-2,531;False;1,165;0
S&P 500;Indici;Momentum 120g + filtro VIX;Solo long;1;1715;50,904;-0,007;-2,532;1146;50,611;-0,023;-2,431;0,91;-3,925;-2,532;False;1,091;0
Nasdaq 100;Indici;Prezzo vs SMA200 + filtro VIX;Solo long;1;1786;52,576;-0,012;-2,536;1196;53,93;-0,005;-1,701;0,986;-0,906;-2,536;False;1,368;0
S&P 500;Indici;Momentum 120g + filtro VIX;Long+Short;1;1938;49,897;-0,014;-2,54;1357;49,079;-0,033;-2,441;0,887;-6,554;-2,54;False;1,135;0
EUR/CHF;Valute;Momentum 120g;Solo long;1;954;44,235;-0,023;-1,35;587;44,463;-0,042;-2,542;0,701;-3,648;-2,542;False;0,647;0
EUR/CHF;Valute;Breakout Donchian 55;Solo long;3;269;46,84;-0,037;-0,167;230;45,217;-0,121;-2,542;0,571;-4,143;-2,542;False;1,206;0
S&P 500;Indici;Breakout Donchian 55 + filtro VIX;Solo short;1;317;40,063;-0,147;-2,544;175;44,571;-0,07;-0,616;0,837;-1,809;-2,544;False;1,291;0
Oro;Commodities;SMA200 + Momentum20 concordi;Solo long;1;783;45,977;-0,043;-1,075;880;49,773;-0,087;-2,547;0,814;-11,347;-2,547;False;1,699;0
EUR/CHF;Valute;Prezzo vs SMA50;Solo short;1;1348;43,472;-0,019;-1,541;991;47,73;-0,018;-2,548;0,856;-2,672;-2,548;False;0,687;0
DAX;Indici;Momentum 60g + filtro VIX;Solo short;1;503;46,72;-0,055;-1,442;316;41,772;-0,138;-2,548;0,666;-6,477;-2,548;False;1,507;0
S&P 500;Indici;ADX>20 + direzione DI;Long+Short;20;84;42,857;-0,892;-2,549;60;56,667;-0,222;-0,775;0,877;-1,977;-2,549;False;6,63;0
EUR/CHF;Valute;SMA200 + Momentum20 concordi;Solo long;1;593;43,676;-0,026;-1,274;351;42,735;-0,049;-2,556;0,657;-2,546;-2,556;False;0,708;0
GBP/USD;Valute;Prezzo vs SMA20;Solo short;1;1218;46,552;-0,033;-2,56;845;47,337;-0,02;-0,94;0,906;-2,555;-2,56;False;1,095;0
Euro Stoxx 50;Indici;Breakout Donchian 20;Solo long;1;1249;48,919;-0,053;-2,222;958;50,731;-0,046;-2,565;0,857;-6,592;-2,565;False;1,417;0
EUR/USD;Valute;Momentum 20g;Long+Short;1;2402;47,252;-0,028;-2,565;1754;46,693;-0,019;-1,737;0,894;-4,983;-2,565;False;1,057;0
Petrolio WTI;Commodities;Breakout Donchian 55 + filtro VIX;Long+Short;40;56;39,286;-1,893;-1,111;39;33,333;-7,005;-2,565;0,302;-40,516;-2,565;False;26,444;0
EUR/USD;Valute;Momentum 60g + filtro VIX;Long+Short;1;2001;46,977;-0,03;-2,565;1407;46,553;-0,019;-1,733;0,885;-4,066;-2,565;False;0,999;0
Nasdaq 100;Indici;Momentum 120g + filtro VIX;Long+Short;1;1938;52,012;-0,019;-2,569;1357;52,985;-0,026;-2,065;0,933;-5,319;-2,569;False;1,42;0
DAX;Indici;Momentum 20g;Long+Short;1;2331;48,82;-0,024;-1,112;1716;49,184;-0,055;-2,571;0,842;-14,09;-2,571;False;1,495;0
Oro;Commodities;EMA 10/30;Long+Short;1;2313;44,877;-0,044;-2,48;1695;48,968;-0,066;-2,572;0,847;-16,521;-2,572;False;1,518;0
Nasdaq 100;Indici;Breakout Donchian 55 + filtro VIX;Long+Short;3;667;53,823;-0,028;-2,576;463;55,076;0,105;-0,224;1,142;7,203;-2,576;False;2,878;0
S&P 500;Indici;Momentum 60g;Solo long;1;1772;51,185;-0,009;-2,578;1283;51,754;-0,019;-2,144;0,929;-3,66;-2,578;False;1,13;0
Euro Stoxx 50;Indici;Breakout Donchian 55 + filtro VIX;Solo long;1;1295;49,112;-0,061;-2,579;1022;52,055;0,006;-0,696;1,019;0,836;-2,579;False;1,383;0
S&P 500;Indici;Prezzo vs SMA20;Long+Short;20;116;50,0;-0,582;-2,581;84;60,714;0,104;-0,753;1,056;1,291;-2,581;False;7,474;0
GBP/USD;Valute;Momentum 120g + filtro VIX;Solo short;1;981;46,891;-0,029;-1,937;560;45,179;-0,058;-2,583;0,738;-4,843;-2,583;False;1,153;0
Euro Stoxx 50;Indici;EMA 50/200;Long+Short;1;2302;49,131;-0,041;-1,883;1695;50,501;-0,056;-2,587;0,859;-14,113;-2,587;False;1,632;0
S&P 500;Indici;Momentum 20g;Long+Short;20;116;51,724;-0,491;-2,588;84;61,905;0,146;-0,667;1,081;1,824;-2,588;False;7,909;0
EUR/USD;Valute;Prezzo vs SMA100;Solo long;1;1084;46,402;-0,05;-2,59;863;45,539;-0,012;-0,921;0,931;-1,557;-2,59;False;1,066;0
Euro Stoxx 50;Indici;Breakout Donchian 55;Long+Short;1;2302;47,958;-0,057;-2,59;1695;50,088;-0,025;-1,239;0,935;-6,241;-2,59;False;1,626;0
EUR/CHF;Valute;Momentum 5g;Long+Short;1;2384;41,569;-0,019;-1,689;1751;46,145;-0,019;-2,597;0,85;-4,978;-2,597;False;0,674;0
Nasdaq 100;Indici;EMA 50/200 + filtro VIX;Solo short;1;77;38,961;-0,26;-2,601;203;49,754;-0,066;-0,261;0,891;-1,993;-2,601;False;1,875;0
Euro Stoxx 50;Indici;EMA 20/50;Long+Short;5;461;46,204;-0,299;-2,609;338;50,592;-0,097;-1,087;0,903;-4,853;-2,609;False;4,223;0
Bitcoin;Cripto;Reversione RSI2;Long+Short;1;491;47,251;-0,586;-2,61;656;50,305;-0,183;-1,121;0,855;-17,777;-2,61;False;6,608;0
S&P 500;Indici;Momentum 5g;Solo long;1;1410;50,709;-0,016;-2,596;1011;49,258;-0,04;-2,615;0,863;-5,948;-2,615;False;1,161;0
S&P 500;Indici;Momentum 60g;Long+Short;3;772;51,425;-0,074;-2,62;564;56,56;0,054;-0,196;1,084;4,524;-2,62;False;2,519;0
EUR/USD;Valute;Momentum 10g;Solo short;1;1239;46,005;-0,034;-2,621;884;48,19;-0,026;-1,57;0,857;-3,391;-2,621;False;1,065;0
EUR/USD;Valute;EMA 20/50;Long+Short;1;2403;47,774;-0,029;-2,622;1754;46,693;-0,018;-1,604;0,902;-4,602;-2,622;False;1,068;0
Argento;Commodities;Prezzo vs SMA200;Long+Short;1;2313;40,035;-0,068;-2,622;1695;40,118;-0,069;-1,241;0,889;-17,254;-2,622;False;2,197;0
EUR/CHF;Valute;EMA 10/30;Solo short;1;1380;43,188;-0,02;-1,605;987;48,126;-0,019;-2,623;0,848;-2,823;-2,623;False;0,683;0
Euro Stoxx 50;Indici;Breakout Donchian 20;Long+Short;5;461;44,902;-0,31;-2,625;338;47,633;-0,299;-2,074;0,729;-14,977;-2,625;False;4,143;0
Oro;Commodities;Breakout Donchian 20;Long+Short;1;2313;45,396;-0,042;-2,368;1695;49,204;-0,067;-2,626;0,845;-16,723;-2,626;False;1,528;0
GBP/USD;Valute;Breakout Donchian 55 + filtro VIX;Solo short;1;1111;47,165;-0,037;-2,627;614;45,928;-0,053;-2,585;0,747;-4,841;-2,627;False;1,121;0
Euro Stoxx 50;Indici;EMA 20/50;Long+Short;3;768;47,786;-0,18;-2,627;564;50,0;-0,077;-1,363;0,894;-6,457;-2,627;False;3,158;0
Euro Stoxx 50;Indici;Breakout Donchian 20;Long+Short;3;768;46,615;-0,186;-2,63;564;46,809;-0,157;-1,955;0,796;-13,109;-2,63;False;3,1;0
DAX;Indici;Momentum 60g + filtro VIX;Solo long;1;1443;50,797;-0,033;-1,164;1061;51,367;-0,05;-2,635;0,825;-7,876;-2,635;False;1,334;0
S&P 500;Indici;ADX>25 + direzione DI;Long+Short;5;156;46,795;-0,366;-2,642;130;49,231;-0,253;-1,141;0,792;-4,878;-2,642;False;4,023;0
EUR/CHF;Valute;Momentum 10g;Long+Short;5;480;45,208;-0,011;-0,271;350;44,571;-0,096;-2,644;0,688;-4,994;-2,644;False;1,302;0
S&P 500;Indici;Momentum 60g;Long+Short;1;2316;49,525;-0,029;-2,646;1692;50,532;-0,037;-2,091;0,894;-9,325;-2,646;False;1,332;0
GBP/USD;Valute;Prezzo vs SMA200 + filtro VIX;Solo short;1;1035;47,826;-0,027;-1,902;463;44,276;-0,069;-2,647;0,711;-4,705;-2,647;False;1,172;0
S&P 500;Indici;EMA 20/50;Solo long;1;1868;50,964;-0,011;-2,655;1317;51,025;-0,027;-2,49;0,906;-5,198;-2,655;False;1,171;0
Euro Stoxx 50;Indici;ADX>25 + direzione DI;Long+Short;1;724;48,066;-0,076;-1,871;477;45,702;-0,166;-2,655;0,672;-11,716;-2,655;False;1,905;0
GBP/USD;Valute;Momentum 120g;Long+Short;1;2403;46,775;-0,016;-1,48;1754;46,978;-0,034;-2,657;0,84;-8,948;-2,657;False;1,106;0
DAX;Indici;Momentum 60g + filtro VIX;Long+Short;3;672;46,726;-0,148;-2,659;470;49,362;-0,063;-1,587;0,896;-4,363;-2,659;False;2,809;0
GBP/USD;Valute;Acquisto su picco VIX;Long+Short;5;73;38,356;-0,48;-2,661;56;41,071;-0,216;-0,866;0,714;-1,796;-2,661;False;2,334;0
GBP/USD;Valute;Acquisto su picco VIX;Solo long;5;73;38,356;-0,48;-2,661;56;41,071;-0,216;-0,866;0,714;-1,796;-2,661;False;2,334;0
Nasdaq 100;Indici;Momentum 120g;Long+Short;1;2316;51,813;-0,025;-2,48;1692;52,069;-0,055;-2,664;0,883;-13,778;-2,664;False;1,633;0
Nasdaq 100;Indici;SMA200 + Momentum20 concordi;Solo long;1;1479;52,806;-0,016;-2,671;1003;54,237;-0,006;-1,628;0,984;-0,819;-2,671;False;1,312;0
S&P 500;Indici;ADX>20 + direzione DI;Long+Short;1;1263;46,318;-0,063;-2,671;967;48,914;-0,065;-1,98;0,834;-9,333;-2,671;False;1,377;0
Oro;Commodities;Prezzo vs SMA20;Solo long;1;1183;44,463;-0,041;-1,272;995;49,045;-0,081;-2,676;0,818;-11,968;-2,676;False;1,59;0
S&P 500;Indici;EMA 10/30;Long+Short;3;772;49,87;-0,087;-2,676;564;52,66;0,022;-0,522;1,034;1,87;-2,676;False;2,525;0
Nasdaq 100;Indici;Breakout Donchian 20;Long+Short;20;116;50,862;-0,54;-2,678;84;55,952;-0,091;-1,111;0,964;-1,136;-2,678;False;9,027;0
Nasdaq 100;Indici;Prezzo vs SMA200;Long+Short;3;772;54,145;-0,045;-2,679;564;56,738;0,118;-0,078;1,141;9,833;-2,679;False;3,178;0
Nasdaq 100;Indici;Breakout Donchian 20;Long+Short;10;232;48,276;-0,305;-2,681;168;55,952;-0,047;-1,164;0,971;-1,164;-2,681;False;6,086;0
Oro;Commodities;Momentum 20g;Solo short;1;1163;44,798;-0,034;-1,717;679;42,415;-0,125;-2,682;0,715;-12,537;-2,682;False;1,434;0
EUR/USD;Valute;Momentum 10g;Solo long;1;1162;45,267;-0,05;-2,683;868;45,622;-0,023;-1,536;0,88;-2,909;-2,683;False;1,067;0
EUR/CHF;Valute;Prezzo vs SMA20;Solo short;1;1329;41,986;-0,019;-1,519;984;47,459;-0,019;-2,684;0,844;-2,791;-2,684;False;0,664;0
EUR/CHF;Valute;EMA 50/200;Solo short;1;1695;45,251;-0,009;-1,183;1389;48,596;-0,016;-2,687;0,875;-3,293;-2,687;False;0,716;0
EUR/CHF;Valute;Prezzo vs SMA200 + filtro VIX;Solo short;1;1226;44,127;-0,017;-2,397;919;47,661;-0,018;-2,691;0,846;-2,495;-2,691;False;0,678;0
Euro Stoxx 50;Indici;ADX>20 + direzione DI;Long+Short;1;1278;47,105;-0,079;-2,692;753;46,481;-0,084;-1,804;0,815;-9,377;-2,692;False;1,729;0
Euro Stoxx 50;Indici;Momentum 60g;Solo long;1;1366;49,707;-0,046;-1,989;1115;50,673;-0,044;-2,695;0,864;-7,307;-2,695;False;1,419;0
Oro;Commodities;EMA 50/200 + filtro VIX;Solo short;1;845;47,929;-0,025;-1,134;277;43,321;-0,172;-2,697;0,608;-7,056;-2,697;False;1,411;0
EUR/USD;Valute;Prezzo vs SMA20;Solo short;1;1253;46,129;-0,035;-2,699;892;48,094;-0,02;-1,198;0,888;-2,624;-2,699;False;1,062;0
EUR/CHF;Valute;Prezzo vs SMA100;Solo short;1;1463;43,677;-0,014;-1,37;1065;47,981;-0,019;-2,711;0,851;-2,983;-2,711;False;0,699;0
Bitcoin;Cripto;Momentum 5g;Long+Short;1;1732;47,286;0,104;0,823;2462;43,623;-0,16;-2,715;0,858;-58,49;-2,715;False;4,743;0
Nasdaq 100;Indici;ADX>20 + direzione DI;Long+Short;1;1222;48,773;-0,068;-2,716;1002;50,499;-0,044;-1,198;0,913;-6,533;-2,716;False;1,71;0
EUR/USD;Valute;EMA 10/30;Long+Short;1;2403;47,233;-0,03;-2,718;1754;46,237;-0,015;-1,377;0,915;-3,956;-2,718;False;1,057;0
USD/JPY;Valute;Momentum 5g;Long+Short;1;2399;46,436;-0,031;-2,722;1753;48,659;-0,014;-1,244;0,936;-3,561;-2,722;False;1,156;0
Oro;Commodities;EMA 50/200 + filtro VIX;Long+Short;1;1936;46,229;-0,038;-1,993;1360;49,706;-0,068;-2,723;0,833;-13,686;-2,723;False;1,46;0
EUR/CHF;Valute;Prezzo vs SMA200;Solo short;1;1459;44,757;-0,009;-1,076;1231;47,604;-0,018;-2,724;0,861;-3,281;-2,724;False;0,732;0
GBP/USD;Valute;Breakout Donchian 20;Long+Short;1;2403;46,983;-0,03;-2,724;1754;48,917;-0,016;-1,28;0,92;-4,286;-2,724;False;1,077;0
Euro Stoxx 50;Indici;EMA 10/30;Long+Short;20;116;41,379;-1,112;-2,724;83;51,807;0,542;0,473;1,375;6,678;-2,724;False;7,739;0
Nasdaq 100;Indici;EMA 50/200 + filtro VIX;Solo short;3;28;17,857;-0,815;-2,726;71;42,254;-0,128;0,215;0,903;-1,351;-2,726;False;4,332;0
Argento;Commodities;Reversione RSI2 nel trend SMA200;Solo short;5;66;42,424;-1,124;-2,73;23;30,435;-1,317;-1,116;0,476;-4,492;-2,73;False;6,73;0
GBP/USD;Valute;EMA 10/30;Long+Short;1;2403;46,9;-0,03;-2,731;1754;47,605;-0,02;-1,525;0,905;-5,143;-2,731;False;1,087;0
GBP/USD;Valute;EMA 50/200 + filtro VIX;Long+Short;1;2002;47,502;-0,021;-1,928;1407;47,05;-0,035;-2,732;0,827;-7,223;-2,732;False;1,066;0
EUR/USD;Valute;Momentum 10g;Long+Short;10;241;44,398;-0,275;-2,741;174;50,0;-0,068;-0,601;0,886;-1,759;-2,741;False;2,704;0
S&P 500;Indici;EMA 50/200 + filtro VIX;Solo long;1;1791;50,754;-0,01;-2,743;1154;51,213;-0,021;-2,326;0,917;-3,638;-2,743;False;1,105;0
Argento;Commodities;ADX>25 + direzione DI;Solo short;5;112;45,536;-0,117;-0,259;47;31,915;-2,307;-2,745;0,304;-16,077;-2,745;False;7,171;0
S&P 500;Indici;Momentum 120g;Solo long;1;1917;51,226;-0,001;-2,078;1286;50,778;-0,031;-2,749;0,89;-5,836;-2,749;False;1,172;0
Oro;Commodities;EMA 50/200;Solo short;1;1064;48,12;-0,028;-1,378;298;42,953;-0,17;-2,75;0,615;-7,504;-2,75;False;1,416;0
Euro Stoxx 50;Indici;EMA 20/50;Solo long;1;1418;49,154;-0,063;-2,753;1186;51,602;-0,018;-1,654;0,943;-3,151;-2,753;False;1,453;0
Oro;Commodities;Prezzo vs SMA200;Long+Short;1;2313;46,39;-0,048;-2,662;1695;49,912;-0,066;-2,753;0,846;-16,625;-2,753;False;1,544;0
S&P 500;Indici;Breakout Donchian 55;Solo long;1;1807;51,024;-0,014;-2,759;1290;51,085;-0,023;-2,303;0,918;-4,405;-2,759;False;1,167;0
Argento;Commodities;EMA 20/50;Long+Short;1;2313;39,343;-0,075;-2,76;1695;40,0;-0,099;-1,958;0,844;-24,811;-2,76;False;2,179;0
GBP/USD;Valute;Breakout Donchian 55 + filtro VIX;Long+Short;1;2002;46,354;-0,031;-2,776;1407;47,335;-0,034;-2,685;0,828;-7,177;-2,776;False;1,069;0
Nasdaq 100;Indici;Prezzo vs SMA50;Long+Short;10;232;50,0;-0,296;-2,776;168;57,738;0,206;-0,477;1,14;5,13;-2,776;False;6,011;0
S&P 500;Indici;Momentum 5g;Long+Short;3;772;50,259;-0,12;-2,777;563;47,602;-0,142;-2,086;0,807;-11,882;-2,777;False;2,499;0
EUR/CHF;Valute;Momentum 10g;Long+Short;3;798;45,113;-0,031;-1,011;584;46,404;-0,06;-2,777;0,737;-5,171;-2,777;False;1,022;0
EUR/CHF;Valute;Momentum 120g + filtro VIX;Solo short;1;1218;43,678;-0,021;-2,781;873;48,339;-0,015;-2,263;0,874;-1,894;-2,781;False;0,678;0
S&P 500;Indici;ADX>20 + direzione DI;Solo long;1;705;50,071;-0,025;-2,785;568;51,408;-0,041;-2,294;0,84;-3,48;-2,785;False;0,982;0
S&P 500;Indici;Momentum 20g;Solo long;1;1567;50,798;-0,014;-2,785;1151;50,999;-0,016;-1,899;0,94;-2,717;-2,785;False;1,099;0
S&P 500;Indici;Prezzo vs SMA20;Long+Short;3;772;49,741;-0,106;-2,787;564;54,433;0,03;-0,196;1,046;2,547;-2,787;False;2,493;0
EUR/USD;Valute;Momentum 10g;Long+Short;3;801;45,318;-0,089;-2,788;584;49,486;-0,024;-0,694;0,926;-2,098;-2,788;False;1,618;0
Nasdaq 100;Indici;Prezzo vs SMA50;Long+Short;20;116;51,724;-0,536;-2,792;84;54,762;-0,16;-1,532;0,938;-1,994;-2,792;False;9,159;0
EUR/USD;Valute;Prezzo vs SMA20;Long+Short;3;801;45,443;-0,09;-2,792;584;49,829;-0,033;-0,971;0,898;-2,819;-2,792;False;1,619;0
DAX;Indici;Breakout Donchian 55;Solo long;1;1565;50,415;-0,034;-1,194;1189;51,135;-0,054;-2,792;0,823;-9,446;-2,792;False;1,395;0
S&P 500;Indici;EMA 50/200;Long+Short;1;2316;50,0;-0,025;-2,793;1692;50,709;-0,033;-2,049;0,904;-8,397;-2,793;False;1,339;0
Nasdaq 100;Indici;Breakout Donchian 20;Solo long;1;1574;52,224;-0,018;-2,793;1144;53,322;-0,008;-1,674;0,977;-1,437;-2,793;False;1,408;0
DAX;Indici;Breakout Donchian 20;Long+Short;1;2331;49,936;-0,017;-0,791;1716;48,193;-0,061;-2,794;0,828;-15,435;-2,794;False;1,491;0
Argento;Commodities;Reversione RSI2 nel trend SMA200;Long+Short;3;116;39,655;-0,629;-2,795;77;45,455;-0,432;-1,317;0,695;-4,938;-2,795;False;5,139;0
S&P 500;Indici;Prezzo vs SMA20;Long+Short;40;58;48,276;-0,752;-2,08;42;52,381;-1,517;-2,809;0,532;-9,45;-2,809;False;10,886;0
Nasdaq 100;Indici;EMA 20/50;Solo long;1;1832;52,784;-0,019;-2,811;1267;53,354;-0,029;-2,492;0,924;-5,515;-2,811;False;1,444;0
EUR/USD;Valute;Prezzo vs SMA20;Solo long;1;1150;45,652;-0,052;-2,813;862;45,244;-0,016;-1,112;0,913;-2,064;-2,813;False;1,074;0
GBP/USD;Valute;Momentum 120g + filtro VIX;Long+Short;1;2002;46,204;-0,021;-1,82;1407;47,05;-0,036;-2,814;0,821;-7,501;-2,814;False;1,069;0
Euro Stoxx 50;Indici;Breakout Donchian 20;Long+Short;1;2302;47,394;-0,062;-2,814;1695;47,729;-0,072;-2,786;0,824;-17,989;-2,814;False;1,61;0
DAX;Indici;Breakout Donchian 55 + filtro VIX;Solo long;1;1454;50,413;-0,039;-1,452;1067;51,078;-0,055;-2,815;0,814;-8,635;-2,815;False;1,344;0
S&P 500;Indici;EMA 20/50;Long+Short;1;2316;49,266;-0,03;-2,819;1692;49,645;-0,048;-2,601;0,865;-12,098;-2,819;False;1,328;0
DAX;Indici;Momentum 5g;Long+Short;3;777;46,847;-0,192;-2,825;572;46,853;-0,005;-0,249;0,993;-0,406;-2,825;False;3,016;0
S&P 500;Indici;Momentum 120g;Long+Short;1;2316;49,914;-0,014;-1,952;1692;48,936;-0,054;-2,828;0,849;-13,65;-2,828;False;1,32;0
Nasdaq 100;Indici;EMA 50/200 + filtro VIX;Long+Short;1;1938;52,219;-0,019;-2,829;1357;53,427;-0,02;-1,768;0,949;-4,027;-2,829;False;1,443;0
Oro;Commodities;Breakout Donchian 55 + filtro VIX;Long+Short;3;666;46,246;-0,169;-2,829;463;49,892;0,058;-0,085;1,09;3,996;-2,829;False;2,642;0
GBP/USD;Valute;Acquisto su picco VIX;Long+Short;3;102;35,294;-0,337;-2,83;84;34,524;-0,18;-1,152;0,67;-2,236;-2,83;False;1,98;0
GBP/USD;Valute;Acquisto su picco VIX;Solo long;3;102;35,294;-0,337;-2,83;84;34,524;-0,18;-1,152;0,67;-2,236;-2,83;False;1,98;0
Nasdaq 100;Indici;Momentum 60g + filtro VIX;Solo long;1;1634;52,264;-0,018;-2,831;1119;53,709;-0,013;-1,907;0,963;-2,2;-2,831;False;1,35;0
Oro;Commodities;ADX>20 + direzione DI;Long+Short;1;1376;45,422;-0,044;-1,761;1139;46,883;-0,098;-2,831;0,792;-16,536;-2,831;False;1,676;0
Oro;Commodities;Prezzo vs SMA50;Long+Short;1;2313;44,574;-0,05;-2,833;1695;48,378;-0,06;-2,351;0,859;-15,127;-2,833;False;1,516;0
EUR/CHF;Valute;Breakout Donchian 55 + filtro VIX;Long+Short;40;58;62,069;0,207;0,137;41;34,146;-0,661;-2,835;0,358;-4,021;-2,835;False;4,009;0
Oro;Commodities;EMA 20/50;Long+Short;1;2313;45,093;-0,051;-2,836;1695;50,324;-0,054;-2,21;0,872;-13,641;-2,836;False;1,516;0
S&P 500;Indici;Prezzo vs SMA50;Long+Short;5;464;52,802;-0,15;-2,842;337;52,226;-0,056;-1,366;0,937;-2,802;-2,842;False;3,467;0
DAX;Indici;Momentum 5g;Long+Short;5;467;47,752;-0,321;-2,845;342;49,123;0,006;-0,155;1,007;0,314;-2,845;False;4,071;0
Oro;Commodities;Momentum 10g;Solo short;1;1106;45,118;-0,028;-1,442;726;42,424;-0,129;-2,846;0,711;-13,889;-2,846;False;1,492;0
EUR/CHF;Valute;Momentum 20g;Solo short;1;1297;44,333;-0,02;-2,322;965;47,254;-0,021;-2,848;0,831;-2,987;-2,848;False;0,667;0
Euro Stoxx 50;Indici;Momentum 5g;Solo long;1;1294;47,991;-0,071;-2,855;974;49,384;0,006;-0,564;1,02;0,922;-2,855;False;1,419;0
Nasdaq 100;Indici;EMA 50/200;Long+Short;1;2316;52,245;-0,026;-2,857;1692;53,132;-0,009;-1,197;0,979;-2,355;-2,857;False;1,643;0
Nasdaq 100;Indici;Prezzo vs SMA200;Solo long;1;2015;52,556;-0,02;-2,862;1360;54,191;-0,002;-1,559;0,995;-0,345;-2,862;False;1,451;0
Nasdaq 100;Indici;Prezzo vs SMA50;Solo long;1;1698;52,297;-0,018;-2,862;1172;53,498;-0,007;-1,707;0,981;-1,157;-2,862;False;1,371;0
Nasdaq 100;Indici;Breakout Donchian 55;Solo long;1;1851;52,728;-0,021;-2,864;1216;53,865;-0,017;-1,99;0,956;-3,04;-2,864;False;1,454;0
Nasdaq 100;Indici;Breakout Donchian 55 + filtro VIX;Long+Short;1;1938;51,187;-0,026;-2,877;1357;52,837;-0,025;-1,843;0,937;-4,998;-2,877;False;1,403;0
S&P 500;Indici;Breakout Donchian 55 + filtro VIX;Long+Short;3;667;53,523;-0,054;-2,882;463;56,371;0,085;-0,223;1,164;5,834;-2,882;False;2,195;0
Oro;Commodities;Reversione RSI2;Solo short;1;339;40,708;-0,098;-2,884;288;47,569;0,062;1,053;1,159;2,64;-2,884;False;1,485;0
GBP/USD;Valute;EMA 50/200;Long+Short;1;2403;47,815;-0,019;-1,855;1754;46,579;-0,037;-2,887;0,829;-9,646;-2,887;False;1,106;0
GBP/USD;Valute;Breakout Donchian 55;Long+Short;1;2403;46,983;-0,031;-2,892;1754;47,149;-0,031;-2,358;0,857;-7,936;-2,892;False;1,103;0
Gas naturale;Commodities;Acquisto su picco VIX;Long+Short;1;238;42,857;-0,6;-2,894;196;46,939;-0,17;-0,276;0,91;-4,942;-2,894;False;5,863;0
Gas naturale;Commodities;Acquisto su picco VIX;Solo long;1;238;42,857;-0,6;-2,894;196;46,939;-0,17;-0,276;0,91;-4,942;-2,894;False;5,863;0
S&P 500;Indici;Momentum 5g;Long+Short;40;58;51,724;0,162;-0,046;42;45,238;-1,687;-2,896;0,493;-10,509;-2,896;False;11,842;0
EUR/CHF;Valute;EMA 20/50;Long+Short;1;2403;44,07;-0,021;-2,001;1754;47,377;-0,021;-2,906;0,839;-5,351;-2,906;False;0,704;0
S&P 500;Indici;Momentum 20g;Long+Short;1;2316;48,532;-0,039;-2,909;1692;49,468;-0,034;-1,815;0,902;-8,612;-2,909;False;1,307;0
EUR/CHF;Valute;Breakout Donchian 55;Long+Short;5;481;45,946;-0,004;-0,397;350;48,286;-0,093;-2,917;0,69;-4,826;-2,917;False;1,388;0
Oro;Commodities;SMA200 + Momentum20 concordi;Long+Short;1;1498;46,595;-0,047;-2,023;1153;48,829;-0,092;-2,921;0,799;-15,773;-2,921;False;1,602;0
Oro;Commodities;Momentum 5g;Long+Short;1;2310;45,108;-0,03;-1,653;1694;46,517;-0,077;-2,921;0,823;-19,433;-2,921;False;1,53;0
Nasdaq 100;Indici;Breakout Donchian 20;Long+Short;1;2316;49,439;-0,042;-2,923;1692;50,65;-0,041;-1,858;0,911;-10,276;-2,923;False;1,608;0
Nasdaq 100;Indici;Momentum 60g;Solo long;1;1808;52,434;-0,021;-2,925;1212;53,795;-0,013;-1,873;0,965;-2,34;-2,925;False;1,41;0
S&P 500;Indici;EMA 50/200 + filtro VIX;Long+Short;1;1938;49,794;-0,018;-2,925;1357;50,405;-0,029;-2,294;0,898;-5,908;-2,925;False;1,142;0
Nasdaq 100;Indici;EMA 20/50;Long+Short;3;772;51,166;-0,086;-2,929;564;54,255;0,012;-0,892;1,014;1,039;-2,929;False;3,184;0
DAX;Indici;SMA200 + Momentum20 concordi;Solo long;1;1141;50,307;-0,033;-1,176;926;51,296;-0,06;-2,935;0,789;-8,259;-2,935;False;1,279;0
Nasdaq 100;Indici;SMA200 + Momentum20 concordi;Long+Short;1;1688;51,836;-0,036;-2,939;1233;53,366;-0,022;-1,366;0,95;-3,953;-2,939;False;1,573;0
EUR/CHF;Valute;Breakout Donchian 55 + filtro VIX;Solo short;1;1323;43,764;-0,019;-2,939;807;46,592;-0,02;-2,678;0,834;-2,358;-2,939;False;0,649;0
DAX;Indici;EMA 50/200 + filtro VIX;Long+Short;1;1946;48,047;-0,062;-2,94;1377;51,997;-0,03;-1,755;0,897;-6,18;-2,94;False;1,395;0
GBP/USD;Valute;Prezzo vs SMA200 + filtro VIX;Long+Short;1;2002;47,153;-0,02;-1,726;1407;46,837;-0,037;-2,941;0,815;-7,799;-2,941;False;1,066;0
DAX;Indici;Breakout Donchian 55 + filtro VIX;Solo short;1;492;45,325;-0,074;-1,899;310;39,677;-0,156;-2,946;0,619;-7,183;-2,946;False;1,488;0
Euro Stoxx 50;Indici;Momentum 60g;Long+Short;1;2302;48,262;-0,056;-2,531;1695;48,319;-0,072;-2,951;0,824;-18,022;-2,951;False;1,625;0
FTSE MIB;Indici;Momentum 5g;Long+Short;1;2336;47,003;-0,084;-2,955;1713;50,263;0,015;0,586;1,041;3,833;-2,955;False;1,776;0
S&P 500;Indici;Momentum 5g;Long+Short;1;2315;47,862;-0,044;-2,942;1692;46,927;-0,065;-2,956;0,822;-16,321;-2,956;False;1,314;0
Euro Stoxx 50;Indici;Breakout Donchian 20;Long+Short;10;231;40,693;-0,626;-2,957;168;44,048;-0,442;-1,68;0,713;-11,02;-2,957;False;5,879;0
Euro Stoxx 50;Indici;Prezzo vs SMA100;Long+Short;1;2302;48,089;-0,065;-2,965;1695;48,791;-0,05;-2,173;0,875;-12,461;-2,965;False;1,618;0
Oro;Commodities;ADX>25 + direzione DI;Long+Short;1;869;45,57;-0,078;-2,524;776;46,263;-0,133;-2,967;0,741;-15,352;-2,967;False;1,8;0
Nasdaq 100;Indici;Prezzo vs SMA100;Solo long;1;1857;52,396;-0,021;-2,968;1282;53,744;-0,022;-2,306;0,941;-4,208;-2,968;False;1,418;0
EUR/CHF;Valute;Momentum 120g;Solo short;1;1448;44,682;-0,01;-1,127;1166;47,684;-0,02;-2,973;0,844;-3,433;-2,973;False;0,724;0
DAX;Indici;Momentum 5g;Long+Short;1;2331;46,675;-0,062;-2,977;1716;48,193;-0,039;-1,813;0,886;-9,963;-2,977;False;1,508;0
S&P 500;Indici;Prezzo vs SMA200;Solo long;1;2006;50,947;-0,014;-2,978;1338;51,57;-0,022;-2,347;0,919;-4,418;-2,978;False;1,167;0
Oro;Commodities;Prezzo vs SMA20;Solo short;1;1130;45,31;-0,011;-0,811;700;41,857;-0,139;-2,984;0,696;-14,396;-2,984;False;1,484;0
EUR/CHF;Valute;Breakout Donchian 55;Long+Short;20;121;52,893;-0,025;-0,482;86;39,535;-0,343;-2,987;0,46;-4,379;-2,987;False;2,842;0
S&P 500;Indici;Momentum 10g;Long+Short;40;58;48,276;-0,49;-1,156;42;47,619;-1,647;-2,995;0,502;-10,261;-2,995;False;9,81;0
Nasdaq 100;Indici;EMA 10/30;Long+Short;3;772;50,518;-0,107;-3,009;564;53,546;0,016;-0,69;1,018;1,318;-3,009;False;3,119;0
Petrolio WTI;Commodities;Breakout Donchian 55 + filtro VIX;Long+Short;1;1936;49,535;-0,026;-0,524;1357;46,647;-0,181;-3,023;0,805;-36,492;-3,023;False;3,257;0
Nasdaq 100;Indici;Prezzo vs SMA50;Long+Short;1;2316;49,957;-0,041;-3,025;1692;51,123;-0,038;-1,794;0,918;-9,469;-3,025;False;1,613;0
Argento;Commodities;Breakout Donchian 55;Long+Short;1;2313;38,176;-0,088;-3,026;1695;40,295;-0,086;-1,637;0,862;-21,716;-3,026;False;2,187;0
S&P 500;Indici;EMA 10/30;Solo long;1;1666;50,3;-0,017;-3,028;1242;50,725;-0,019;-2,132;0,929;-3,538;-3,028;False;1,124;0
Bitcoin;Cripto;Reversione RSI2;Solo short;1;319;41,693;-0,917;-3,03;373;46,649;-0,468;-2,084;0,626;-25,898;-3,03;False;6,323;0
Nasdaq 100;Indici;Prezzo vs SMA200 + filtro VIX;Solo short;3;61;29,508;-0,873;-3,032;59;44,068;-0,142;0,147;0,903;-1,243;-3,032;False;4,323;0
Ethereum;Cripto;Reversione RSI2;Solo short;1;59;57,627;-0,369;-0,546;359;44,29;-0,821;-3,035;0,547;-43,69;-3,035;False;6,849;0
Nasdaq 100;Indici;ADX>20 + direzione DI;Long+Short;3;426;46,714;-0,227;-3,035;344;51,453;0,072;0,262;1,08;3,654;-3,035;False;3,361;0
Nasdaq 100;Indici;Breakout Donchian 20;Long+Short;3;772;48,964;-0,131;-3,051;564;54,787;0,079;0,062;1,093;6,597;-3,051;False;3,017;0
DAX;Indici;EMA 50/200;Long+Short;1;2331;48,563;-0,066;-3,067;1716;51,107;-0,041;-2,091;0,88;-10,5;-3,067;False;1,579;0
Argento;Commodities;ADX>20 + direzione DI;Long+Short;1;1394;40,1;-0,067;-1,881;896;39,174;-0,239;-3,072;0,69;-31,814;-3,072;False;2,375;0
Nasdaq 100;Indici;EMA 10/30;Solo long;1;1716;52,04;-0,023;-3,073;1190;53,193;-0,012;-1,931;0,965;-2,205;-3,073;False;1,409;0
USD/JPY;Valute;Acquisto su picco VIX;Long+Short;1;247;44,13;-0,116;-3,076;208;51,442;0,002;-0,383;1,009;0,073;-3,076;False;1,43;0
USD/JPY;Valute;Acquisto su picco VIX;Solo long;1;247;44,13;-0,116;-3,076;208;51,442;0,002;-0,383;1,009;0,073;-3,076;False;1,43;0
S&P 500;Indici;Breakout Donchian 55;Long+Short;1;2316;49,136;-0,036;-3,079;1692;49,586;-0,043;-2,341;0,879;-10,752;-3,079;False;1,318;0
Nasdaq 100;Indici;Prezzo vs SMA200;Solo short;3;110;35,455;-0,899;-3,086;115;47,826;-0,224;-0,051;0,852;-3,826;-3,086;False;4,693;0
Oro;Commodities;Breakout Donchian 55;Solo short;1;1042;44,242;-0,072;-3,093;451;47,672;-0,096;-1,565;0,769;-6,436;-3,093;False;1,388;0
Euro Stoxx 50;Indici;Momentum 10g;Long+Short;1;2302;47,307;-0,068;-3,099;1695;46,077;-0,048;-1,935;0,878;-12,191;-3,099;False;1,601;0
S&P 500;Indici;Prezzo vs SMA100;Long+Short;3;772;51,684;-0,092;-3,102;564;55,674;0,094;0,21;1,15;7,845;-3,102;False;2,529;0
S&P 500;Indici;Prezzo vs SMA50;Long+Short;3;772;49,482;-0,112;-3,111;564;54,787;0,034;-0,346;1,051;2,812;-3,111;False;2,545;0
Oro;Commodities;EMA 50/200;Long+Short;1;2313;46,347;-0,044;-2,419;1695;49,44;-0,074;-3,119;0,83;-18,542;-3,119;False;1,55;0
EUR/CHF;Valute;Breakout Donchian 20;Solo long;1;992;42,44;-0,035;-1,619;670;46,119;-0,049;-3,13;0,674;-4,852;-3,13;False;0,792;0
EUR/CHF;Valute;Momentum 10g;Long+Short;1;2388;42,295;-0,028;-2,432;1754;46,009;-0,023;-3,131;0,822;-6,005;-3,131;False;0,685;0
EUR/CHF;Valute;Prezzo vs SMA20;Long+Short;3;801;45,318;-0,001;-0,144;584;47,26;-0,068;-3,145;0,707;-5,855;-3,145;False;1,027;0
Argento;Commodities;Reversione RSI2 nel trend SMA200;Solo short;3;75;32,0;-0,862;-3,148;27;40,741;-0,921;-1,32;0,423;-3,689;-3,148;False;5,075;0
EUR/CHF;Valute;Momentum 60g;Long+Short;1;2394;42,774;-0,022;-2,035;1753;46,435;-0,022;-3,151;0,827;-5,803;-3,151;False;0,705;0
Nasdaq 100;Indici;Prezzo vs SMA200 + filtro VIX;Long+Short;1;1938;51,496;-0,027;-3,151;1357;53,574;-0,007;-1,379;0,982;-1,398;-3,151;False;1,412;0
Nasdaq 100;Indici;Breakout Donchian 55;Long+Short;3;772;52,073;-0,099;-3,18;564;53,546;0,037;-0,533;1,042;3,071;-3,18;False;3,191;0
S&P 500;Indici;SMA200 + Momentum20 concordi;Long+Short;1;1659;49,126;-0,039;-3,193;1269;50,591;-0,04;-2,015;0,881;-7,599;-3,193;False;1,285;0
Nasdaq 100;Indici;Prezzo vs SMA100;Long+Short;3;772;52,461;-0,097;-3,194;564;54,965;0,023;-0,827;1,027;1,954;-3,194;False;3,191;0
EUR/CHF;Valute;Momentum 120g + filtro VIX;Long+Short;1;2002;43,357;-0,023;-3,196;1406;47,368;-0,019;-2,672;0,843;-3,908;-3,196;False;0,655;0
EUR/USD;Valute;Momentum 5g;Long+Short;1;2398;46,956;-0,036;-3,207;1754;46,351;-0,026;-2,378;0,858;-6,816;-3,207;False;1,059;0
S&P 500;Indici;Prezzo vs SMA200;Long+Short;1;2316;49,611;-0,033;-3,21;1692;50,532;-0,041;-2,33;0,883;-10,35;-3,21;False;1,338;0
S&P 500;Indici;Prezzo vs SMA200 + filtro VIX;Solo long;1;1814;50,827;-0,016;-3,214;1197;51,462;-0,014;-1,935;0,947;-2,414;-3,214;False;1,093;0
S&P 500;Indici;EMA 10/30;Long+Short;1;2316;48,057;-0,042;-3,216;1692;49,113;-0,038;-2,064;0,893;-9,445;-3,216;False;1,32;0
Argento;Commodities;ADX>20 + direzione DI;Solo short;1;804;42,164;-0,072;-2,066;373;34,853;-0,289;-3,226;0,604;-15,959;-3,226;False;2,288;0
DAX;Indici;Momentum 120g + filtro VIX;Long+Short;1;1946;48,869;-0,046;-2,107;1377;50,109;-0,062;-3,227;0,801;-12,611;-3,227;False;1,391;0
Nasdaq 100;Indici;Momentum 60g;Long+Short;3;772;52,202;-0,107;-3,238;564;54,433;0,053;-0,331;1,062;4,46;-3,238;False;3,191;0
Nasdaq 100;Indici;EMA 20/50;Long+Short;1;2316;50,82;-0,041;-3,247;1692;51,182;-0,069;-3,007;0,855;-17,338;-3,247;False;1,639;0
EUR/CHF;Valute;Breakout Donchian 20;Long+Short;3;801;46,067;-0,031;-1,1;584;46,233;-0,067;-3,251;0,708;-5,825;-3,251;False;1,114;0
Nasdaq 100;Indici;Prezzo vs SMA20;Long+Short;3;772;49,352;-0,144;-3,255;564;54,965;0,085;0,186;1,101;7,141;-3,255;False;3,075;0
Nasdaq 100;Indici;Momentum 10g;Solo long;1;1470;51,701;-0,03;-3,257;1061;53,817;0,005;-1,17;1,013;0,763;-3,257;False;1,403;0
S&P 500;Indici;Momentum 60g + filtro VIX;Solo long;1;1637;50,764;-0,019;-3,264;1183;51,479;-0,019;-2,104;0,929;-3,273;-3,264;False;1,093;0
EUR/USD;Valute;Prezzo vs SMA50;Long+Short;1;2403;46,234;-0,037;-3,268;1754;46,123;-0,011;-0,984;0,939;-2,836;-3,268;False;1,061;0
EUR/CHF;Valute;Momentum 60g + filtro VIX;Solo short;1;1172;42,235;-0,025;-3,271;791;48,167;-0,013;-1,978;0,888;-1,504;-3,271;False;0,647;0
Oro;Commodities;Breakout Donchian 55 + filtro VIX;Solo short;1;903;43,411;-0,083;-3,273;388;48,196;-0,081;-1,302;0,788;-4,673;-3,273;False;1,364;0
GBP/USD;Valute;Acquisto su picco VIX;Long+Short;1;247;42,915;-0,149;-3,28;208;39,904;-0,112;-2,125;0,657;-3,445;-3,28;False;1,326;0
GBP/USD;Valute;Acquisto su picco VIX;Solo long;1;247;42,915;-0,149;-3,28;208;39,904;-0,112;-2,125;0,657;-3,445;-3,28;False;1,326;0
Nasdaq 100;Indici;Prezzo vs SMA20;Solo long;1;1546;52,199;-0,027;-3,286;1109;53,111;0,006;-1,211;1,017;0,957;-3,286;False;1,367;0
GBP/USD;Valute;Momentum 5g;Long+Short;1;2403;46,234;-0,036;-3,292;1751;47,23;-0,023;-1,735;0,892;-5,866;-3,292;False;1,108;0
Euro Stoxx 50;Indici;Momentum 60g + filtro VIX;Long+Short;1;1921;48,048;-0,071;-3,308;1359;49,154;-0,063;-3,196;0,817;-12,768;-3,308;False;1,473;0
EUR/CHF;Valute;Prezzo vs SMA200 + filtro VIX;Long+Short;1;2003;43,535;-0,018;-2,583;1407;46,411;-0,023;-3,31;0,809;-4,828;-3,31;False;0,652;0
DAX;Indici;Breakout Donchian 55;Long+Short;1;2331;49,464;-0,031;-1,397;1716;48,66;-0,071;-3,32;0,803;-17,981;-3,32;False;1,541;0
EUR/CHF;Valute;EMA 50/200;Long+Short;1;2403;45,651;-0,011;-1,298;1754;48,005;-0,021;-3,334;0,836;-5,47;-3,334;False;0,705;0
Nasdaq 100;Indici;Momentum 60g;Long+Short;1;2316;50,173;-0,044;-3,357;1692;51,537;-0,046;-2,128;0,901;-11,478;-3,357;False;1,621;0
EUR/CHF;Valute;Breakout Donchian 55;Long+Short;3;801;49,064;-0,002;-0,37;584;47,945;-0,07;-3,362;0,698;-6,063;-3,362;False;1,104;0
S&P 500;Indici;Momentum 10g;Solo long;1;1482;50,067;-0,026;-3,366;1073;50,979;-0,005;-1,297;0,981;-0,785;-3,366;False;1,113;0
S&P 500;Indici;Prezzo vs SMA100;Solo long;1;1848;50,325;-0,021;-3,379;1305;51,418;-0,017;-2,082;0,936;-3,357;-3,379;False;1,133;0
S&P 500;Indici;Prezzo vs SMA50;Solo long;1;1666;50,06;-0,022;-3,393;1226;50,734;-0,02;-2,219;0,923;-3,719;-3,393;False;1,109;0
EUR/CHF;Valute;Breakout Donchian 55 + filtro VIX;Long+Short;1;2003;44,184;-0,021;-3,112;1407;45,842;-0,025;-3,401;0,796;-5,219;-3,401;False;0,663;0
Nasdaq 100;Indici;Prezzo vs SMA50;Long+Short;3;772;50,907;-0,135;-3,408;564;54,787;0,019;-0,612;1,022;1,605;-3,408;False;3,152;0
S&P 500;Indici;Breakout Donchian 55 + filtro VIX;Solo long;1;1621;50,586;-0,022;-3,422;1182;51,1;-0,02;-2,143;0,926;-3,425;-3,422;False;1,115;0
Nasdaq 100;Indici;Breakout Donchian 55;Long+Short;1;2316;50,82;-0,044;-3,426;1692;51,596;-0,051;-2,319;0,89;-12,843;-3,426;False;1,633;0
Nasdaq 100;Indici;Prezzo vs SMA100;Long+Short;1;2316;50,389;-0,044;-3,431;1692;51,95;-0,058;-2,66;0,876;-14,591;-3,431;False;1,637;0
Oro;Commodities;Momentum 20g;Long+Short;1;2311;44,267;-0,048;-2,697;1695;46,785;-0,091;-3,459;0,794;-22,957;-3,459;False;1,531;0
EUR/CHF;Valute;Prezzo vs SMA50;Long+Short;1;2403;43,238;-0,026;-2,347;1754;46,636;-0,025;-3,46;0,806;-6,588;-3,46;False;0,696;0
DAX;Indici;Reversione RSI2;Long+Short;1;653;46,401;-0,125;-3,464;449;47,439;0,018;0,429;1,058;1,2;-3,464;False;1,387;0
Nasdaq 100;Indici;Prezzo vs SMA200;Long+Short;1;2316;51,166;-0,041;-3,466;1692;52,955;-0,025;-1,651;0,946;-6,171;-3,466;False;1,633;0
EUR/CHF;Valute;SMA200 + Momentum20 concordi;Long+Short;1;1542;43,969;-0,021;-2,05;1146;46,161;-0,029;-3,477;0,779;-4,945;-3,477;False;0,711;0
Oro;Commodities;Breakout Donchian 55;Solo long;1;1271;42,958;-0,094;-3,482;1244;52,331;-0,042;-1,831;0,902;-7,7;-3,482;False;1,66;0
Nasdaq 100;Indici;EMA 10/30;Long+Short;1;2316;49,568;-0,049;-3,487;1692;50,768;-0,045;-2,083;0,902;-11,404;-3,487;False;1,622;0
GBP/USD;Valute;Momentum 10g;Long+Short;1;2398;45,329;-0,038;-3,493;1754;47,434;-0,021;-1,591;0,901;-5,376;-3,493;False;1,096;0
Euro Stoxx 50;Indici;EMA 20/50;Long+Short;1;2302;47,524;-0,078;-3,531;1695;49,853;-0,036;-1,692;0,907;-9,079;-3,531;False;1,632;0
GBP/USD;Valute;Prezzo vs SMA20;Long+Short;1;2403;45,859;-0,039;-3,545;1754;47,377;-0,019;-1,464;0,908;-4,938;-3,545;False;1,102;0
Euro Stoxx 50;Indici;Fine/inizio mese;Long+Short;1;111;49,55;-0,032;-0,327;81;35,802;-0,321;-3,568;0,372;-3,86;-3,568;False;1,63;0
Euro Stoxx 50;Indici;Fine/inizio mese;Solo long;1;111;49,55;-0,032;-0,327;81;35,802;-0,321;-3,568;0,372;-3,86;-3,568;False;1,63;0
Euro Stoxx 50;Indici;Breakout Donchian 55 + filtro VIX;Long+Short;1;1921;47,579;-0,077;-3,569;1359;51,141;-0,011;-0,959;0,966;-2,187;-3,569;False;1,459;0
Nasdaq 100;Indici;Momentum 60g + filtro VIX;Long+Short;1;1938;50,258;-0,038;-3,586;1357;52,616;-0,023;-1,809;0,941;-4,67;-3,586;False;1,412;0
EUR/USD;Valute;Prezzo vs SMA100;Long+Short;1;2403;47,066;-0,04;-3,591;1754;46,807;-0,014;-1,277;0,921;-3,667;-3,591;False;1,075;0
EUR/CHF;Valute;Prezzo vs SMA20;Long+Short;1;2403;41,656;-0,026;-2,286;1754;46,75;-0,026;-3,594;0,799;-6,868;-3,594;False;0,688;0
Nasdaq 100;Indici;Prezzo vs SMA20;Long+Short;1;2316;49,093;-0,055;-3,596;1692;50,118;-0,023;-1,2;0,949;-5,799;-3,596;False;1,582;0
Oro;Commodities;Breakout Donchian 55 + filtro VIX;Solo long;1;1033;43,175;-0,098;-3,61;972;53,189;-0,018;-1,023;0,954;-2,602;-3,61;False;1,533;0
DAX;Indici;Momentum 60g + filtro VIX;Long+Short;1;1946;49,743;-0,039;-1,774;1377;49,165;-0,07;-3,615;0,777;-14,353;-3,615;False;1,388;0
EUR/CHF;Valute;EMA 10/30;Long+Short;1;2403;43,03;-0,027;-2,419;1754;46,978;-0,027;-3,619;0,797;-6,913;-3,619;False;0,703;0
EUR/CHF;Valute;Prezzo vs SMA200;Long+Short;1;2403;44,32;-0,014;-1,41;1754;46,408;-0,025;-3,621;0,812;-6,383;-3,621;False;0,705;0
S&P 500;Indici;Prezzo vs SMA50;Long+Short;1;2316;47,712;-0,049;-3,625;1692;49,232;-0,04;-2,13;0,888;-9,95;-3,625;False;1,319;0
EUR/CHF;Valute;Breakout Donchian 20;Solo short;1;1411;42,594;-0,019;-1,717;1084;47,694;-0,026;-3,63;0,795;-4,16;-3,63;False;0,678;0
EUR/CHF;Valute;Prezzo vs SMA100;Long+Short;1;2403;43,654;-0,02;-1,921;1754;46,807;-0,026;-3,634;0,801;-6,771;-3,634;False;0,698;0
EUR/CHF;Valute;Breakout Donchian 55;Long+Short;40;61;57,377;0,263;0,309;42;28,571;-0,799;-3,667;0,266;-4,974;-3,667;False;3,902;0
Nasdaq 100;Indici;Momentum 10g;Long+Short;1;2316;48,143;-0,058;-3,672;1692;50,768;-0,026;-1,233;0,942;-6,616;-3,672;False;1,581;0
S&P 500;Indici;Prezzo vs SMA20;Solo long;1;1558;50,449;-0,028;-3,678;1140;50,877;-0,018;-1,999;0,932;-3,009;-3,678;False;1,091;0
S&P 500;Indici;Momentum 10g;Long+Short;3;772;47,668;-0,159;-3,679;564;55,142;0,061;0,296;1,095;5,13;-3,679;False;2,502;0
Oro;Commodities;Momentum 10g;Long+Short;1;2311;44,44;-0,044;-2,466;1694;46,399;-0,099;-3,696;0,779;-24,839;-3,696;False;1,552;0
S&P 500;Indici;Momentum 10g;Long+Short;1;2316;47,409;-0,055;-3,7;1692;49,291;-0,022;-1,188;0,937;-5,444;-3,7;False;1,308;0
S&P 500;Indici;Prezzo vs SMA200 + filtro VIX;Long+Short;1;1938;49,948;-0,029;-3,701;1357;51,069;-0,015;-1,664;0,945;-3,079;-3,701;False;1,139;0
Euro Stoxx 50;Indici;Momentum 5g;Long+Short;1;2301;46,154;-0,082;-3,734;1695;46,49;-0,011;-0,547;0,97;-2,819;-3,734;False;1,599;0
S&P 500;Indici;Prezzo vs SMA100;Long+Short;1;2316;48,359;-0,046;-3,738;1692;50,236;-0,034;-1,982;0,903;-8,522;-3,738;False;1,343;0
EUR/USD;Valute;Momentum 10g;Long+Short;1;2401;45,648;-0,042;-3,746;1752;46,918;-0,024;-2,197;0,868;-6,3;-3,746;False;1,066;0
EUR/CHF;Valute;Momentum 60g + filtro VIX;Long+Short;1;1995;42,105;-0,028;-3,767;1406;46,657;-0,017;-2,379;0,854;-3,617;-3,767;False;0,661;0
S&P 500;Indici;SMA200 + Momentum20 concordi;Solo long;1;1458;50,137;-0,026;-3,777;1033;51,404;-0,017;-2,007;0,931;-2,594;-3,777;False;1,026;0
EUR/CHF;Valute;Momentum 20g;Long+Short;1;2384;43,792;-0,02;-2,209;1751;46,431;-0,028;-3,785;0,788;-7,269;-3,785;False;0,69;0
EUR/CHF;Valute;Breakout Donchian 55;Solo long;1;800;45,625;-0,026;-1,394;684;43,421;-0,055;-3,789;0,632;-5,538;-3,789;False;0,753;0
S&P 500;Indici;Momentum 60g + filtro VIX;Long+Short;1;1938;49,432;-0,036;-3,839;1357;50,847;-0,024;-2,098;0,914;-4,92;-3,839;False;1,139;0
Nasdaq 100;Indici;Momentum 10g;Long+Short;3;772;47,15;-0,194;-3,845;564;56,028;0,127;0,745;1,153;10,606;-3,845;False;3,085;0
EUR/USD;Valute;Prezzo vs SMA20;Long+Short;1;2403;45,901;-0,044;-3,889;1754;46,693;-0,018;-1,633;0,9;-4,687;-3,889;False;1,069;0
EUR/CHF;Valute;Momentum 120g;Long+Short;1;2402;44,505;-0,016;-1,508;1753;46,606;-0,027;-3,904;0,793;-7,08;-3,904;False;0,708;0
EUR/CHF;Valute;Breakout Donchian 55;Solo short;1;1603;44,666;-0,013;-1,373;1070;46,168;-0,03;-3,918;0,771;-4,763;-3,918;False;0,715;0
Argento;Commodities;ADX>25 + direzione DI;Solo short;1;479;45,72;-0,072;-1,426;191;30,89;-0,507;-3,934;0,438;-14,374;-3,934;False;2,608;0
Oro;Commodities;Prezzo vs SMA20;Long+Short;1;2313;44,877;-0,026;-1,457;1695;46,077;-0,105;-3,938;0,767;-26,365;-3,938;False;1,538;0
S&P 500;Indici;Prezzo vs SMA20;Long+Short;1;2316;47,971;-0,058;-3,955;1692;49,291;-0,037;-1,918;0,895;-9,295;-3,955;False;1,314;0
DAX;Indici;Breakout Donchian 55 + filtro VIX;Long+Short;1;1946;49,126;-0,048;-2,256;1377;48,511;-0,077;-3,969;0,758;-15,818;-3,969;False;1,39;0
DAX;Indici;Reversione RSI2;Solo short;1;411;44,282;-0,14;-4,129;281;44,484;-0,015;-0,167;0,941;-0,633;-4,129;False;1,001;0
S&P 500;Indici;Breakout Donchian 55 + filtro VIX;Long+Short;1;1938;48,865;-0,043;-4,234;1357;50,258;-0,026;-2,174;0,909;-5,233;-4,234;False;1,142;0
Oro;Commodities;Breakout Donchian 55;Long+Short;1;2313;43,537;-0,084;-4,657;1695;51,091;-0,056;-2,359;0,867;-14,135;-4,657;False;1,536;0
EUR/CHF;Valute;Breakout Donchian 20;Long+Short;1;2403;42,53;-0,025;-2,321;1754;47,092;-0,035;-4,794;0,744;-9,012;-4,794;False;0,725;0
Oro;Commodities;Breakout Donchian 55 + filtro VIX;Long+Short;1;1936;43,285;-0,091;-4,863;1360;51,765;-0,036;-1,52;0,907;-7,275;-4,863;False;1,454;0
EUR/CHF;Valute;Breakout Donchian 55;Long+Short;1;2403;44,985;-0,017;-1,756;1754;45,097;-0,04;-5,436;0,713;-10,301;-5,436;False;0,729;0
